{"type":"FeatureCollection","features":[{"type":"Feature","geometry":{"type":"Polygon","coordinates":[[[-66.84089507528059,44.614656910643355],[-66.84089309413788,44.614662674955184],[-66.84049867846977,44.615782780861814],[-66.83792372712526,44.61703218969268],[-66.8353070141241,44.61977522369289],[-66.83540246249338,44.62101657278753],[-66.83625141178364,44.62185078848886],[-66.83820884764792,44.622654674238944],[-66.84484499314117,44.61585949638582],[-66.84485753546316,44.6158504605378],[-66.84486091539269,44.615846941197056],[-66.84593415102509,44.61474047684203],[-66.8435329964857,44.61343423324084],[-66.84089507528059,44.614656910643355]]]},"properties":{"SIZE_HA":"35.90","OBJECTID":"7","SITE_NUMBER":"MF-0270","AUTHORIZATION_TYPE":"Q09","AUTHORIZATION_HOLDER":"Benson Aquaculture Ltd.","AUTHORIZATION_EXPIRY_DATE":"","SPECIES_CODE_DESCRIPTION":""},"id":7},{"type":"Feature","geometry":{"type":"Polygon","coordinates":[[[-66.72346297778786,44.721660072966074],[-66.72611743708705,44.721079741332844],[-66.72441576455392,44.71712284771242],[-66.72176159776981,44.717703138552125],[-66.72346297778786,44.721660072966074]]]},"properties":{"SIZE_HA":"10.12","OBJECTID":"9","SITE_NUMBER":"MF-0002","AUTHORIZATION_TYPE":"Q09","AUTHORIZATION_HOLDER":"Kelly Cove Salmon Ltd.","AUTHORIZATION_EXPIRY_DATE":"March 31, 2028","SPECIES_CODE_DESCRIPTION":"4: Atlantic Salmon"},"id":9},{"type":"Feature","geometry":{"type":"Polygon","coordinates":[[[-66.71601690837237,44.722251088760885],[-66.71604225040751,44.72227803232606],[-66.71605497245204,44.72230500013493],[-66.71605514251196,44.722349986896184],[-66.71604259050747,44.72236800584871],[-66.71601745246872,44.72239504639727],[-66.71601765650574,44.722449030511434],[-66.71603034456858,44.722467000971065],[-66.71605561868158,44.72247594982889],[-66.71609354687489,44.72249387178119],[-66.71618212549357,44.722556683442356],[-66.71623281001499,44.72261057049377],[-66.71624556626587,44.722646535634226],[-66.71629642117841,44.72274540941976],[-66.71630924560438,44.72279936925842],[-66.71630934776171,44.7228263613161],[-66.71636006670296,44.72288924566378],[-66.71639802933262,44.722916164866334],[-66.71649905869167,44.72293396522846],[-66.71653705550487,44.72296988173664],[-66.71653732821277,44.723041860557665],[-66.71656277312205,44.72309579606504],[-66.71665131908323,44.72314961000614],[-66.7167398310905,44.72319442652488],[-66.71676510563614,44.723203375223456],[-66.71686627217879,44.7232571646663],[-66.71690420114466,44.7232750863458],[-66.71701809067854,44.72335584336549],[-66.7171067058281,44.72342765165398],[-66.71711939445096,44.72344562199189],[-66.71718273511328,44.72350848160185],[-66.71724607591507,44.72357134117637],[-66.71729679654877,44.72363422510439],[-66.71736010339683,44.723688087262325],[-66.71739810125275,44.72372400348123],[-66.71743616761789,44.72377791439304],[-66.71749957747869,44.723858768531606],[-66.71758826252298,44.72394857114869],[-66.71762629495642,44.723993484643934],[-66.71771498040908,44.724083287161854],[-66.71781635514839,44.72419105987039],[-66.71786714555827,44.72427193824992],[-66.71790531564656,44.72435284106436],[-66.71794348584301,44.724433743866356],[-66.71795617495273,44.72445171411112],[-66.71798155319621,44.72448765459623],[-66.71801955197479,44.72452357060692],[-66.7181207907135,44.724595353631024],[-66.71822202970657,44.724667136564236],[-66.71832340643877,44.72477490881975],[-66.71833609574378,44.72479287902199],[-66.71842485232813,44.724900675691224],[-66.7185009886375,44.725008496815676],[-66.7185896082144,44.72508030394264],[-66.71861498713582,44.7251162442863],[-66.71885457244368,44.72506179371734],[-66.72194368925202,44.72429995564918],[-66.7201091842769,44.72312489963603],[-66.71874656434832,44.719924478100666],[-66.7162352861094,44.719929335542204],[-66.71558711556928,44.72206296784971],[-66.71557463135234,44.72209898145414],[-66.71558725132176,44.72209895725878],[-66.71571355288916,44.72212570728413],[-66.71575144677884,44.72213463199935],[-66.7158146825605,44.722170500318],[-66.71587791842146,44.72220636860128],[-66.71590322638332,44.722224314845484],[-66.71594108637386,44.72222424214448],[-66.71601690837237,44.722251088760885]]]},"properties":{"SIZE_HA":"11.79","OBJECTID":"11","SITE_NUMBER":"MF-0350","AUTHORIZATION_TYPE":"Q09","AUTHORIZATION_HOLDER":"MOWI Canada East Inc.","AUTHORIZATION_EXPIRY_DATE":"March 31, 2030","SPECIES_CODE_DESCRIPTION":"4: Atlantic Salmon"},"id":11},{"type":"Feature","geometry":{"type":"Polygon","coordinates":[[[-66.66231855018033,45.06396857833537],[-66.66649845547,45.06927108228476],[-66.6742470246095,45.06619118956058],[-66.67005392679881,45.06088899293387],[-66.66231855018033,45.06396857833537]]]},"properties":{"SIZE_HA":"47.25","OBJECTID":"21","SITE_NUMBER":"MF-0496","AUTHORIZATION_TYPE":"Q09","AUTHORIZATION_HOLDER":"Kelly Cove Salmon Ltd.","AUTHORIZATION_EXPIRY_DATE":"March 31, 2031","SPECIES_CODE_DESCRIPTION":"4: Atlantic Salmon"},"id":21},{"type":"Feature","geometry":{"type":"Polygon","coordinates":[[[-66.85521366677708,45.054312453439046],[-66.85526449813494,45.0543212909886],[-66.85527719187384,45.054321251003536],[-66.85536604804527,45.054320971068435],[-66.85544221047707,45.05432073106833],[-66.85549292898453,45.05431157356462],[-66.85551826000687,45.0543024960667],[-66.8555562282968,45.054284381071625],[-66.85558155929674,45.0542753035595],[-66.85559419656248,45.05426626606384],[-66.85564468911416,45.054221118592125],[-66.85567002007166,45.054212041060296],[-66.85569512510709,45.05416697362313],[-66.85568231845039,45.05414901870542],[-66.85568214902135,45.05412202628083],[-66.85566934237893,45.05410407136153],[-66.8556436161783,45.05405016656896],[-66.85563080956447,45.05403221164543],[-66.85559238977164,45.05397834686597],[-66.85557941381089,45.05393339951192],[-66.85559182515418,45.0538883721173],[-66.85559165576937,45.05386137969283],[-66.85562945433794,45.053816272249506],[-66.85564203502426,45.05379823727404],[-66.85566736579334,45.053789159743225],[-66.85571802730713,45.05377100466449],[-66.85574335805184,45.05376192711666],[-66.85576868878847,45.053752849563125],[-66.85581946323231,45.053752689388276],[-66.85584479395257,45.053743611817666],[-66.85588287477903,45.053743491663006],[-66.85594639934052,45.05375228885117],[-66.8560226175342,45.05376104593482],[-66.85609889229323,45.05377880044135],[-66.85613702969059,45.05378767767523],[-66.85617522365408,45.05380555237058],[-66.85622616783017,45.053832384435744],[-66.85623891802287,45.05384134181702],[-66.856277168625,45.053868213952086],[-66.85632816948424,45.05390404344538],[-66.85635372652072,45.05393095565768],[-66.85640472748486,45.05396678511629],[-66.85644303484719,45.054002654669354],[-66.85646864858383,45.0540385643298],[-66.85648151206755,45.05406551663213],[-66.85648162527391,45.0540835115806],[-66.85649437556346,45.05409246893298],[-66.85653268306766,45.05412833845557],[-66.85655818368718,45.05414625314723],[-66.85662187868074,45.05418204237697],[-66.85663462901475,45.05419099971337],[-66.85668574366221,45.0542448239931],[-66.85802348971455,45.05300790688665],[-66.8592299680678,45.051096568104555],[-66.85667351887474,45.0502858955543],[-66.85360286304419,45.05045752252141],[-66.853615668205,45.05047547767458],[-66.85360303146673,45.05048451494628],[-66.85359045086331,45.050502549691565],[-66.85357775797804,45.05050258948546],[-66.85353973545294,45.05051170633361],[-66.85350171291567,45.05052082316898],[-66.85348902002623,45.05052086295289],[-66.8534763271367,45.050520902735386],[-66.85345105359137,45.050538977246234],[-66.85342572391704,45.050548054276405],[-66.85338786965734,45.05058416349887],[-66.8533754011732,45.050620193170715],[-66.8533629326733,45.050656222841226],[-66.85333777122958,45.05069229227745],[-66.85332541488425,45.05074631689454],[-66.8533256392732,45.05078230679572],[-66.85331317070623,45.05081833646105],[-66.85331345118327,45.05086332383763],[-66.85330092649735,45.05089035602658],[-66.85328840179959,45.05091738821406],[-66.85328868225768,45.05096237559093],[-66.85328873834936,45.05097137306633],[-66.85328890662456,45.05099836549247],[-66.85328918708363,45.0510433528695],[-66.8533019922781,45.0510613080588],[-66.85332765878955,45.05110621590824],[-66.8533532692396,45.051142126276524],[-66.85336618668535,45.05117807640932],[-66.85336635499833,45.051205068835536],[-66.85336652331151,45.051232061261885],[-66.85336663552042,45.05125005621271],[-66.85337960910596,45.05129500381955],[-66.85339247049485,45.05132195647401],[-66.85339258271225,45.05133995142494],[-66.85339286325613,45.0513849388022],[-66.85340566856097,45.051402893979834],[-66.85341847387394,45.05142084915588],[-66.85345683374244,45.05146571720006],[-66.85348244443732,45.05150162753913],[-66.85352069215257,45.05152850061065],[-66.85353349753042,45.0515464557737],[-66.85353360979326,45.051564450724534],[-66.85354635904983,45.05157340841076],[-66.85354647131682,45.051591403361606],[-66.85354663971749,45.05161839578793],[-66.85358494368182,45.05165426631308],[-66.85362324769456,45.051690136825236],[-66.85364874629676,45.05170805217576],[-66.85368716269855,45.05176191761699],[-66.85375079703306,45.05178871099561],[-66.85372574766036,45.05184277547133],[-66.85371316679579,45.05186081023182],[-66.8537639957215,45.05186964846024],[-66.85378971913933,45.05192355368049],[-66.85372647777282,45.05195974265201],[-66.85370125982573,45.051986814696434],[-66.85366340478362,45.052022924014864],[-66.85367615416408,45.05203188168635],[-66.85372692707466,45.05203172245584],[-66.85379056173122,45.052058515811844],[-66.85376534377102,45.05208558787073],[-66.85370210220835,45.0521217768291],[-66.85365160997193,45.052166923426554],[-66.8536517784252,45.05219391585337],[-66.85366458399558,45.052211871001745],[-66.85366464014878,45.052220868477356],[-66.85367755803986,45.052256818575536],[-66.85370328155236,45.0523107238163],[-66.85372906127762,45.05237362652685],[-66.85375478489253,45.05242753175597],[-66.85378050855645,45.05248143697928],[-66.85379342658085,45.05251738706438],[-66.85380628844557,45.0525443396724],[-66.85384470556626,45.05259820506092],[-66.85388306657147,45.05264307296062],[-66.85390867807057,45.052678983203684],[-66.85395950776062,45.052687821343206],[-66.8540103374666,45.05269665945974],[-66.85402303084287,45.05269661961644],[-66.85409924732278,45.05270537800206],[-66.85417540759111,45.05270513886065],[-66.85422618110289,45.05270497940446],[-66.85426442998394,45.05273185222339],[-66.85426459873158,45.05275884464956],[-66.85429009801793,45.05277675985491],[-66.85431548480574,45.052776680103804],[-66.8543282907184,45.0527946351768],[-66.85434109663915,45.052812590248315],[-66.85432857201573,45.05283962255358],[-66.85427807964129,45.05288476943305],[-66.85425280530018,45.05290284412667],[-66.85425286154778,45.05291184160213],[-66.85424050559752,45.05296586632419],[-66.85422820586768,45.05302888852052],[-66.8542283745994,45.05305588094711],[-66.85422871206337,45.05310986580032],[-66.85421635604743,45.053163890520324],[-66.85422927450512,45.05319984055588],[-66.85422949948244,45.053235830458235],[-66.85420439369074,45.05328089756842],[-66.85419198137626,45.05332592481061],[-66.85415418198792,45.05337103177232],[-66.85414176961396,45.05341605900925],[-66.85412935722043,45.05346108624488],[-66.85412963836471,45.053506073623744],[-66.85412975082258,45.05352406857525],[-66.85411722594203,45.05355110085821],[-66.85411739462315,45.05357809328565],[-66.85407953878664,45.05361420274748],[-66.85409251348426,45.05365915027524],[-66.85409262593079,45.053677145227056],[-66.85405493866449,45.05374024710851],[-66.85401708268009,45.05377635654976],[-66.85404258234716,45.05379427181141],[-66.85406808203052,45.0538121870672],[-66.85409358172986,45.0538301023172],[-66.85410638781131,45.05384805741605],[-66.85411913767308,45.05385701503739],[-66.85411919390084,45.053866012513325],[-66.85413194376872,45.05387497013328],[-66.85414469364065,45.05388392775173],[-66.85417024963255,45.05391084046036],[-66.8541958618887,45.05394675063899],[-66.85422136168907,45.05396466586011],[-66.85427236133826,45.05400049628492],[-66.85427241759056,45.054009493760866],[-66.85428516751492,45.0540184513635],[-66.85434897346197,45.054072236830635],[-66.85437441709855,45.0540811545412],[-66.85445086061806,45.05412590259008],[-66.85450186055746,45.05416173291098],[-66.85457819168393,45.054188485921905],[-66.85464188547785,45.05422427627157],[-66.85466727291339,45.05422419644034],[-66.85468002294844,45.054233153998226],[-66.85469271666817,45.05423311407901],[-66.85470541038787,45.05423307415838],[-66.8547943790963,45.05425078962512],[-66.85481982288302,45.054259707235076],[-66.85484521033398,45.054259627363756],[-66.85493412276969,45.0542683452446],[-66.85494681649703,45.054268305296766],[-66.85502303523253,45.05427706305528],[-66.85506111642015,45.054276943177506],[-66.85512464145366,45.054285740828],[-66.85513733518471,45.05428570085874],[-66.85521366677708,45.054312453439046]]]},"properties":{"SIZE_HA":"14.10","OBJECTID":"22","SITE_NUMBER":"MF-0035","AUTHORIZATION_TYPE":"Q09","AUTHORIZATION_HOLDER":"Kelly Cove Salmon Ltd.","AUTHORIZATION_EXPIRY_DATE":"March 31, 2035","SPECIES_CODE_DESCRIPTION":"4: Atlantic Salmon"},"id":22},{"type":"Feature","geometry":{"type":"Polygon","coordinates":[[[-66.7192648687726,44.66751365337582],[-66.71911474379523,44.671112894667],[-66.72289771017194,44.67119542967056],[-66.72596191720302,44.67126128994922],[-66.72618887470313,44.67126083343002],[-66.72608786252641,44.67122504717332],[-66.72603724987638,44.671180162103056],[-66.72601196134733,44.671162218210696],[-66.72598653072106,44.6711082851023],[-66.72598635307997,44.67106329858947],[-66.72603643254541,44.67097322414477],[-66.72609933379489,44.67093710812875],[-66.7261242667543,44.67086507897771],[-66.72622495822817,44.67081988948066],[-66.72627521497206,44.67077480144304],[-66.72636322636096,44.67071164260242],[-66.7264513799591,44.67068447290137],[-66.72653931978509,44.670603319319945],[-66.72666522765992,44.670558078599434],[-66.72677856240306,44.670521860481685],[-66.72689178999252,44.6704586503451],[-66.72694193886052,44.67038657010726],[-66.72697962179593,44.67035050451761],[-66.72700430358056,44.67021549406756],[-66.7269914095783,44.67014354112295],[-66.72697840855903,44.670044596273776],[-66.7269529061628,44.66997266878843],[-66.72699033902448,44.66987362208967],[-66.72699012491522,44.66981963828391],[-66.72701484213711,44.669693625140056],[-66.72705238179324,44.66962157032594],[-66.72707717018977,44.66951355177232],[-66.72708963575336,44.66947753709503],[-66.72713956926695,44.66935147297457],[-66.72717707282877,44.66927042082136],[-66.72731508527362,44.669099191693334],[-66.72739041318718,44.66901806296271],[-66.72750363712787,44.66895485222303],[-66.72752860322906,44.66889182007736],[-66.72756632058667,44.66886475159758],[-66.72767943665303,44.66877454878314],[-66.72765389815689,44.66869362416686],[-66.72766629159977,44.668639614830134],[-66.72762818081308,44.6685677130478],[-66.72756481806864,44.66848686501381],[-66.72748899043108,44.668442031663055],[-66.72742587828661,44.668424164647206],[-66.7273500508409,44.66837933120282],[-66.72729951118706,44.668352441311356],[-66.72717310869203,44.668271720534136],[-66.72713510588878,44.668226810484654],[-66.72703409848039,44.668191025084944],[-66.72699606015566,44.66813711768929],[-66.7269830595907,44.66803817286052],[-66.726970308831,44.66800220912593],[-66.72700774038043,44.66790316244274],[-66.72702006288802,44.66783115858289],[-66.72704506472574,44.6677771238509],[-66.7271078547248,44.66771401538938],[-66.72717046602955,44.66760592039916],[-66.7272080041254,44.66753386555003],[-66.72723307709809,44.667497825375506],[-66.7272832586775,44.66743474230882],[-66.72729558073866,44.66736273842279],[-66.72727004341881,44.66728181372985],[-66.72726997196584,44.667263819132884],[-66.72715617977043,44.66718307284727],[-66.7271056055644,44.66714718557233],[-66.72702988712855,44.667129343811155],[-66.72690373739847,44.6671116038271],[-66.72681548255063,44.667111781971904],[-66.72671465550559,44.66712098277962],[-66.72662625814192,44.66708517158153],[-66.72656307653243,44.66704930948481],[-66.72652521745765,44.667040388427715],[-66.72648725158491,44.66700447546215],[-66.72644925016279,44.666959565185294],[-66.72642389218566,44.66692362679461],[-66.72643646438482,44.66691460409508],[-66.72642360744086,44.66685164840663],[-66.72646128838026,44.666815583005594],[-66.72647389615064,44.66681555760039],[-66.72649904048174,44.666797512188936],[-66.72653668572724,44.6667524494646],[-66.72653665011651,44.666743452166294],[-66.72651136339401,44.66672550839271],[-66.7264482534474,44.666707640828946],[-66.7263600703862,44.66672581321215],[-66.72625924394693,44.66673501361041],[-66.72617095412359,44.66672619395007],[-66.72608266432732,44.66671737422039],[-66.72601966111125,44.66672649831128],[-66.72598187338143,44.66673557166836],[-66.72589340605167,44.666681765297156],[-66.72585544081326,44.666645852118826],[-66.72580465492396,44.66655598046827],[-66.72579197622333,44.666538011201425],[-66.72576665433532,44.66651106996186],[-66.72571597514958,44.6664481901674],[-66.72569065333713,44.666421248910915],[-66.72561482990484,44.66637641430119],[-66.72552661163628,44.66638558873121],[-66.72541321341629,44.666403810967054],[-66.72531252906232,44.66644899970958],[-66.72524959683432,44.66647611796564],[-66.72519927224906,44.66650321092457],[-66.72513633990768,44.666530329117485],[-66.72512408608405,44.66662032736089],[-66.72506115357834,44.666647445512176],[-66.72501097023661,44.66671052758338],[-66.72497325308655,44.66673759519944],[-66.7249356419781,44.66679165470031],[-66.72484752899554,44.66682782049589],[-66.72473427099203,44.66688203124552],[-66.72460829905245,44.666909275180764],[-66.72452011509382,44.66692744612157],[-66.72443186051898,44.666927622394354],[-66.7244192174445,44.66691865027106],[-66.72428035542347,44.66687394061791],[-66.72424242631864,44.66684702419269],[-66.72417914074286,44.666784168856665],[-66.72414110604274,44.66673026049909],[-66.72417875310188,44.666685198563144],[-66.72416593393072,44.66663123991477],[-66.72417818926344,44.66654124177436],[-66.72416522917449,44.66645129393002],[-66.72420266457058,44.66635224819303],[-66.72425305999849,44.666343150278514],[-66.72425284849044,44.66628916648458],[-66.72430296178163,44.66620809015656],[-66.72440368178574,44.666171899617936],[-66.72441611303151,44.66612688794987],[-66.72451669165085,44.66605470811583],[-66.7246048389601,44.66602753988206],[-66.72469270362424,44.665928393191564],[-66.72475549419516,44.66586528605573],[-66.72483089217604,44.66580215366462],[-66.72491907430249,44.66578398248377],[-66.72500718563411,44.665747816637655],[-66.72509522608792,44.6656936561266],[-66.72520851680038,44.6656484423203],[-66.72527127108486,44.66557633760112],[-66.7253341668935,44.66554022203848],[-66.72538456142588,44.66553112361828],[-66.72543474332403,44.66546804138939],[-66.72551028182502,44.665440897736694],[-66.72554799786745,44.665413829945024],[-66.72556046350557,44.66537781545244],[-66.72558553657447,44.66534177565336],[-66.72554757241946,44.66530586237502],[-66.72557264546504,44.665269822579106],[-66.72552200304355,44.66521594000128],[-66.72544611046588,44.66515311068687],[-66.72539532654783,44.66506323886326],[-66.72538250659616,44.66500928036337],[-66.7253570793074,44.664955347143305],[-66.72533158122751,44.66488341932331],[-66.72529347588198,44.66481151677189],[-66.72528072690613,44.6647755528558],[-66.72529308633408,44.66471254650405],[-66.72535598118084,44.66467643093348],[-66.72536830507963,44.664604427277276],[-66.72544384247323,44.66457728367279],[-66.72550677252309,44.664550165315326],[-66.72559495250596,44.6645319936086],[-66.7256579533754,44.66452286976007],[-66.72568316790726,44.66452281912944],[-66.7256955977909,44.66447780732878],[-66.72570802765512,44.66443279552697],[-66.72577085095618,44.664378685132796],[-66.72580838870618,44.66430663077527],[-66.72583339015512,44.66425259633274],[-66.72585849806238,44.66422555377393],[-66.72565646362459,44.66414498330683],[-66.72098409383896,44.66215685249304],[-66.71940357519453,44.664229343311696],[-66.7192648687726,44.66751365337582]]]},"properties":{"SIZE_HA":"26.60","OBJECTID":"23","SITE_NUMBER":"MF-0172","AUTHORIZATION_TYPE":"Q09","AUTHORIZATION_HOLDER":"Kelly Cove Salmon Ltd.","AUTHORIZATION_EXPIRY_DATE":"March 31, 2035","SPECIES_CODE_DESCRIPTION":"4: Atlantic Salmon"},"id":23},{"type":"Feature","geometry":{"type":"Polygon","coordinates":[[[-66.43012593590306,45.0692733519245],[-66.43311754048617,45.073468053596365],[-66.4407139232047,45.0707460242708],[-66.43769650633247,45.066551510402576],[-66.43012593590306,45.0692733519245]]]},"properties":{"SIZE_HA":"34.97","OBJECTID":"25","SITE_NUMBER":"MF-0501","AUTHORIZATION_TYPE":"Q09","AUTHORIZATION_HOLDER":"Kelly Cove Salmon Ltd.","AUTHORIZATION_EXPIRY_DATE":"March 31, 2031","SPECIES_CODE_DESCRIPTION":"4: Atlantic Salmon"},"id":25},{"type":"Feature","geometry":{"type":"Polygon","coordinates":[[[-66.81564717170804,45.05670653054999],[-66.81740266593116,45.05735843202332],[-66.81880194165117,45.057867351353146],[-66.82101905731919,45.05483785402141],[-66.82051023301715,45.05465035059405],[-66.81786441095034,45.05367709522087],[-66.81564717170804,45.05670653054999]]]},"properties":{"SIZE_HA":"10.64","OBJECTID":"26","SITE_NUMBER":"MF-0024","AUTHORIZATION_TYPE":"Q09","AUTHORIZATION_HOLDER":"Kelly Cove Salmon Ltd.","AUTHORIZATION_EXPIRY_DATE":"March 31, 2031","SPECIES_CODE_DESCRIPTION":"4: Atlantic Salmon"},"id":26},{"type":"Feature","geometry":{"type":"Polygon","coordinates":[[[-67.02451463211902,45.13116754576797],[-67.02960070435503,45.131332747174916],[-67.0299569451767,45.12594143121489],[-67.0248712733604,45.1257672474854],[-67.02451463211902,45.13116754576797]]]},"properties":{"SIZE_HA":"24.00","OBJECTID":"27","SITE_NUMBER":"MF-0061","AUTHORIZATION_TYPE":"Q09","AUTHORIZATION_HOLDER":"Kelly Cove Salmon Ltd.","AUTHORIZATION_EXPIRY_DATE":"March 31, 2035","SPECIES_CODE_DESCRIPTION":"4: Atlantic Salmon"},"id":27},{"type":"Feature","geometry":{"type":"Polygon","coordinates":[[[-66.79885309961695,44.62766981275311],[-66.80388090251992,44.62780028367243],[-66.80420028715764,44.62151027523114],[-66.79916043777817,44.62137985154051],[-66.79885309961695,44.62766981275311]]]},"properties":{"SIZE_HA":"28.00","OBJECTID":"28","SITE_NUMBER":"MF-0403","AUTHORIZATION_TYPE":"Q09","AUTHORIZATION_HOLDER":"Kelly Cove Salmon Ltd.","AUTHORIZATION_EXPIRY_DATE":"March 31, 2041","SPECIES_CODE_DESCRIPTION":"4: Atlantic Salmon"},"id":28},{"type":"Feature","geometry":{"type":"Polygon","coordinates":[[[-66.71656583598369,45.05493652783545],[-66.71458387285355,45.05113927034289],[-66.70565493480746,45.05348008104001],[-66.70763663719829,45.05727785570426],[-66.71656583598369,45.05493652783545]]]},"properties":{"SIZE_HA":"33.75","OBJECTID":"29","SITE_NUMBER":"MF-0508","AUTHORIZATION_TYPE":"Q09","AUTHORIZATION_HOLDER":"Kelly Cove Salmon Ltd.","AUTHORIZATION_EXPIRY_DATE":"March 31, 2032","SPECIES_CODE_DESCRIPTION":"4: Atlantic Salmon"},"id":29},{"type":"Feature","geometry":{"type":"Polygon","coordinates":[[[-66.72770538591642,44.732323135860845],[-66.72684786079773,44.73252281237714],[-66.72687317677502,44.73254075616184],[-66.72696181855927,44.73261255671929],[-66.72703783826651,44.732684382691474],[-66.72710120008878,44.732747236747784],[-66.72713921009571,44.732783149693326],[-66.72722795993222,44.73288194211006],[-66.7272912506017,44.73292680134801],[-66.72734181161161,44.73294469400078],[-66.72739240845966,44.73297158398687],[-66.72745573517405,44.73302544048842],[-66.72754427095072,44.73307024852057],[-66.72755692916803,44.73307922033547],[-66.72762029199941,44.733142074100634],[-66.72763298608919,44.73316004326302],[-66.72765848183886,44.733222973651735],[-66.72765884032664,44.73331294721273],[-66.72765919881586,44.73340292077443],[-66.72769746059548,44.733501815026635],[-66.72771015478968,44.73351978418079],[-66.7277484167362,44.73361867841656],[-66.72774877536928,44.73370865198041],[-66.72773626042789,44.733735669612486],[-66.72771119465204,44.733780707516225],[-66.72769882309959,44.733843714570526],[-66.7276738289506,44.73390674717968],[-66.72768652322756,44.73392471633712],[-66.72772453438671,44.733960629087655],[-66.72778786251173,44.734014485405716],[-66.72781321531953,44.73404142633706],[-66.72783860402906,44.7340773646193],[-66.72786413629821,44.7341492923229],[-66.72787704599305,44.73422124559969],[-66.72790254248719,44.734284175938534],[-66.72790293725741,44.73438314686413],[-66.72791588294493,44.734464097494914],[-66.72792882866932,44.73454504812477],[-66.72794177443058,44.73462599875378],[-66.72795475612553,44.73471594673903],[-66.72794224106185,44.73474296439662],[-66.72794263590553,44.734841935326195],[-66.72796813275009,44.73490486565337],[-66.72799362965101,44.73496779597512],[-66.7279938091667,44.735012782762006],[-66.72800686284324,44.73512072545919],[-66.7280195934026,44.73514769193813],[-66.7280198447545,44.73521067344073],[-66.72802009610703,44.7352736549437],[-66.72802038336795,44.73534563380475],[-66.72800790410373,44.73538164882901],[-66.72798287372441,44.735435684158375],[-66.72795780739986,44.73548072212466],[-66.72789508758378,44.73557982098012],[-66.72783225991517,44.7356519277276],[-66.72780715750288,44.73568796830342],[-66.72780740862406,44.73575094980984],[-66.7277949291375,44.735786964812],[-66.72774465238648,44.73584105122614],[-66.72769433968342,44.73588614025991],[-66.72878125124686,44.73621683928795],[-66.73104358379162,44.73690501639162],[-66.73351736877032,44.736809932550905],[-66.73330411806928,44.73404816371144],[-66.7322623354259,44.73239479317816],[-66.7311354263451,44.73152436450288],[-66.72770538591642,44.732323135860845]]]},"properties":{"SIZE_HA":"19.80","OBJECTID":"31","SITE_NUMBER":"MF-0213","AUTHORIZATION_TYPE":"Q09","AUTHORIZATION_HOLDER":"Kelly Cove Salmon Ltd.","AUTHORIZATION_EXPIRY_DATE":"March 31, 2043","SPECIES_CODE_DESCRIPTION":"4: Atlantic Salmon"},"id":31},{"type":"Feature","geometry":{"type":"Polygon","coordinates":[[[-66.72891538807035,44.71613431836295],[-66.73074928879326,44.72029637356901],[-66.73371231010118,44.719660434652994],[-66.73182766724642,44.71548053762012],[-66.72891538807035,44.71613431836295]]]},"properties":{"SIZE_HA":"11.84","OBJECTID":"32","SITE_NUMBER":"MF-0349","AUTHORIZATION_TYPE":"Q09","AUTHORIZATION_HOLDER":"Kelly Cove Salmon Ltd.","AUTHORIZATION_EXPIRY_DATE":"March 31, 2039","SPECIES_CODE_DESCRIPTION":"4: Atlantic Salmon"},"id":32},{"type":"Feature","geometry":{"type":"Polygon","coordinates":[[[-66.97506741747483,44.872109847963756],[-66.97298093222378,44.87379218451886],[-66.97295584983037,44.87381928266259],[-66.97299395929741,44.87383711777218],[-66.97300668737631,44.87384606189962],[-66.97300683688397,44.87386405646185],[-66.97307032783078,44.87389078251479],[-66.9731085121514,44.87391761486674],[-66.97319753425539,44.87397122635629],[-66.97328663132537,44.87403383505628],[-66.97340118498899,44.87411433185257],[-66.97350256174278,44.87413190077734],[-66.97357855692665,44.8741405787705],[-66.973667205527,44.87414920348426],[-66.97369258717681,44.87415809430437],[-66.9737561536454,44.874193817250614],[-66.97376910654864,44.874229753133456],[-66.97379463800851,44.87425663849182],[-66.97388373618116,44.87431924671843],[-66.97392184627283,44.874337081513396],[-66.97393487421509,44.874382014657904],[-66.97392267016787,44.87443605159978],[-66.973897662837,44.87447214723489],[-66.9738853089475,44.87450818961173],[-66.97388590809997,44.87458016785745],[-66.97392439286888,44.87464298905537],[-66.97396302753626,44.8747238048016],[-66.97400166231364,44.87480462053484],[-66.97400226161785,44.87487659878124],[-66.97396460058228,44.87491274769865],[-66.97390163235696,44.87494900311773],[-66.97390170725433,44.87495800039868],[-66.97546050111325,44.87523935215419],[-66.97615916007764,44.87556031335167],[-66.9792939517132,44.87214592162458],[-66.97859531713169,44.87182497990651],[-66.97506741747483,44.872109847963756]]]},"properties":{"SIZE_HA":"11.34","OBJECTID":"33","SITE_NUMBER":"MF-0056","AUTHORIZATION_TYPE":"Q09","AUTHORIZATION_HOLDER":"Kelly Cove Salmon Ltd.","AUTHORIZATION_EXPIRY_DATE":"March 31, 2032","SPECIES_CODE_DESCRIPTION":"4: Atlantic Salmon"},"id":33},{"type":"Feature","geometry":{"type":"Polygon","coordinates":[[[-66.84786624251232,45.06297310122732],[-66.84786640825655,45.0630000936793],[-66.84786657400097,45.063027086131356],[-66.84786673974558,45.06305407858338],[-66.84786685024211,45.06307207355149],[-66.84785454125937,45.06313509509376],[-66.84784195602694,45.06315312921446],[-66.84784206651587,45.06317112418257],[-66.84782948127153,45.06318915830197],[-66.84781695125973,45.06321618990405],[-66.8477917254905,45.063243260651774],[-66.847766499697,45.06327033139382],[-66.84774132910826,45.06330639961459],[-66.84769082217235,45.06335154358673],[-66.84766559628267,45.06337861430648],[-66.84765301093618,45.063396648406425],[-66.84760255905636,45.063450789823754],[-66.8475773330804,45.06347786052411],[-66.84752688105607,45.063532001907966],[-66.84750165500783,45.063559072591566],[-66.84742581118137,45.063613292155125],[-66.84738788921362,45.06364040191795],[-66.84732474101662,45.063694582312465],[-66.84724889683943,45.06374880175793],[-66.84719844426031,45.06380294299633],[-66.84714793644956,45.06384808672751],[-66.84711023470894,45.063911186337144],[-66.84708511854375,45.06395625189842],[-66.8470473615419,45.064010354002555],[-66.84699679831476,45.06404650018195],[-66.8469335941899,45.06409168287461],[-66.8468703899643,45.06413686553195],[-66.84680718563781,45.06418204815424],[-66.84674398121058,45.06422723074129],[-66.84661707658961,45.06423661844132],[-66.8465917947457,45.06425469143789],[-66.84655381690818,45.06427280343685],[-66.84647791618967,45.064318024881985],[-66.84645263426505,45.06433609784752],[-66.84641465632834,45.06435420979979],[-66.84631341838079,45.06440850660065],[-66.84626301931623,45.06447164490999],[-66.84626334929003,45.064525629824395],[-66.8462385071388,45.064615682628514],[-66.846188107807,45.06467882090532],[-66.84615023951208,45.064714927741],[-66.84611231619678,45.064742037078204],[-66.84606158682803,45.064751190383454],[-66.84603630457735,45.06476926325653],[-66.846023718404,45.064787297176984],[-66.84599849107929,45.06481436752767],[-66.84596056762484,45.06484147681417],[-66.84592264413412,45.06486858608795],[-66.8458721343574,45.064913729252815],[-66.84578364594435,45.064976984136464],[-66.84792007786518,45.06553726682511],[-66.84909949805673,45.06325721597802],[-66.8478532705975,45.06292815296114],[-66.84786624251232,45.06297310122732]]]},"properties":{"SIZE_HA":"3.64","OBJECTID":"36","SITE_NUMBER":"MF-0159","AUTHORIZATION_TYPE":"Q09","AUTHORIZATION_HOLDER":"LEAVITT'S HEAD SALMON LTD.","AUTHORIZATION_EXPIRY_DATE":"March 31, 2035","SPECIES_CODE_DESCRIPTION":"4: Atlantic Salmon"},"id":36},{"type":"Feature","geometry":{"type":"Polygon","coordinates":[[[-66.84089507528059,44.614656910643355],[-66.84089309413788,44.614662674955184],[-66.84049867846977,44.615782780861814],[-66.83792372712526,44.61703218969268],[-66.8353070141241,44.61977522369289],[-66.83540246249338,44.62101657278753],[-66.83625141178364,44.62185078848886],[-66.83820884764792,44.622654674238944],[-66.84484499314117,44.61585949638582],[-66.84485753546316,44.6158504605378],[-66.84486091539269,44.615846941197056],[-66.84593415102509,44.61474047684203],[-66.8435329964857,44.61343423324084],[-66.84089507528059,44.614656910643355]]]},"properties":{"SIZE_HA":"35.90","OBJECTID":"37","SITE_NUMBER":"MF-0270","AUTHORIZATION_TYPE":"Q09","AUTHORIZATION_HOLDER":"Benson Aquaculture Ltd.","AUTHORIZATION_EXPIRY_DATE":"March 31, 2032","SPECIES_CODE_DESCRIPTION":"4: Atlantic Salmon"},"id":37},{"type":"Feature","geometry":{"type":"Polygon","coordinates":[[[-66.85199520746305,45.05729176934878],[-66.85197004221374,45.05732783849596],[-66.85193218250846,45.05736394724861],[-66.8518817400782,45.05741809055191],[-66.85184399199989,45.05747219423328],[-66.851806132118,45.05750830294414],[-66.85174305082623,45.05757148326065],[-66.85169260803087,45.0576256264804],[-66.85161683198508,45.057688846309716],[-66.85152830543693,45.05774310817491],[-66.85152836125897,45.05775210565423],[-66.8514525290507,45.05780632789468],[-66.85138939123314,45.05786051053584],[-66.85131355874687,45.05791473268349],[-66.85123767033926,45.0579599573009],[-66.8511744206126,45.05799614486335],[-66.85112386537966,45.05803229287162],[-66.85107331008231,45.05806844085742],[-66.85101006012955,45.05810462832815],[-66.85094681009592,45.058140815763636],[-66.85088350426123,45.05816800568387],[-66.85082025407603,45.058204193048645],[-66.85075700380995,45.05824038037818],[-66.85069364208249,45.05825857271211],[-66.85063033599444,45.058285762490755],[-66.85059236344733,45.058303875836934],[-66.85054175190203,45.05833102610547],[-66.8504912516248,45.058376171312126],[-66.8504660292831,45.05840324264725],[-66.85039002825958,45.05843047173643],[-66.85037738923535,45.05843950865319],[-66.85037755615632,45.05846650109457],[-66.85033975031034,45.058511606797616],[-66.85028930533778,45.058565749395164],[-66.85025144373489,45.05860185758837],[-66.85020083176006,45.05862900770499],[-66.85012494150708,45.05867423157772],[-66.85003635640334,45.0587194947979],[-66.84998585537731,45.05876463978006],[-66.84993535427097,45.05880978473987],[-66.84992265952094,45.05880982412517],[-66.84987226944534,45.05887296401883],[-66.8498218237047,45.05892710640927],[-66.8497840171095,45.05897221192807],[-66.84974626599498,45.05902631491544],[-66.84972104300843,45.059053386085594],[-66.84970857034357,45.05908941537155],[-66.84967081907918,45.059143518334174],[-66.84964576258002,45.05919758193154],[-66.84963317878929,45.059215616246895],[-66.84959542736908,45.059269719184805],[-66.84955773138843,45.05933281959167],[-66.84950728493864,45.05938696184356],[-66.8494695887821,45.05945006222154],[-66.84945706037502,45.05947709399915],[-66.84943189254163,45.05951316258725],[-66.84939408524593,45.05955826797746],[-66.84935627789001,45.059603373355216],[-66.84931841500017,45.05963948123869],[-66.84928049659415,45.059666591627966],[-66.84922993866309,45.05970273879391],[-66.8491920756263,45.05973884663542],[-66.84912887805125,45.0597840305402],[-66.84907837535468,45.05982917512067],[-66.84902781714956,45.05986532219661],[-66.84896456388442,45.05990150852799],[-66.84892670054589,45.05993761628121],[-66.84888878175292,45.05996472653965],[-66.84888905878367,45.060009713950215],[-66.84890203084498,45.060054662091495],[-66.84891483669564,45.06007261778486],[-66.84892775337937,45.060108568441116],[-66.84894061466498,45.0601355216137],[-66.8489282520927,45.060189545780425],[-66.84891577867546,45.06022557498159],[-66.8489033052424,45.06026160418138],[-66.84887802589938,45.060279677683724],[-66.84903081029523,45.06035118622784],[-66.85036807969321,45.06103985951662],[-66.85093568753416,45.06044424973363],[-66.85155099280321,45.059353617462655],[-66.85320594357312,45.05805278489003],[-66.85249219248075,45.057596137455],[-66.85199515156751,45.05728277186994],[-66.85199520746305,45.05729176934878]]]},"properties":{"SIZE_HA":"5.61","OBJECTID":"38","SITE_NUMBER":"MF-0033","AUTHORIZATION_TYPE":"Q09","AUTHORIZATION_HOLDER":"T & J AQUACULTURE LTD.","AUTHORIZATION_EXPIRY_DATE":"March 31, 2033","SPECIES_CODE_DESCRIPTION":"4: Atlantic Salmon"},"id":38},{"type":"Feature","geometry":{"type":"Polygon","coordinates":[[[-66.82273585351402,45.06206706219272],[-66.8227739912955,45.06207595071025],[-66.82282497840907,45.062111795383125],[-66.8228759143092,45.06213864253192],[-66.82292690154367,45.06217448715872],[-66.82301689886843,45.06237217771575],[-66.82373813007933,45.06194722049641],[-66.82428218161067,45.061621742320334],[-66.82500334215636,45.06118777955088],[-66.82629225239178,45.06014033109821],[-66.82319667362698,45.058277733239464],[-66.81994512060018,45.060230495213844],[-66.8199960534454,45.06025734366504],[-66.81998361242292,45.06030236719257],[-66.8199332384341,45.06037449126164],[-66.81988281351684,45.06043761780619],[-66.81983238848731,45.060500744328465],[-66.81980750605659,45.06059079134773],[-66.81980816631145,45.06070775888102],[-66.81982121705356,45.06077070540259],[-66.81980897893744,45.06085171892271],[-66.81978394396056,45.06091477343035],[-66.81964495611996,45.06103213680447],[-66.8195692412172,45.06111333016978],[-66.81954410436325,45.0611583896196],[-66.8195952408774,45.061221228263726],[-66.81967166663703,45.06126599992045],[-66.81977358476576,45.0613286945499],[-66.81982456931098,45.06136454058137],[-66.81990084303123,45.06138231957423],[-66.81991358919366,45.06139128106991],[-66.82000265998101,45.061427018990734],[-66.82006628930226,45.061453831391525],[-66.82007903550692,45.06146279286841],[-66.82015536028406,45.06148956919162],[-66.8201935481252,45.0615074560852],[-66.82020624350884,45.0615074200451],[-66.8202443805188,45.06151630941871],[-66.82026982215312,45.06152523482822],[-66.82029516206076,45.06151616522679],[-66.82039647072648,45.0614708892619],[-66.82044699777009,45.06142575748931],[-66.82052291544302,45.06138055354431],[-66.82062417276454,45.06132627987347],[-66.8207254808274,45.06128100361421],[-66.82078890654347,45.06127182559822],[-66.82082694158252,45.06126271977059],[-66.82099187889159,45.061244255207846],[-66.82109339048817,45.061234968626785],[-66.82127097192402,45.06120747001294],[-66.82141067143594,45.0612160696619],[-66.82143606207022,45.061215997306434],[-66.82148689439478,45.06122485008],[-66.82151238715343,45.06124277271068],[-66.82156347485616,45.06129661295799],[-66.82158912088913,45.06134152807619],[-66.82160242913149,45.061449461898874],[-66.82160278665623,45.061512444410646],[-66.82160299095652,45.06154843441742],[-66.82159070415048,45.06162045062864],[-66.82160380816092,45.0616923944452],[-66.82162960764464,45.061764302060006],[-66.82162981196329,45.06180029206716],[-66.82164266065642,45.06182724837061],[-66.82168110463337,45.06189012226885],[-66.82173219308162,45.06194396244014],[-66.82180862150258,45.06198873264683],[-66.82184691242998,45.06202461398331],[-66.8218723545443,45.06203353903083],[-66.82189789891191,45.0620604590761],[-66.82192334105035,45.062069384112135],[-66.8219360876869,45.062078345378794],[-66.82198697199992,45.06209619542789],[-66.82208858726294,45.06210490295221],[-66.82219015138779,45.062104612883516],[-66.82229166432624,45.062095325221904],[-66.82235509069739,45.06208614632397],[-66.82239317723106,45.06208603746896],[-66.82248199459339,45.062076785922564],[-66.822570760697,45.06205853680503],[-66.82264693372574,45.06205831893654],[-66.82273585351402,45.06206706219272]]]},"properties":{"SIZE_HA":"10.19","OBJECTID":"39","SITE_NUMBER":"MF-0018","AUTHORIZATION_TYPE":"Q09","AUTHORIZATION_HOLDER":"Kelly Cove Salmon Ltd.","AUTHORIZATION_EXPIRY_DATE":"March 31, 2036","SPECIES_CODE_DESCRIPTION":"4: Atlantic Salmon"},"id":39},{"type":"Feature","geometry":{"type":"Polygon","coordinates":[[[-66.91353610186803,45.06907681770865],[-66.91354886453755,45.069085768594014],[-66.91363807192904,45.069130429882605],[-66.91365103174554,45.06916637305933],[-66.9136513602773,45.06921136023095],[-66.9136386632676,45.069211406791524],[-66.91361372915135,45.06927448194896],[-66.91362682039107,45.06932841999747],[-66.91366530575189,45.069382264921515],[-66.91366537146084,45.06939126235588],[-66.91371661968032,45.069454058133125],[-66.91371668539752,45.069463055567496],[-66.91374234241476,45.06949895216455],[-66.9145800199734,45.069450888155195],[-66.91617918852843,45.06935502258332],[-66.91700065416259,45.06883012356164],[-66.9164200324024,45.067572593912175],[-66.91528020309576,45.06623614250843],[-66.91177417268719,45.0677426098516],[-66.91179995851172,45.06779650176217],[-66.9118640307665,45.06787724690062],[-66.91195369296972,45.06798489157214],[-66.9119666514535,45.068020834943034],[-66.91199230670672,45.068056731938974],[-66.91205657588476,45.06816446927402],[-66.91208223126023,45.06820036624958],[-66.91210814850677,45.068272252960476],[-66.91214682810258,45.06835309070988],[-66.91214689356858,45.06836208814523],[-66.91219813917198,45.06842488461422],[-66.91226208173838,45.06848763465588],[-66.91233878680656,45.06855933568395],[-66.91239003280162,45.06862213206559],[-66.91244134442378,45.06869392585904],[-66.91251804999861,45.06876562676501],[-66.91255614073201,45.06876548745791],[-66.91261903541212,45.06868427833548],[-66.91268219211793,45.06863905891842],[-66.91270752032756,45.068629968576694],[-66.9127455454074,45.068620831770936],[-66.91282172667745,45.0686205529906],[-66.91284718601159,45.06862945748714],[-66.91284751390036,45.068674444661205],[-66.91280988223234,45.0687375661106],[-66.91278481626316,45.068782646215034],[-66.91278540637657,45.06886362312933],[-66.91281125924887,45.06892651224367],[-66.91282408734473,45.068944460646165],[-66.91284954682502,45.06895336514211],[-66.91298921330458,45.06895285387531],[-66.91301467281446,45.06896175833394],[-66.91306572308423,45.06899756210334],[-66.91321848045594,45.06905098866472],[-66.91324394004579,45.06905989307148],[-66.91325663702202,45.06905984655542],[-66.91334551585487,45.06905952090279],[-66.91335821283089,45.069059474375265],[-66.91344709166223,45.069059148642616],[-66.91353610186803,45.06907681770865]]]},"properties":{"SIZE_HA":"8.86","OBJECTID":"40","SITE_NUMBER":"MF-0040","AUTHORIZATION_TYPE":"Q09","AUTHORIZATION_HOLDER":"Kelly Cove Salmon Ltd.","AUTHORIZATION_EXPIRY_DATE":"March 31, 2036","SPECIES_CODE_DESCRIPTION":"4: Atlantic Salmon"},"id":40},{"type":"Feature","geometry":{"type":"Polygon","coordinates":[[[-66.99619971281155,44.94480948590096],[-66.99626321541076,44.944827201511266],[-66.99633954431953,44.94486285587562],[-66.9963522134216,44.94486280006497],[-66.99639022072768,44.944862632624464],[-66.99650408541994,44.944844135627235],[-66.99658002138139,44.94483480333172],[-66.9966178714077,44.94481664121594],[-66.99666854777293,44.94481641783965],[-66.9967064764026,44.94480725299339],[-66.99675707410692,44.944798032278214],[-66.99679508136795,44.94479786470119],[-66.99684567904947,44.9447886439463],[-66.99687101721898,44.94478853220979],[-66.9968964340624,44.94479741776652],[-66.99693444132237,44.9447972501425],[-66.99695985817961,44.94480613568492],[-66.99697252726808,44.94480607980454],[-66.99698527504471,44.944815021221494],[-66.99701061322567,44.94481490945359],[-66.99702336101028,44.9448238508663],[-66.997048699195,44.94482373908982],[-66.9970741160818,44.944832624606434],[-66.99709945427036,44.94483251281855],[-66.99715013064694,44.944832289225644],[-66.99717546883511,44.94483217742065],[-66.99718813792913,44.94483212151601],[-66.99723881430485,44.94483189788323],[-66.99726407376026,44.94482278875968],[-66.99727674285207,44.94482273284506],[-66.99732741921899,44.94482250917243],[-66.99734008831058,44.944822453250715],[-66.99736542649379,44.94482234140302],[-66.9974032762596,44.944804179024004],[-66.99744120476159,44.94479501393067],[-66.99746662169652,44.944803899358575],[-66.99750478649912,44.944821726138755],[-66.9975301246815,44.94482161425403],[-66.9975555416422,44.944830499661904],[-66.99759354892143,44.944830331815545],[-66.99761888710736,44.94483021991079],[-66.99765689438613,44.94483005204303],[-66.99769498046506,44.944838881460555],[-66.99773298774929,44.944838713567144],[-66.997758247128,44.944829604333044],[-66.99778358531313,44.94482949239131],[-66.99779625440567,44.9448294364183],[-66.99780892349821,44.944829380443856],[-66.99783418286053,44.944820271192654],[-66.99784685195094,44.944820215213966],[-66.99787211130305,44.9448111059544],[-66.99788478039135,44.94481104997141],[-66.99790996089885,44.94479294340553],[-66.99792255114657,44.94478389012048],[-66.99792247231008,44.944774892822686],[-66.99793498371334,44.94475684223837],[-66.99793490487495,44.944747844940586],[-66.99793474719827,44.94472985034495],[-66.99793458952173,44.944711855749375],[-66.99792176278325,44.94469391714224],[-66.99790901488696,44.944684975831464],[-66.99790885721872,44.94466698123589],[-66.99789587283453,44.94463104803027],[-66.99788288846679,44.94459511482323],[-66.99788265197748,44.94456812292986],[-66.99788249431808,44.944550128334356],[-66.99788233665883,44.94453213373878],[-66.99786950997756,44.94451419512585],[-66.99786935232255,44.94449620053034],[-66.99785660447897,44.94448725921367],[-66.99784385663942,44.94447831789549],[-66.9978436989927,44.94446032329998],[-66.99784362016936,44.94445132600223],[-66.99784338369957,44.94442433410906],[-66.99784306840697,44.94438834491811],[-66.99784298958389,44.94437934762043],[-66.99784220135483,44.944289374643525],[-66.9978420437094,44.9442713800482],[-66.99784180724144,44.94424438815521],[-66.99782850771568,44.94417246575205],[-66.99782819243457,44.944136476561596],[-66.99781544467835,44.94412753524026],[-66.99781536586019,44.944118537942686],[-66.99781528704204,44.944109540645094],[-66.99781520822394,44.9441005433475],[-66.99781505058783,44.944082548752284],[-66.99781497176981,44.944073551454714],[-66.99781481413387,44.94405555685961],[-66.99785274206965,44.94404639162935],[-66.99787776459385,44.944010290477145],[-66.99787768576604,44.94400129317968],[-66.99786485920677,44.94398335456649],[-66.99786470155541,44.943965359971536],[-66.99786462272978,44.94395636267409],[-66.99786454390417,44.94394736537663],[-66.99787721279993,44.94394730939493],[-66.99791498298637,44.943920149549186],[-66.99791490415288,44.94391115225171],[-66.99792733653412,44.9438841043723],[-66.99792725769873,44.94387510707492],[-66.99793984774094,44.94386605378894],[-66.997965185496,44.94386594180727],[-66.99797785437347,44.94386588581429],[-66.99800327097569,44.94387477112129],[-66.99801593985502,44.94387471512403],[-66.99802860873436,44.94387465912536],[-66.99804127761372,44.94387460312524],[-66.9980663788001,44.9438474992291],[-66.99807888995468,44.943829448630446],[-66.99807881109544,44.9438204513333],[-66.99809140110129,44.94381139803041],[-66.9981167388315,44.94381128601472],[-66.99812956543114,44.94382922459895],[-66.99815506091191,44.94384710716881],[-66.99816788753166,44.94386504574873],[-66.99819338304056,44.943882928309904],[-66.99882567493611,44.9423055427447],[-66.99595970828877,44.94053666153971],[-66.99359240688818,44.94073600802977],[-66.9935928757449,44.94078999183047],[-66.99358044196948,44.94081703922946],[-66.99358122338064,44.94090701223123],[-66.99356878957438,44.94093405962918],[-66.99355627761882,44.94095210972556],[-66.99351850730999,44.94097926810555],[-66.99346814684215,44.94101547925933],[-66.99344312282344,44.94105157942873],[-66.99343068891997,44.94107862681182],[-66.9934057429638,44.94112372427367],[-66.99339338713894,44.94115976895343],[-66.99338110940866,44.94120481093242],[-66.99338134373937,44.9412318028342],[-66.99336898787574,44.94126784751158],[-66.9933692222011,44.94129483941346],[-66.99336937841814,44.94131283401471],[-66.99336945652671,44.941321831315406],[-66.9933697689613,44.941357820518014],[-66.99337015950522,44.94140280702144],[-66.9933702376141,44.94141180432212],[-66.99337055004992,44.94144779352496],[-66.99338360895052,44.94149272455336],[-66.99338384328419,44.94151971645553],[-66.99338392139546,44.941528713756284],[-66.99337140925094,44.94154676383318],[-66.99335913142089,44.94159180581103],[-66.99335928763595,44.94160980041275],[-66.99334669736028,44.94161885318615],[-66.9933467754659,44.94162785048698],[-66.99333441949537,44.94166389516169],[-66.99333481001443,44.94170888166604],[-66.9933348881183,44.94171787896701],[-66.99333496622226,44.94172687626792],[-66.99333504432622,44.941735873568774],[-66.99332268832501,44.94177191824245],[-66.9933229226314,44.94179891014533],[-66.9933232350404,44.94183489934924],[-66.99331103521133,44.941888938623926],[-66.99331119141236,44.94190693322595],[-66.99331150381481,44.94194292243005],[-66.99331158191549,44.94195191973118],[-66.99332448468128,44.941978856165456],[-66.99333730935447,44.941996795297236],[-66.99333738745935,44.94200579259833],[-66.99335005592881,44.94200573712658],[-66.99335021214267,44.942023731728625],[-66.99335036835666,44.94204172633077],[-66.99335052457077,44.94205972093293],[-66.99362915300563,44.94204950289128],[-66.99408029381202,44.942938292139175],[-66.99419642445513,44.94318071920655],[-66.99451862331517,44.94380914060277],[-66.9945315270778,44.94383607689984],[-66.99466048706122,44.94409644248905],[-66.99476254354279,44.94417697318394],[-66.99486460031358,44.94425750378609],[-66.99496657900619,44.94432903699502],[-66.99508114857048,44.944391517143245],[-66.9951957967907,44.94446299447517],[-66.99532295748081,44.94451642139456],[-66.9954501968541,44.94457884547042],[-66.995577279577,44.944623274801884],[-66.9957043624981,44.94466770398974],[-66.99584411468676,44.944712077280364],[-66.99598378856355,44.94474745309761],[-66.99605996010729,44.94476511305208],[-66.9961234626136,44.94478282874144],[-66.99619971281155,44.94480948590096]]]},"properties":{"SIZE_HA":"7.30","OBJECTID":"41","SITE_NUMBER":"MF-0057","AUTHORIZATION_TYPE":"Q09","AUTHORIZATION_HOLDER":"Kelly Cove Salmon Ltd.","AUTHORIZATION_EXPIRY_DATE":"March 31, 2031","SPECIES_CODE_DESCRIPTION":"4: Atlantic Salmon"},"id":41},{"type":"Feature","geometry":{"type":"Polygon","coordinates":[[[-66.84110739195835,44.64418910469879],[-66.84618277571052,44.636547231958595],[-66.84219776368397,44.63519804811422],[-66.83712196676204,44.64283974033969],[-66.84110739195835,44.64418910469879]]]},"properties":{"SIZE_HA":"32.90","OBJECTID":"42","SITE_NUMBER":"MF-0292","AUTHORIZATION_TYPE":"Q09","AUTHORIZATION_HOLDER":"Kelly Cove Salmon Ltd.","AUTHORIZATION_EXPIRY_DATE":"March 31, 2039","SPECIES_CODE_DESCRIPTION":"4: Atlantic Salmon"},"id":42},{"type":"Feature","geometry":{"type":"Polygon","coordinates":[[[-66.98433093752242,45.11148917697735],[-66.98814551583568,45.1176721664018],[-66.9939756168,45.115874246622894],[-66.99014781823949,45.10969151091408],[-66.98433093752242,45.11148917697735]]]},"properties":{"SIZE_HA":"37.50","OBJECTID":"43","SITE_NUMBER":"MF-0502","AUTHORIZATION_TYPE":"Q09","AUTHORIZATION_HOLDER":"Kelly Cove Salmon Ltd.","AUTHORIZATION_EXPIRY_DATE":"March 31, 2033","SPECIES_CODE_DESCRIPTION":"4: Atlantic Salmon"},"id":43},{"type":"Feature","geometry":{"type":"Polygon","coordinates":[[[-66.61867716774441,45.09180651047759],[-66.6146733044287,45.08831453415507],[-66.60777096471625,45.09228479210495],[-66.61177493829207,45.095777373615796],[-66.61867716774441,45.09180651047759]]]},"properties":{"SIZE_HA":"35.00","OBJECTID":"46","SITE_NUMBER":"MF-0507","AUTHORIZATION_TYPE":"Q09","AUTHORIZATION_HOLDER":"Kelly Cove Salmon Ltd.,Kelly Cove Salmon Ltd.","AUTHORIZATION_EXPIRY_DATE":"March 31, 2036","SPECIES_CODE_DESCRIPTION":"4: Atlantic Salmon"},"id":46},{"type":"Feature","geometry":{"type":"Polygon","coordinates":[[[-66.8092895551989,45.059459427279414],[-66.80920093616949,45.05950465847027],[-66.809137657816,45.059540822496665],[-66.80909967113026,45.059558921891814],[-66.80907437938163,45.05957698648764],[-66.80906183166313,45.0596040138018],[-66.80906202798711,45.059640003838446],[-66.80906217523031,45.05966699636607],[-66.80906237155483,45.05970298640286],[-66.8090879578748,45.05973890686479],[-66.80910084922162,45.05977486211201],[-66.80912643559854,45.05981078256517],[-66.80912663196463,45.059846772602036],[-66.80912682833102,45.059882762639],[-66.80910163462205,45.05991882225984],[-66.80906374583513,45.05995491666215],[-66.8090512961879,45.059999938994345],[-66.80902620053052,45.06005399361738],[-66.80901379990584,45.060108013455064],[-66.80896326491413,45.06015314011348],[-66.80892537588264,45.06018923447001],[-66.8089001328535,45.06021629653716],[-66.80884954862672,45.06025242563563],[-66.80881161041434,45.060279522444745],[-66.80877377023782,45.06032461426029],[-66.80873583194085,45.060351711044085],[-66.80869789360756,45.0603788078151],[-66.8086472600906,45.06040593931378],[-66.80859662652517,45.060433070789735],[-66.80854589491092,45.0604422072234],[-66.80849516328033,45.06045134363435],[-66.80844443163328,45.06046048002248],[-66.80839374894573,45.06047861389767],[-66.80835590830381,45.06052370557409],[-66.80833071381983,45.060559765024735],[-66.80829277515335,45.06058686166022],[-66.8082421902083,45.06062299048785],[-66.80816626372972,45.06066818617671],[-66.80812827597798,45.06068628524708],[-66.80809023927387,45.06069538679439],[-66.80803950734261,45.06070452300082],[-66.80797603126805,45.06070469633891],[-66.80792529930989,45.06071383249404],[-66.80789990887573,45.06071390180787],[-66.80787466512311,45.06074096364714],[-66.80787486069877,45.060776953688624],[-66.80787500738073,45.060803946219814],[-66.80786250771156,45.06083997091339],[-66.80785000802653,45.06087599560572],[-66.80783745943751,45.06090302278625],[-66.80779961806977,45.06094811427786],[-66.80777432528681,45.060966178584614],[-66.80773638608217,45.06099327503406],[-66.80768575155524,45.06102040610309],[-66.80766050756395,45.06104746789504],[-66.80763526354863,45.06107452968137],[-66.80759737305516,45.06111062359513],[-66.80755943366924,45.06113771998553],[-66.8075342872462,45.06118277677093],[-66.80747105478527,45.06122793737949],[-66.8074205663888,45.061282060862695],[-66.80736993145253,45.061309191790826],[-66.80731934527428,45.06134532020721],[-66.80728145439863,45.06138141401569],[-66.80724346588583,45.06139951278955],[-66.80716753756975,45.061444707810075],[-66.80709156036203,45.061480905268596],[-66.80705362048624,45.061508001489884],[-66.80701577809104,45.06155309272095],[-66.80697793563573,45.061598183939545],[-66.80694009312016,45.06164327514549],[-66.80691484849557,45.06167033677212],[-66.80686435917394,45.06172446000856],[-66.80680107684992,45.06176062273258],[-66.80673779444513,45.06179678542128],[-66.80669980547992,45.061814884012904],[-66.80664916972215,45.06184201461916],[-66.80659863130121,45.061887140226005],[-66.80653539730845,45.06193230031336],[-66.80651029839811,45.0619863543852],[-66.80649779760185,45.06202237893088],[-66.80648524811483,45.06204940596352],[-66.8064473562374,45.06208549949417],[-66.80642211118062,45.062112561011595],[-66.80642215984555,45.06212155852336],[-66.80639691476064,45.06214862003519],[-66.8063589741057,45.06217571602463],[-66.8063211307124,45.06222080702528],[-66.80629598282532,45.06226586353857],[-66.8062327481689,45.06231102345785],[-66.80619485595584,45.06234711690453],[-66.8061442194806,45.06237424728561],[-66.80610618132349,45.062383348166335],[-66.80606819176313,45.062401446546545],[-66.80601750657763,45.06241957935873],[-66.80594147873828,45.06244677853446],[-66.80587814643917,45.062473943231296],[-66.8058148626483,45.06251010540512],[-66.80576422584514,45.062537235616176],[-66.80571363754657,45.062573363317064],[-66.80566300063836,45.06260049348294],[-66.8056124122187,45.06263662113865],[-66.80556187226358,45.06268174628449],[-66.80548594088728,45.062726940179346],[-66.80541005789483,45.062781131536134],[-66.80534677346182,45.0628172934486],[-66.80530892883488,45.062862384112435],[-66.80525833995557,45.06289851161034],[-66.80520775101171,45.062934639085746],[-66.80515716200343,45.062970766538605],[-66.805093828742,45.062997930796904],[-66.80500520082677,45.06304315870946],[-66.80497985778051,45.06305222488042],[-66.80494186741143,45.063070322882744],[-66.80489118126614,45.06308845519059],[-66.80478985728516,45.06313371725139],[-66.80468858153317,45.06318797673471],[-66.80457451305449,45.06322427538331],[-66.80446044442948,45.06326057391681],[-66.80434637565803,45.06329687233516],[-66.80421965924953,45.06334220239492],[-66.80636019409305,45.06474903904674],[-66.81148015719427,45.06074006217813],[-66.80941620972317,45.0594050940394],[-66.8092895551989,45.059459427279414]]]},"properties":{"SIZE_HA":"12.06","OBJECTID":"48","SITE_NUMBER":"MF-0017","AUTHORIZATION_TYPE":"Q09","AUTHORIZATION_HOLDER":"Kelly Cove Salmon Ltd.","AUTHORIZATION_EXPIRY_DATE":"March 31, 2037","SPECIES_CODE_DESCRIPTION":"4: Atlantic Salmon"},"id":48},{"type":"Feature","geometry":{"type":"Polygon","coordinates":[[[-66.7337769993056,44.72930553691557],[-66.73751546425426,44.732932663960156],[-66.74061377934184,44.73131553740322],[-66.73688780783323,44.72767949006226],[-66.7337769993056,44.72930553691557]]]},"properties":{"SIZE_HA":"15.25","OBJECTID":"49","SITE_NUMBER":"MF-0368","AUTHORIZATION_TYPE":"Q09","AUTHORIZATION_HOLDER":"Kelly Cove Salmon Ltd.,Kelly Cove Salmon Ltd.","AUTHORIZATION_EXPIRY_DATE":"March 31, 2036","SPECIES_CODE_DESCRIPTION":"4: Atlantic Salmon"},"id":49},{"type":"Feature","geometry":{"type":"Polygon","coordinates":[[[-66.83325353229716,44.62647644218713],[-66.82820856890237,44.62886281600823],[-66.83092189462536,44.631788085057266],[-66.83596687485392,44.6294014088653],[-66.83325353229716,44.62647644218713]]]},"properties":{"SIZE_HA":"18.72","OBJECTID":"53","SITE_NUMBER":"MF-0003","AUTHORIZATION_TYPE":"Q09","AUTHORIZATION_HOLDER":"Kelly Cove Salmon Ltd.","AUTHORIZATION_EXPIRY_DATE":"March 31, 2036","SPECIES_CODE_DESCRIPTION":"4: Atlantic Salmon,82: Lumpfish"},"id":53},{"type":"Feature","geometry":{"type":"Polygon","coordinates":[[[-66.9109006046717,45.00155900550795],[-66.91096342754417,45.001477797688295],[-66.91100069105731,45.0013696900855],[-66.91099997418628,45.00127071859481],[-66.91102455571308,45.0011626572212],[-66.9109980190992,45.00100079635021],[-66.91108620467233,45.000919495991006],[-66.91108568320891,45.0008475167272],[-66.91111039476496,45.000757450153635],[-66.91112209863027,45.00062244278668],[-66.91110869992222,45.000523517550086],[-66.91120969662157,45.00046016566425],[-66.91118315981525,45.000298304843064],[-66.9112327124772,45.000136166469765],[-66.91129520723209,45.00000997143769],[-66.91139678988657,45.0000275960539],[-66.91142247911677,45.000072490526485],[-66.91146071945366,45.000099343891556],[-66.91154949026098,45.0000990198424],[-66.91162603639413,45.000161723880375],[-66.91174036626914,45.00018829928661],[-66.91187979815885,45.00017879228174],[-66.91198066273579,45.00009744489506],[-66.91204322111668,44.99998024685831],[-66.91206695072799,44.999755218982685],[-66.91204073847443,44.99963834540573],[-66.91216689935398,44.999547907741935],[-66.91229253685708,44.99938549068803],[-66.91234241245623,44.999268338872334],[-66.91241738894779,44.99911510462437],[-66.91259414243741,44.99900648608503],[-66.91259309573874,44.99886252759272],[-66.91259178737464,44.99868257947888],[-66.91275566165234,44.99854701488868],[-66.91281788946623,44.99838482941043],[-66.91290665758018,44.99838450429728],[-66.91300764846804,44.99832115081783],[-66.91308308038408,44.99823089797537],[-66.91325976432476,44.998113280999455],[-66.91339820768447,44.99796881105587],[-66.91357462786681,44.9978152039726],[-66.91367509229117,44.99767987066555],[-66.91371195460474,44.997517777776174],[-66.91350827243636,44.997410553381684],[-66.91332975627331,44.997276243414404],[-66.91320242306448,44.99720472907632],[-66.91302521795215,44.997250366715086],[-66.90917320569704,44.997678306205884],[-66.90942708546417,44.99771337496271],[-66.90947819905303,44.99776717516629],[-66.90950421037228,44.9978570571146],[-66.90959343227678,44.99791971646707],[-66.90960747715046,44.998108615955054],[-66.90957053779239,44.998261710120076],[-66.90953333850601,44.99837881464201],[-66.90943305771061,44.99854113650678],[-66.90932022490684,44.9987214991487],[-66.90925746760709,44.99881170344824],[-66.90925837606275,44.99893766716849],[-66.90919581306699,44.99905486366138],[-66.90909565984619,44.99923518005304],[-66.90900773342818,44.999352468484496],[-66.90893248805365,44.99946971084632],[-66.90886992380145,44.99958690716377],[-66.90887070175576,44.99969487607503],[-66.90887122039402,44.999766855349506],[-66.90891017251751,44.99989268108467],[-66.908936248764,44.999991560583275],[-66.90897526603453,45.00012638370641],[-66.90910240589926,45.000170910599984],[-66.9091916958895,45.00024256768187],[-66.90920528583978,45.0003684853787],[-66.90907905354496,45.0004499223337],[-66.90895236697952,45.000468377281145],[-66.90885058980402,45.00042375823285],[-66.90869808634908,45.000379323012254],[-66.9084951158165,45.0003710610529],[-66.90831757329826,45.00037170427243],[-66.9109006046717,45.00155900550795]]]},"properties":{"SIZE_HA":"10.60","OBJECTID":"56","SITE_NUMBER":"MF-0044","AUTHORIZATION_TYPE":"Q09","AUTHORIZATION_HOLDER":"Kelly Cove Salmon Ltd.,Kelly Cove Salmon Ltd.","AUTHORIZATION_EXPIRY_DATE":"March 31, 2027","SPECIES_CODE_DESCRIPTION":"4: Atlantic Salmon"},"id":56},{"type":"Feature","geometry":{"type":"Polygon","coordinates":[[[-66.85559913448664,45.04898462879455],[-66.85971974116539,45.05026722298077],[-66.86151650567363,45.0473912266891],[-66.86070014043241,45.046755007387716],[-66.86064942953207,45.04676416721837],[-66.8605734490138,45.04679140312424],[-66.86056081420705,45.04680044117109],[-66.8604974111924,45.04680964151063],[-66.86044670021025,45.04681880125029],[-66.86039598921161,45.046827960967185],[-66.8603452209906,45.04682812319285],[-66.86029450996712,45.046837282864246],[-66.86025643379479,45.04683740450135],[-66.86019303068892,45.04684660466992],[-66.86015495451011,45.04684672627279],[-66.86007880215178,45.046846969439976],[-66.86006611009196,45.046847009962825],[-66.86004072597231,45.04684709100425],[-66.85998990058322,45.04683825560126],[-66.85992638315383,45.046829460682346],[-66.85988824985237,45.04682058472633],[-66.85982473245846,45.04681178975023],[-66.85979934835407,45.04681187073733],[-66.85976127219726,45.04681199220723],[-66.859748580145,45.0468120326944],[-66.85972325314742,45.04682111113326],[-66.85964721501087,45.046839348946996],[-66.85959650386356,45.046848508304635],[-66.85953304356,45.04684871063326],[-66.8594949673777,45.046848832013325],[-66.85941881501236,45.04684907473484],[-66.8593426055995,45.04684031993571],[-66.85931722148129,45.046840400814325],[-66.85927908826723,45.046831524652106],[-66.85922826300975,45.04682268890563],[-66.85919012982146,45.04681381271345],[-66.85916474571479,45.04681389355768],[-66.85912666955464,45.046814014813364],[-66.85911397750127,45.046814055229056],[-66.85907601534957,45.04683217140647],[-66.85902530411559,45.04684133050748],[-66.85900003398096,45.046859406253645],[-66.85892410951955,45.046895638519395],[-66.85887356912113,45.04693178996108],[-66.85884846980306,45.046976858082544],[-66.85879798624457,45.04702200696039],[-66.85877277291343,45.04704908012578],[-66.85874778736876,45.04711214316488],[-66.85871005268727,45.0471662490992],[-66.85869758833378,45.04720227934766],[-66.85867260263839,45.047265342370764],[-66.85863481084843,45.04731045081058],[-66.8585970759275,45.04736455670791],[-66.85855917016497,45.04739167018265],[-66.8585213212834,45.047427781114905],[-66.85844550956513,45.04748200800122],[-66.85842018205885,45.047491086148554],[-66.8584075467523,45.04750012395518],[-66.85835689170338,45.0475182802272],[-66.85829360128697,45.047545474270365],[-66.85821756171636,45.04756371112285],[-66.85819217727175,45.047563791748715],[-66.85814146523953,45.047572950453755],[-66.85805261966814,45.04757323255933],[-66.85800185076975,45.04757339373112],[-66.8579637740957,45.04757351459496],[-66.85791300519666,45.047573675726746],[-66.85783679503868,45.047564919910904],[-66.8577605849041,45.04755616404354],[-66.85768420443941,45.04752041571233],[-66.85759524540644,45.047502702515885],[-66.8575443630448,45.04748486853996],[-66.85745534736296,45.04745815776216],[-66.85745529061492,45.047449160291315],[-66.85739171615184,45.047431366474214],[-66.85735346937592,45.04740449471897],[-66.85730258717828,45.04738666063382],[-66.85725170501274,45.047368826525656],[-66.85717543852769,45.0473510727914],[-66.85716268965054,45.047342115516535],[-66.85707373105936,45.04732440190826],[-66.8569975213646,45.04731564552468],[-66.85697208035745,45.04730672840458],[-66.85688317853788,45.04729801211707],[-66.85687042971882,45.04728905480911],[-66.85678152794236,45.047280338441425],[-66.85673075930096,45.04728049904061],[-66.85665454971758,45.04727174242512],[-66.85665466295887,45.047289737367976],[-66.85559913448664,45.04898462879455]]]},"properties":{"SIZE_HA":"10.77","OBJECTID":"57","SITE_NUMBER":"MF-0036","AUTHORIZATION_TYPE":"Q09","AUTHORIZATION_HOLDER":"MOWI Canada East Inc.","AUTHORIZATION_EXPIRY_DATE":"March 31, 2027","SPECIES_CODE_DESCRIPTION":"4: Atlantic Salmon"},"id":57},{"type":"Feature","geometry":{"type":"Polygon","coordinates":[[[-67.00906420423271,45.123419265669376],[-67.00994712943452,45.12831004325984],[-67.01637303610005,45.12768697570362],[-67.01540962280261,45.12239171701775],[-67.00906420423271,45.123419265669376]]]},"properties":{"SIZE_HA":"29.10","OBJECTID":"58","SITE_NUMBER":"MF-0084","AUTHORIZATION_TYPE":"Q09","AUTHORIZATION_HOLDER":"MOWI Canada East Inc.","AUTHORIZATION_EXPIRY_DATE":"March 31, 2027","SPECIES_CODE_DESCRIPTION":"4: Atlantic Salmon"},"id":58},{"type":"Feature","geometry":{"type":"Polygon","coordinates":[[[-66.95731632199383,45.127230906946124],[-66.95737089406684,45.133978968208325],[-66.96372663657912,45.13395303408856],[-66.9636713062185,45.12720497739185],[-66.95731632199383,45.127230906946124]]]},"properties":{"SIZE_HA":"37.50","OBJECTID":"59","SITE_NUMBER":"MF-0504","AUTHORIZATION_TYPE":"Q09","AUTHORIZATION_HOLDER":"MOWI Canada East Inc.","AUTHORIZATION_EXPIRY_DATE":"March 31, 2029","SPECIES_CODE_DESCRIPTION":"4: Atlantic Salmon"},"id":59},{"type":"Feature","geometry":{"type":"Polygon","coordinates":[[[-67.02450843542518,45.135981362894235],[-67.02494000759609,45.14001934028738],[-67.03064541246903,45.13971373216524],[-67.03021343538843,45.135675777531326],[-67.02450843542518,45.135981362894235]]]},"properties":{"SIZE_HA":"20.25","OBJECTID":"68","SITE_NUMBER":"MF-0342","AUTHORIZATION_TYPE":"Q09","AUTHORIZATION_HOLDER":"MOWI Canada East Inc.","AUTHORIZATION_EXPIRY_DATE":"March 31, 2027","SPECIES_CODE_DESCRIPTION":"4: Atlantic Salmon"},"id":68},{"type":"Feature","geometry":{"type":"Polygon","coordinates":[[[-66.81085985389988,45.06569047847412],[-66.81265703824803,45.06695417949093],[-66.81277056255743,45.06681890005503],[-66.81282085200839,45.06672878412689],[-66.81284574821896,45.0666387386076],[-66.81288348996145,45.06657565039386],[-66.81295927144713,45.06650345898495],[-66.81302245568355,45.06644929777844],[-66.81311093330474,45.066377071034125],[-66.81316157000809,45.066349937520684],[-66.81318686346927,45.06633187200092],[-66.81323754984857,45.066313735962574],[-66.81333887274101,45.06626846630876],[-66.81335146965634,45.06625043602089],[-66.81335122080272,45.06620544847628],[-66.8133637679275,45.066178420678234],[-66.81336331997458,45.066097443098286],[-66.81337551864937,45.06600743273718],[-66.81340036388579,45.06590838959096],[-66.81346334788552,45.06581823810541],[-66.81348854142935,45.0657821775015],[-66.81355162475252,45.065710020984696],[-66.81361480753881,45.065655859450125],[-66.81364005072994,45.06562879632141],[-66.8137032831669,45.06558363224621],[-66.81374107308548,45.06552954125893],[-66.81375357004161,45.065493515910354],[-66.81380405612283,45.065439389585855],[-66.81390522742637,45.065367126902714],[-66.81399370223366,45.06529489947293],[-66.81403169119274,45.065276798422126],[-66.81413291180908,45.065213533044215],[-66.81423418210878,45.06515926508385],[-66.81429721387008,45.06507811064622],[-66.81439838389933,45.06500584752363],[-66.81448700736208,45.06496061223279],[-66.81465180759801,45.064915164398165],[-66.81468964614733,45.064870070604044],[-66.81481610755306,45.06477974124894],[-66.81491737642229,45.06472547267806],[-66.8149934530207,45.06470726495869],[-66.81509502186412,45.06470698127239],[-66.81518379448146,45.064688737957525],[-66.815297758924,45.06463443356885],[-66.81539897697753,45.06457116705992],[-66.81551274053,45.064480872427325],[-66.81561385781355,45.064399610713004],[-66.81565169525297,45.064354516598605],[-66.81575271181268,45.0642552597475],[-66.81584113236441,45.064174033370854],[-66.81595489441504,45.064083738295814],[-66.81606865610321,45.06399344310685],[-66.81618246764606,45.06391214531016],[-66.81629627886235,45.0638308473993],[-66.816397494365,45.063767579999904],[-66.816435481531,45.0637494781431],[-66.81654949315876,45.06370417000195],[-66.81667604958655,45.06363183358511],[-66.81673912645783,45.06355967530093],[-66.81676401505874,45.06346962893898],[-66.81683973712698,45.06338843743912],[-66.81694095123235,45.06332516955513],[-66.81697858552694,45.06324408497818],[-66.81700352395664,45.06316303607071],[-66.81700312118299,45.06309105602776],[-66.8170028694501,45.06304606850115],[-66.81695188517078,45.063010221191234],[-66.81687571083017,45.0630104352155],[-66.81673620878294,45.063037819976124],[-66.8166728307221,45.06305599322306],[-66.81657146596248,45.06309226834856],[-66.81645740532258,45.0631285790034],[-66.81633079949741,45.06319191766641],[-66.81619149760996,45.06325529177806],[-66.81601425860016,45.063345764951535],[-66.8159256388829,45.063391001434326],[-66.81582432320408,45.06343627339652],[-66.81569771598248,45.06349961135165],[-66.81564703290914,45.06351774848891],[-66.81553277036342,45.06351806818557],[-66.81545664543366,45.06352727875889],[-66.81536762428651,45.06350053475216],[-66.81526575718075,45.06344683364129],[-66.81520217794447,45.06342901603678],[-66.81513879895193,45.06344718842328],[-66.81503758261215,45.06351045469347],[-66.81493631602719,45.06356472336643],[-66.81484714505123,45.063510986427936],[-66.81474587828241,45.06356525493017],[-66.81459397776524,45.06364665751373],[-66.81444212675216,45.0637370574009],[-66.81430282140694,45.06380042918607],[-66.81422669589574,45.063809638930195],[-66.81413782455996,45.063809886474694],[-66.81404895322322,45.06381013394917],[-66.81394738598003,45.063810416691425],[-66.81393464021431,45.06380145452015],[-66.8139345404939,45.06378345950487],[-66.81392179473636,45.063774497332126],[-66.81392174487821,45.06376549982457],[-66.81392169502008,45.063756502316934],[-66.81393439091345,45.063756466982056],[-66.81393434105334,45.063747469474464],[-66.8139469870826,45.06373843663062],[-66.81395963310791,45.06372940378523],[-66.81397232899516,45.06372936844611],[-66.81398487527815,45.0637023405829],[-66.81401006755225,45.06366627986737],[-66.81404785590345,45.063612188783786],[-66.8140856940664,45.06356709519523],[-66.81414887395671,45.06351293337026],[-66.81421210363008,45.06346776901746],[-66.81430072483909,45.06342253387889],[-66.81431332081756,45.06340450348701],[-66.81440194184673,45.06335926826925],[-66.81440189191288,45.0633502707621],[-66.81449061268212,45.06332303048922],[-66.81454129595312,45.063304893871475],[-66.81456658761644,45.06328682804704],[-66.81464256245363,45.06325062555387],[-66.81466790403634,45.063241557213786],[-66.81475657451708,45.063205319225304],[-66.81481985336235,45.06316915204045],[-66.81490847361835,45.06312391642619],[-66.81492106933717,45.06310588596704],[-66.81495895648915,45.06306978959449],[-66.81499694364877,45.06305168822268],[-66.81502228508573,45.06304261980319],[-66.81506037228286,45.06304251342329],[-66.81514924240892,45.06304226515354],[-66.81518737966373,45.06305115623736],[-66.8152129713811,45.063087075307706],[-66.81523841293183,45.06309600185273],[-66.8152890957596,45.06307786489975],[-66.8152890456852,45.06306886739327],[-66.81537761532056,45.063014633904935],[-66.81544079335912,45.06296047136005],[-66.81545338887203,45.062942440841844],[-66.81551656675771,45.062888278254874],[-66.8155291622305,45.06287024772824],[-66.81554175769531,45.062852217200295],[-66.81561763107302,45.06279801904029],[-66.81564287203653,45.06277095546957],[-66.81564282190635,45.062761957963424],[-66.81573139072326,45.06270772419908],[-66.81573134057912,45.062698726692986],[-66.81581990921241,45.062644492859555],[-66.81585789581136,45.062626391198854],[-66.81589588238613,45.0626082895254],[-66.81590852784822,45.06259925646281],[-66.81598445072038,45.06255405556336],[-66.8160730690832,45.06250881903782],[-66.81611100530603,45.06248171978653],[-66.8161616873044,45.062463582442916],[-66.81623766001678,45.06242737887951],[-66.81628829169367,45.06240024397363],[-66.81633887308178,45.06236411153971],[-66.81637685932678,45.062346009704896],[-66.81642764162682,45.06234586725313],[-66.81646562783116,45.06232776538851],[-66.81651620904137,45.06229163287535],[-66.8165667901871,45.06225550033975],[-66.81661737126836,45.06221936778147],[-66.81666800257723,45.06219223270595],[-66.81669329306543,45.06217416640706],[-66.81673117846515,45.06213806944309],[-66.81675641860281,45.06211100562496],[-66.81681974526418,45.06208383482824],[-66.81683234014372,45.06206580415748],[-66.81684483437505,45.062029778475356],[-66.8169208564008,45.062002571958736],[-66.81695889255532,45.061993467433766],[-66.81700967453726,45.061993324720405],[-66.81706040616454,45.06198418447931],[-66.81711113777548,45.061975044215416],[-66.81716161751842,45.061920916404716],[-66.81717421225295,45.06190288569619],[-66.81719950245048,45.0618848192844],[-66.81725023394982,45.061875678958145],[-66.81727547372267,45.061848615024765],[-66.81727542333441,45.06183961752001],[-66.81732595319605,45.06179448714118],[-66.81735129369699,45.06178541820016],[-66.81737658378552,45.061767351748976],[-66.81738917841756,45.06174932101669],[-66.81743965769402,45.06169519308268],[-66.8175030339866,45.06167701940837],[-66.81755366438621,45.061649883937086],[-66.8176170405914,45.06163171019887],[-66.8176804167559,45.06161353642508],[-66.8177311479343,45.061604395883016],[-66.81776913322436,45.06158629358125],[-66.81784520468842,45.06156808394783],[-66.81785759720587,45.06151406314686],[-66.817870040182,45.06146903984882],[-66.81789522899165,45.06143297827364],[-66.81792046825932,45.06140591419712],[-66.81795840285977,45.06137881432783],[-66.81799628692187,45.061342716941994],[-66.81804686627632,45.061306583746415],[-66.81808485126582,45.06128848133892],[-66.81813548103943,45.061261345607775],[-66.81817326385014,45.061207253155075],[-66.8182110465889,45.06115316068995],[-66.81819819968122,45.06112620399398],[-66.81819799754602,45.06109021397879],[-66.81814696374975,45.0610453697069],[-66.81819754274298,45.06100923644477],[-66.81826112019917,45.0610270523614],[-66.81831185075832,45.06101791155923],[-66.81834978491187,45.060990811559456],[-66.81837502376577,45.060963747382225],[-66.81840021202986,45.06092768569579],[-66.81845089190375,45.06090954732775],[-66.81848887649791,45.06089144478502],[-66.81855220096428,45.0608642730199],[-66.8186028301349,45.06083713708036],[-66.81865340865126,45.06080100361473],[-66.81870403771688,45.06077386762993],[-66.81874187028008,45.06072877249233],[-66.81877975340878,45.06069267484549],[-66.81883038231697,45.06066553880434],[-66.81890640155684,45.0606383309548],[-66.81902050627522,45.06061101533934],[-66.8188420648043,45.060485552854516],[-66.81737652709087,45.05949094747459],[-66.8125302480858,45.062383726487575],[-66.81085985389988,45.06569047847412]]]},"properties":{"SIZE_HA":"17.36","OBJECTID":"69","SITE_NUMBER":"MF-0016","AUTHORIZATION_TYPE":"Q09","AUTHORIZATION_HOLDER":"MOWI Canada East Inc.","AUTHORIZATION_EXPIRY_DATE":"March 31, 2028","SPECIES_CODE_DESCRIPTION":"4: Atlantic Salmon"},"id":69},{"type":"Feature","geometry":{"type":"Polygon","coordinates":[[[-66.8362080549437,45.04165883610588],[-66.83550865061002,45.04217423460405],[-66.8338147396527,45.043422735663654],[-66.83603965338588,45.044935829952884],[-66.83801269691983,45.043567690192766],[-66.84003240774068,45.04216698362807],[-66.84031361909202,45.04197223613563],[-66.84212468625482,45.04071563388384],[-66.84117522573511,45.04015885692155],[-66.83858038060696,45.038636628373375],[-66.83581275362414,45.037057720088086],[-66.83330099474668,45.03882691000417],[-66.8329940265494,45.0390671541156],[-66.83299466106668,45.03906715224194],[-66.8329950098989,45.03912653564313],[-66.83293192800927,45.03918970538691],[-66.83291934331942,45.0392077378226],[-66.83291960752736,45.03925272524838],[-66.83290712849907,45.03928875265304],[-66.83298342942456,45.039315520302786],[-66.83299617267949,45.03932448031522],[-66.8330470400152,45.03934232538056],[-66.83308526984014,45.03936920539214],[-66.8331108092824,45.03939612287768],[-66.83314893341735,45.03940500789743],[-66.8331743671413,45.03941393039843],[-66.83325035099494,45.039386712957125],[-66.8333263347755,45.03935949546468],[-66.83341516764857,45.039359232856],[-66.83346603514687,45.03937707773214],[-66.83351695561382,45.03940392007007],[-66.83366939953818,45.03943046203749],[-66.83369483335515,45.03943938442101],[-66.83379651572207,45.03946607641302],[-66.83393627480403,45.039493555330544],[-66.83396170339053,45.039501577905334],[-66.83397449985104,45.03951953529158],[-66.83397465887946,45.03954652774523],[-66.83398756137741,45.03958248009913],[-66.83397518897551,45.03963650259088],[-66.83389952312328,45.039717705428934],[-66.83381127251387,45.03981694075227],[-66.83372286268568,45.03988918355275],[-66.83363453206637,45.039974922511945],[-66.83354620117991,45.040060661402705],[-66.83343246239126,45.0401419765307],[-66.83338185879745,45.040169119065794],[-66.83326790796231,45.040214444087816],[-66.8331728606549,45.04023721904276],[-66.83307781327095,45.040259993917736],[-66.83298898426936,45.040261156011304],[-66.8329594241262,45.0402627728917],[-66.83331027433564,45.04051304058047],[-66.83414754115589,45.04110260766087],[-66.83491376554635,45.04072738242054],[-66.8362080549437,45.04165883610588]]]},"properties":{"SIZE_HA":"30.26","OBJECTID":"70","SITE_NUMBER":"MF-0027","AUTHORIZATION_TYPE":"Q09","AUTHORIZATION_HOLDER":"MOWI Canada East Inc.","AUTHORIZATION_EXPIRY_DATE":"March 31, 2034","SPECIES_CODE_DESCRIPTION":"4: Atlantic Salmon"},"id":70},{"type":"Feature","geometry":{"type":"Polygon","coordinates":[[[-66.93377684185188,44.92655899834939],[-66.9337769104999,44.92656799569922],[-66.93377704779603,44.92658599039874],[-66.93378978156014,44.92659493897991],[-66.93380251532831,44.92660388755966],[-66.9338279142205,44.92661278736499],[-66.93387864336431,44.926621589608914],[-66.93394203764758,44.9266303430441],[-66.93396736789494,44.92663024546833],[-66.93399269814228,44.9266301478869],[-66.93403062482469,44.92662100415445],[-66.9340559550677,44.92662090655881],[-66.93408121661437,44.92661181160784],[-66.93410647815286,44.92660271665132],[-66.9341317396833,44.92659362168915],[-66.93416959760872,44.92657548056058],[-66.93418226271992,44.926575431747835],[-66.93423271700394,44.92654824443458],[-66.93424531338687,44.926539198265466],[-66.93428317123964,44.926521057098924],[-66.93429576760852,44.9265120109242],[-66.93434615304396,44.92647582621122],[-66.93440934099175,44.926457587335996],[-66.93442186857656,44.926439543798075],[-66.93445972630664,44.92642140257257],[-66.93451011155727,44.92638521778681],[-66.9345478316836,44.926349081833926],[-66.93462347813694,44.926303801937266],[-66.93464867066609,44.92628570951092],[-66.93469912446973,44.92625852199015],[-66.93474950942367,44.926222337098274],[-66.93479996312283,44.926195149532646],[-66.93483782056924,44.92617700818084],[-66.9349008703762,44.92614077433408],[-66.934976585108,44.92610449155043],[-66.9350649647401,44.92606815980434],[-66.93514074813312,44.926040874259115],[-66.93520386646864,44.92601363759192],[-66.93520379759579,44.92600464024373],[-66.93521639370368,44.925995593966896],[-66.9353047041241,44.92595026468545],[-66.93536775338164,44.9259140305789],[-66.93540561045931,44.92589588903728],[-66.9354308025587,44.92587779643731],[-66.9354434675129,44.925877747483085],[-66.93550658552188,44.92585051064711],[-66.93554444251288,44.925832369059094],[-66.93556970347026,44.925823273776],[-66.9355949644196,44.92581417848716],[-66.93565808228524,44.92578694156675],[-66.93567074721891,44.925786892587],[-66.93568334320422,44.92577784625822],[-66.93570860411502,44.9257687509441],[-66.93573379606163,44.92575065827669],[-66.9357591259125,44.92575056029878],[-66.93578445576331,44.92575046231515],[-66.93582238156908,44.92574131798166],[-66.9358476424414,44.92573222263642],[-66.93586030736259,44.92573217363538],[-66.93591096704729,44.92573197761703],[-66.93592356298214,44.92572293126153],[-66.93594889282019,44.92572283324099],[-66.93597415366403,44.92571373786745],[-66.93597408466984,44.92570474052016],[-66.93599941449966,44.92570464248826],[-66.93602467532716,44.92569554710337],[-66.9360752659682,44.92568635366394],[-66.93612585659271,44.925677160201865],[-66.9361384524812,44.92566811382245],[-66.93617637817472,44.92565896937],[-66.9362016389535,44.92564987394564],[-66.9362268997243,44.92564077851551],[-66.93625216048696,44.9256316830798],[-66.93625209144888,44.92562268573285],[-66.9362772831574,44.925604592944545],[-66.93630254389592,44.92559549749766],[-66.9363404695144,44.92558635299007],[-66.93635306534856,44.925577306586824],[-66.93636573023464,44.92557725752902],[-66.93639099094682,44.925568162062376],[-66.93640365583082,44.925568113000324],[-66.93641632071478,44.92556806393684],[-66.93644158141466,44.92555896845883],[-66.93646677303464,44.92554087562845],[-66.93646670396278,44.92553187828172],[-66.93647923069094,44.925513834517666],[-66.93649175741119,44.92549579075226],[-66.93649168833545,44.92548679340555],[-66.93651687990746,44.92546870056408],[-66.93654214054719,44.92545960506366],[-66.9365548054068,44.92545955598467],[-66.93656740117873,44.92545050955769],[-66.93659266180215,44.925441414046006],[-66.93661792241758,44.925432318528664],[-66.93663058727101,44.925432269441174],[-66.93665584787618,44.925423173915384],[-66.93668117757888,44.92542307573045],[-66.93670650728151,44.92542297753982],[-66.93671924124439,44.925431925788764],[-66.93673197521126,44.92544087403634],[-66.9367447091821,44.92544982228247],[-66.93675737403927,44.9254497731807],[-66.93677003889651,44.9254497240775],[-66.93678270375361,44.9254496749729],[-66.93680803346777,44.92544957675943],[-66.93682062919707,44.92544053030412],[-66.93683315579275,44.92542248650116],[-66.9368457515121,44.92541344004305],[-66.93687101207442,44.92540434446908],[-66.93688367692131,44.92540429535314],[-66.93690900661495,44.925404197116976],[-66.93693440545424,44.92541309622142],[-66.93695980430138,44.92542199532012],[-66.93697253830379,44.925430943540384],[-66.93698527231018,44.92543989175926],[-66.93701060201954,44.92543979350022],[-66.93703600089047,44.92544869258169],[-66.93704866574703,44.925448643447154],[-66.93706126143773,44.92543959696505],[-66.93707392629223,44.925439547827715],[-66.93708652197695,44.92543050134284],[-66.9370991176577,44.92542145485653],[-66.93712437818277,44.925412359225774],[-66.93713704303107,44.925412310081335],[-66.93716230354599,44.925403214442134],[-66.93717489920861,44.92539416794745],[-66.93718749486722,44.92538512145132],[-66.9372001597094,44.92538507229981],[-66.93721282455161,44.92538502314686],[-66.93723808504217,44.925375927490755],[-66.93726341472237,44.925375829174925],[-66.93727607956241,44.925375780014875],[-66.93728874440242,44.925375730853396],[-66.93730147844602,44.92538467903643],[-66.93732680812992,44.92538458070633],[-66.93735213781375,44.92538448237056],[-66.93736487186932,44.92539343054638],[-66.9373902015569,44.925393332202034],[-66.93741553124447,44.92539323385199],[-66.93742819608818,44.925393184674874],[-66.93744093015766,44.925402132842024],[-66.93744099938344,44.92541113018786],[-66.93745387191468,44.92543807304524],[-66.9374666059982,44.925447021209564],[-66.93747934008579,44.925455969372386],[-66.93750453132915,44.925437876310774],[-66.9387900272944,44.924614093548264],[-66.94033065702536,44.92403223469103],[-66.93871833263012,44.92188809580809],[-66.93725303758428,44.92237966409935],[-66.9357223272519,44.922601537961924],[-66.93565907506998,44.92261078021458],[-66.93567187717785,44.92262872592766],[-66.93567194611873,44.92263772327357],[-66.93567201505964,44.92264672061939],[-66.9356594887033,44.922664764289635],[-66.93565955764227,44.922673761635494],[-66.9356596265813,44.922682758981324],[-66.93565983339849,44.92270975101898],[-66.93565997127675,44.92272774571076],[-66.93566004021592,44.92273674305658],[-66.93566059173027,44.92280872182398],[-66.93566114324636,44.9228807005916],[-66.93567401435763,44.92290764365059],[-66.93567429012467,44.92294363303457],[-66.93568723020043,44.92297957343821],[-66.93568736808832,44.92299756813019],[-66.93568750597633,44.92301556282226],[-66.9357002392387,44.923024511186334],[-66.93570072186178,44.92308749260861],[-66.93571386883266,44.92315042504771],[-66.9357268779315,44.92319536279314],[-66.93572694688211,44.92320436013931],[-66.93572701583273,44.9232133574854],[-66.93573974914571,44.923222305845044],[-66.93575248246269,44.923231254203266],[-66.93576514682692,44.923231205213966],[-66.93577801806741,44.923258148261446],[-66.93577815598505,44.923276142953675],[-66.93579109620288,44.92331208334579],[-66.93581663186238,44.92333897739535],[-66.93582936521763,44.923347925744885],[-66.93588029867871,44.92338371912862],[-66.93590576543329,44.923401615811805],[-66.93591849881659,44.923410564151254],[-66.9359566989906,44.923437409160954],[-66.935956767978,44.92344640650697],[-66.93598223478469,44.92346430317286],[-66.9359950371876,44.92348224884962],[-66.93599524416831,44.92350924088773],[-66.93598264873403,44.92351828724907],[-66.93598271772568,44.9235272845951],[-66.93597012228537,44.923536330955024],[-66.93595745785346,44.9235363799675],[-66.9359069380846,44.923554570695444],[-66.93588174716382,44.92357266339707],[-66.93586908272358,44.92357271239959],[-66.9358438228129,44.92358180774665],[-66.93581856289417,44.923590903088],[-66.93578070748069,44.92360904476273],[-66.93575544753973,44.92361814008995],[-66.93571759208804,44.923636281743484],[-66.93570499658128,44.92364532807393],[-66.93567987450001,44.923672418077174],[-66.93565482133484,44.923708505421295],[-66.9356421568641,44.92370855439838],[-66.9356295613294,44.92371760072058],[-66.93557911022256,44.92374478864865],[-66.93555385018888,44.923753883930985],[-66.93552865906737,44.923771976554214],[-66.93551606350064,44.92378102286385],[-66.9355033990136,44.92378107182538],[-66.93547820786401,44.923799164437426],[-66.93545294778991,44.92380825969723],[-66.93544028329674,44.9238083086517],[-66.93540235871731,44.92381745285317],[-66.93535170073588,44.92381764863965],[-66.93531370724948,44.923817795464544],[-66.9352757137629,44.923817942276656],[-66.93523772027612,44.92381808907593],[-66.93519972678901,44.923818235862406],[-66.93516166443942,44.92380938528911],[-66.93514899994555,44.92380943421084],[-66.93512360210161,44.92380053470298],[-66.9350982731178,44.92380063253635],[-66.93508553977567,44.92379168410388],[-66.9350475463056,44.92379183083903],[-66.93499681950917,44.92378302911883],[-66.93497149053272,44.9237831269237],[-66.93489536596289,44.92376542560976],[-66.93487003699418,44.9237655233918],[-66.93483204354077,44.92376567005417],[-66.9347940500872,44.923765816703764],[-66.93474325455675,44.92374801752203],[-66.9347179255954,44.92374811526991],[-66.93469259663388,44.923748213012026],[-66.93462927422962,44.92374845734248],[-66.93461660974869,44.923748506204284],[-66.9345913495586,44.9237576012711],[-66.93455342487542,44.92376674518692],[-66.93452816466711,44.923775840239614],[-66.93446497973494,44.923794079172815],[-66.93445245274361,44.92381212271138],[-66.93443985699636,44.92382116890092],[-66.93442732999104,44.92383921243681],[-66.93441494046621,44.923875250666555],[-66.93441507795465,44.923893245361946],[-66.93439002388898,44.92392933242692],[-66.93436503852796,44.92397441683426],[-66.93435251146532,44.923992460362],[-66.9343399843948,44.92401050388849],[-66.93430226568223,44.92404663976382],[-66.93428966985917,44.92405568593685],[-66.93426454692168,44.92408277562671],[-66.93425201980342,44.92410081914356],[-66.93423949267726,44.92411886265907],[-66.93418924667493,44.924173042011205],[-66.93415152775897,44.92420917783687],[-66.93411380879496,44.924245313650054],[-66.93406335649354,44.92427250090239],[-66.93401297282507,44.92430868548057],[-66.93397525370717,44.92434482124783],[-66.93393760321084,44.92438995435111],[-66.93392493858619,44.92439000313544],[-66.93388735668182,44.92444413357056],[-66.93384970605013,44.92448926664495],[-66.93382472001583,44.92453435093533],[-66.93378713792097,44.92458848133785],[-66.933774541896,44.92459752745398],[-66.93374948711454,44.92463361437954],[-66.933699171559,44.92467879616778],[-66.93364885592364,44.924723977933965],[-66.93359840297515,44.92475116498013],[-66.93356061469001,44.924778303261675],[-66.93354801858695,44.924787349352734],[-66.93348483221556,44.924805587740046],[-66.93343437911606,44.92483277471309],[-66.93338392596826,44.92485996166374],[-66.93332087660889,44.92489619465774],[-66.93330828044155,44.92490524072216],[-66.93328315666187,44.924932330196164],[-66.93324536810579,44.92495946837281],[-66.93320764806884,44.92499560388628],[-66.93318266130382,44.925040688037036],[-66.93314494117317,44.9250768235298],[-66.93313248202475,44.92510386427388],[-66.93310735807368,44.92513095370931],[-66.9331074951528,44.92514894840848],[-66.93309489889558,44.92515799444933],[-66.93309517304615,44.925193983847684],[-66.93308271384848,44.92522102458653],[-66.93309565281075,44.92525696529502],[-66.93309592696254,44.92529295469369],[-66.93310886594966,44.92532889540081],[-66.9331090715701,44.925355887449854],[-66.93310934573108,44.92539187684863],[-66.9331096198925,44.92542786624746],[-66.93309709211243,44.92544590963863],[-66.93308476993401,44.925490945077804],[-66.93308483847062,44.92549994242756],[-66.93305985138791,44.925545026553095],[-66.93303500132352,44.92560810537306],[-66.93302254200721,44.92563514610613],[-66.93299748629286,44.925671232868446],[-66.9329600396965,44.92574335770178],[-66.9329351894354,44.925806436500885],[-66.93289746864089,44.92584257191381],[-66.93289767416374,44.9258695639643],[-66.9328852147252,44.925896604682926],[-66.93287261826731,44.925905650699725],[-66.93287275527487,44.925923645400125],[-66.93287289228255,44.92594164010062],[-66.93288576277192,44.92596858348458],[-66.93291143527722,44.92601347289797],[-66.93291164080759,44.92604046494869],[-66.93292451133786,44.92606740832837],[-66.93293724485181,44.92607635700606],[-66.93295018391872,44.926112297733106],[-66.93296319152063,44.926157235808894],[-66.93296346559498,44.92619322521004],[-66.93297619914321,44.926202173883325],[-66.93300194035083,44.92625606062676],[-66.93300200887568,44.92626505797704],[-66.9330147424461,44.926274006645976],[-66.93302747602058,44.92628295531356],[-66.93304014106806,44.926282906629346],[-66.93306553969788,44.92629180660689],[-66.93309086979667,44.92629170922851],[-66.93311626843841,44.92630060919457],[-66.933141598541,44.92630051180473],[-66.93316699719448,44.926309411759405],[-66.93319253296623,44.92633630640861],[-66.93321793164371,44.92634520635183],[-66.9332433988923,44.92636310363934],[-66.93326879758972,44.92637200357101],[-66.93334506230887,44.92640770068166],[-66.9333703924586,44.92640760324028],[-66.93342125853218,44.926434400390505],[-66.93344665728912,44.92644330028198],[-66.9334593223718,44.926443251550594],[-66.93348472113861,44.92645215143355],[-66.9335101885191,44.92647004866062],[-66.93354825239632,44.92647889979061],[-66.93359911861737,44.92650569686037],[-66.93361185233555,44.926514645461765],[-66.93363725115805,44.92652354531016],[-66.93364998488623,44.92653249390716],[-66.93366264998858,44.926532445152894],[-66.93368804882698,44.92654134498986],[-66.93370078256714,44.926550293581066],[-66.93372611277945,44.926550196059594],[-66.93373877788568,44.926550147296744],[-66.93375144299173,44.92655009853247],[-66.9337641080978,44.92655004976675],[-66.93377684185188,44.92655899834939]]]},"properties":{"SIZE_HA":"5.19","OBJECTID":"71","SITE_NUMBER":"MF-0052","AUTHORIZATION_TYPE":"Q09","AUTHORIZATION_HOLDER":"MOWI Canada East Inc.","AUTHORIZATION_EXPIRY_DATE":"March 31, 2025","SPECIES_CODE_DESCRIPTION":"4: Atlantic Salmon"},"id":71},{"type":"Feature","geometry":{"type":"Polygon","coordinates":[[[-66.92955994498222,44.92330002616075],[-66.92959780218257,44.92328188657366],[-66.92963572734567,44.92327274432559],[-66.92966098811722,44.92326365036924],[-66.92969884526102,44.92324551074837],[-66.92972410601044,44.92323641677796],[-66.92976196311591,44.92321827713593],[-66.92979982019729,44.92320013748131],[-66.92990079497217,44.9231547641242],[-66.92993865196681,44.92313662442311],[-66.92997650893733,44.923118484709434],[-66.93003955846744,44.92308225359096],[-66.93007741536947,44.92306411384358],[-66.9301026079171,44.923046022437475],[-66.93016558921616,44.923000793898034],[-66.93019078170775,44.92298270247242],[-66.93021604226149,44.922973608392184],[-66.93025389903475,44.92295546858578],[-66.93026649525844,44.92294642286392],[-66.93030435199758,44.922928283040584],[-66.93032961250881,44.92291918893503],[-66.93032954441279,44.92291019158424],[-66.93035473681206,44.92289210012231],[-66.93039245727498,44.92285596556813],[-66.93043024580173,44.922828828352245],[-66.93048069856773,44.922801642728665],[-66.93049329472127,44.922792596981616],[-66.93053108315785,44.9227654597321],[-66.93055634356045,44.922756365575935],[-66.93056893969188,44.92274731982054],[-66.93058160395493,44.922747271414146],[-66.9305942000804,44.92273822565594],[-66.93063219286329,44.92273808042404],[-66.93068278175518,44.92272888941123],[-66.93069544601398,44.922728840992114],[-66.93074610304888,44.922728647301234],[-66.930758699144,44.92271960152468],[-66.93078402765723,44.9227195046679],[-66.93080935617033,44.922719407805424],[-66.93082195225327,44.92271036202173],[-66.93083461650781,44.92271031358694],[-66.93085980865762,44.92269222201275],[-66.93087247290802,44.9226921735737],[-66.93088506897483,44.92268312778305],[-66.9308977332232,44.92268307934119],[-66.93091032928409,44.92267403354773],[-66.93093558958513,44.922664939306856],[-66.93096084987806,44.92265584506024],[-66.93098611016293,44.92264675080794],[-66.93099877440312,44.922646702354726],[-66.93101143864324,44.92264665390009],[-66.93104936315387,44.92263751117759],[-66.93107469162985,44.92263741425554],[-66.93112534858139,44.92263722039429],[-66.93115067705712,44.92263712345511],[-66.9311887380018,44.9226459753855],[-66.93125212744155,44.922654730341165],[-66.93129018841368,44.92266358223726],[-66.93130292090677,44.922672531099586],[-66.93132831765138,44.92268143147021],[-66.9313409818988,44.922681382978524],[-66.93139177541565,44.92269918369683],[-66.9314425689641,44.9227169843923],[-66.93146796575027,44.92272588473138],[-66.93151882763033,44.92275268274195],[-66.93158235382728,44.92277943221073],[-66.93160775066312,44.922788332518266],[-66.9316458800839,44.922806181643544],[-66.93165861266485,44.9228151304656],[-66.9316713452498,44.92282407928631],[-66.93168407783871,44.92283302810552],[-66.93174753588268,44.92285078013137],[-66.93179826134927,44.92285958331666],[-66.93181099396611,44.92286853212144],[-66.93187438374866,44.922877286726425],[-66.93192504090986,44.92287709250516],[-66.93197569807072,44.92287689826114],[-66.93220379207419,44.92289401857928],[-66.93225444924865,44.92289382420986],[-66.93231770230557,44.92288458386711],[-66.93235569517978,44.92288443805382],[-66.93244434521858,44.922884097772865],[-66.93253292681145,44.92287476007339],[-66.93263417266175,44.92286537366713],[-66.9327607470473,44.92285588986868],[-66.9328239999787,44.92284664924182],[-66.9328746571079,44.92284645459362],[-66.93293784150148,44.92282821655452],[-66.93296310154498,44.92281912185929],[-66.93298843009701,44.9228190245068],[-66.93303901867613,44.92280983243631],[-66.93311486724576,44.922791545614075],[-66.93321611284992,44.92278215868534],[-66.93322870856285,44.92277311263322],[-66.93329202988978,44.922772869092086],[-66.93331722128337,44.92275477696957],[-66.93334248123334,44.922745682189486],[-66.93339300110898,44.92272749261245],[-66.93340559678163,44.922718446540706],[-66.93341826103466,44.92271839781543],[-66.93341812386588,44.92270040311961],[-66.93345584225146,44.92266426754403],[-66.93346816353142,44.922619232074055],[-66.93346788916307,44.922583242682855],[-66.93348034760388,44.9225562019074],[-66.93349301182069,44.922556153173815],[-66.93350553884159,44.92253810974341],[-66.93354339427191,44.92251996883444],[-66.93355598987476,44.92251092274617],[-66.93356851686575,44.922492879308805],[-66.93358104384878,44.92247483587012],[-66.93359357082387,44.92245679243],[-66.93360609779104,44.92243874898856],[-66.93361848751915,44.92240271085064],[-66.93363108308411,44.92239366475409],[-66.93363094584913,44.922375670059054],[-66.93364340416727,44.92234862926606],[-66.93364326692853,44.922330634571146],[-66.93366845801461,44.92231254237122],[-66.9336809163011,44.922285501574294],[-66.93370610735532,44.92226740936602],[-66.93371863424518,44.922249365912464],[-66.933718496983,44.92223137121771],[-66.93374375663625,44.92222227634847],[-66.93375628350427,44.922204232890806],[-66.93376881036438,44.92218618943175],[-66.93379400134663,44.922168097204114],[-66.9338191923128,44.92215000497087],[-66.9338443832629,44.92213191273206],[-66.93386957419703,44.922113820487624],[-66.9338947651151,44.922095728237636],[-66.93390729190746,44.92207768476346],[-66.93391975002925,44.922050643940814],[-66.9339195440416,44.92202365189963],[-66.93394466623754,44.92199656229162],[-66.93396992575019,44.921987467372105],[-66.93399518525477,44.92197837244696],[-66.93403317751711,44.921978226068994],[-66.93404591028691,44.921987174620405],[-66.934071307152,44.92199607437202],[-66.93409663533458,44.921995976771015],[-66.93412196351713,44.92199587916432],[-66.9341344902154,44.921977835665146],[-66.93413442151896,44.92196883831838],[-66.93413435282258,44.92195984097153],[-66.93414674211243,44.921923802777414],[-66.93417193285808,44.921905710466014],[-66.93419712358778,44.921887618148936],[-66.9342097189466,44.92187857198836],[-66.93422231430141,44.92186952582637],[-66.93426023777394,44.92186038202528],[-66.93429829867861,44.92186923290469],[-66.9343109627413,44.92186918407944],[-66.93437435178902,44.92187793727839],[-66.93442507678958,44.921886739281135],[-66.9344504736688,44.92189563894714],[-66.93447587055596,44.9219045386075],[-66.93450126745108,44.921913438262116],[-66.9345265955958,44.921913340564465],[-66.93453925966811,44.92191329171355],[-66.93460264879963,44.92192204478385],[-66.93464064102193,44.92192189820112],[-66.93469115974926,44.92190370804495],[-66.93475441130435,44.921894466337235],[-66.93477967064157,44.921885371236556],[-66.9347921971066,44.92186732766483],[-66.93481745642572,44.921858232555664],[-66.93490582956979,44.92182190095621],[-66.93494368407569,44.92180375957934],[-66.93500686664396,44.921785520384326],[-66.93508257551852,44.921749237550245],[-66.93512049877151,44.92174009346007],[-66.93514575798143,44.92173099827757],[-66.93520900926963,44.9217217563152],[-66.93523426845721,44.92171266111297],[-66.93529751971043,44.92170341910103],[-66.9353101148531,44.92169437281791],[-66.93533544289815,44.92169427493863],[-66.93536077094305,44.92169417705365],[-66.93538609898793,44.92169407916298],[-66.93541149593067,44.921702978612124],[-66.935424159955,44.9217029296618],[-66.93557550792943,44.921621366038615],[-66.93652157833854,44.92113183283883],[-66.93659728537402,44.92109554899162],[-66.9354176702629,44.91920161885687],[-66.93256339312586,44.918555790118326],[-66.92816515745666,44.91971529003562],[-66.92776073474461,44.919824797816005],[-66.92797913127148,44.9202378582576],[-66.92904569752486,44.922285255959956],[-66.92955994498222,44.92330002616075]]]},"properties":{"SIZE_HA":"24.32","OBJECTID":"72","SITE_NUMBER":"MF-0053","AUTHORIZATION_TYPE":"Q09","AUTHORIZATION_HOLDER":"MOWI Canada East Inc.","AUTHORIZATION_EXPIRY_DATE":"March 31, 2036","SPECIES_CODE_DESCRIPTION":"4: Atlantic Salmon"},"id":72},{"type":"Feature","geometry":{"type":"Polygon","coordinates":[[[-66.93533852741734,44.915397825529666],[-66.93526296730006,44.91538624068823],[-66.93512867806311,44.9153451005972],[-66.9350197796257,44.91534552121524],[-66.93462673583572,44.91543035631252],[-66.93454345355164,44.915435626311165],[-66.93451791848376,44.91542483771097],[-66.93445902710744,44.91540715963172],[-66.93436267936548,44.915309997136575],[-66.93433735509862,44.91522731679693],[-66.93432944103358,44.91510300037466],[-66.93422968245362,44.914973639485936],[-66.93417918485271,44.9149440520617],[-66.93416407592672,44.91493880171038],[-66.93415747355773,44.914936487780516],[-66.934103625572,44.91493246644137],[-66.9340917358534,44.914934221807684],[-66.93384003588383,44.91497244161542],[-66.93357698085781,44.91499954753551],[-66.93352338198775,44.91499498510362],[-66.93347294851294,44.91497376489149],[-66.93344473140907,44.9149599271839],[-66.93343926595092,44.914957248932815],[-66.93340969118643,44.914914804049616],[-66.93338385921479,44.91488161229407],[-66.93329419339689,44.9147469931394],[-66.93316633506923,44.91458552797285],[-66.93302615760047,44.91446909805799],[-66.93294353398673,44.914411021191746],[-66.93227796610891,44.91404287601267],[-66.93076207310135,44.91544160278831],[-66.93643748513087,44.91831005798362],[-66.93803669913487,44.91954938981201],[-66.93920337952282,44.91878913758313],[-66.93927385764445,44.917437241642126],[-66.93917419667436,44.91742089468921],[-66.93835497847246,44.91722118957157],[-66.93826105394498,44.917209678198006],[-66.93813048018339,44.917207846767816],[-66.93805676428474,44.9172223496891],[-66.93781568856528,44.917292748498],[-66.937656605565,44.91730524354664],[-66.93751410065228,44.91729985871344],[-66.93732805983066,44.917264950620556],[-66.93711108846503,44.917176446520735],[-66.93700180982249,44.91711136792469],[-66.93694517269125,44.91705778193028],[-66.93680153974415,44.916921935234406],[-66.93671711259117,44.91684434329306],[-66.9366631474457,44.916808831994324],[-66.93612056042741,44.91631813499556],[-66.93606594337854,44.91626355100686],[-66.93603889746295,44.91623747266335],[-66.93601517946983,44.9161995045881],[-66.93594194512667,44.91599590222578],[-66.93579339000516,44.915729338061745],[-66.93562601970547,44.91556865834985],[-66.93547116817491,44.915455167439085],[-66.93533852741734,44.915397825529666]]]},"properties":{"SIZE_HA":"13.56","OBJECTID":"73","SITE_NUMBER":"MF-0054","AUTHORIZATION_TYPE":"Q09","AUTHORIZATION_HOLDER":"MOWI Canada East Inc.","AUTHORIZATION_EXPIRY_DATE":"March 31, 2036","SPECIES_CODE_DESCRIPTION":"4: Atlantic Salmon"},"id":73},{"type":"Feature","geometry":{"type":"Polygon","coordinates":[[[-66.97627834280424,45.00921969451574],[-66.97617717689619,45.009256112544534],[-66.97605071932819,45.00930163495334],[-66.97600021173615,45.00932884122929],[-66.97591180446395,45.009374202820126],[-66.97576035660293,45.00946481874737],[-66.97567194892673,45.009510180151295],[-66.97558354110906,45.00955554148623],[-66.97546976598035,45.00960100974021],[-66.97535629223167,45.0096824672913],[-66.97531846757644,45.00970961978319],[-66.97650643177174,45.01070334644935],[-66.9805816127509,45.01411416228772],[-66.98445610790844,45.01179417524471],[-66.9840983588233,45.01000517475214],[-66.98392625667593,45.00916013229427],[-66.98382478888026,45.00916056779858],[-66.98369787742021,45.00915211470622],[-66.98357104268999,45.00915265881539],[-66.98349494185035,45.00915298521235],[-66.98334243354293,45.00911764847355],[-66.98331698995938,45.00910875988211],[-66.98329154638374,45.00909987128492],[-66.98327870962989,45.00908193096705],[-66.98327809646281,45.00900995220951],[-66.98327748329768,45.00893797345219],[-66.98326464658514,45.008920033132796],[-66.98321375962769,45.00890225590882],[-66.98316279607491,45.00887548131714],[-66.98308646575836,45.00884881540334],[-66.98295963169747,45.00884935882326],[-66.98284548104017,45.00884984777918],[-66.98273133038036,45.008850336619524],[-66.98270604012151,45.00885944258019],[-66.98268113260859,45.00891353526134],[-66.98266860228549,45.00893158425473],[-66.98256744101589,45.00896800800776],[-66.98252931418891,45.00895917352828],[-66.98249126389453,45.00895933638134],[-66.98244037714281,45.0089415588078],[-66.98235128715447,45.008905949325964],[-66.98227495717609,45.00887928286211],[-66.9822239940853,45.00885250784504],[-66.98213467498005,45.00878990615456],[-66.98208325330104,45.00870914699947],[-66.98205735138795,45.00864627404874],[-66.98203144953249,45.00858340109209],[-66.98199278795961,45.00851158501058],[-66.9819542029197,45.00844876626162],[-66.98187733878582,45.0083591181072],[-66.98183898322624,45.00832329135616],[-66.98169862669945,45.00822491675861],[-66.98167295460402,45.00818903575749],[-66.98168533229835,45.008152992183405],[-66.98168464477641,45.00807201607056],[-66.98168403364782,45.00800003730394],[-66.9816711976518,45.00798209680252],[-66.98160739968684,45.00793738100287],[-66.98150562860168,45.007901825031865],[-66.98145481946118,45.007893044357864],[-66.9813530485507,45.00785748824891],[-66.9812512777676,45.00782193204781],[-66.98114965972326,45.00780437044723],[-66.98103543485772,45.007795860219844],[-66.9809212100261,45.007787349876686],[-66.98080706147961,45.007787836764344],[-66.98069291293079,45.00778832353643],[-66.98057876437956,45.00778881019295],[-66.98054063865266,45.00777997503927],[-66.980439097094,45.00777141014453],[-66.98033747938875,45.007753847811244],[-66.98024862106993,45.00774522870467],[-66.9801217132936,45.00773677157968],[-66.980020171874,45.00772820630735],[-66.97985529079494,45.00772890823432],[-66.97970309287125,45.00772955595289],[-66.97958894442564,45.00773004160696],[-66.97947479597771,45.00773052714547],[-66.97936064752726,45.007731012568435],[-66.97932252202739,45.00772217700233],[-66.97920829759404,45.007713664922896],[-66.97909414917426,45.00771415007593],[-66.97903073338438,45.00771441955547],[-66.97890352205536,45.00766997166529],[-66.97886532072377,45.00765213859592],[-66.97878884220155,45.00760747506978],[-66.97868752895481,45.00762590064196],[-66.97857376018995,45.0076713720112],[-66.9784347766737,45.00773494561733],[-66.97830847602341,45.00779846524253],[-66.97818202341955,45.00784399002857],[-66.97806817799344,45.007880463540474],[-66.97796678822166,45.007889891117316],[-66.9778652468455,45.007881323903874],[-66.97783980467035,45.00787243407405],[-66.97782651524389,45.00780050903503],[-66.97782583323581,45.007719532889126],[-66.97786327644269,45.00764739281654],[-66.97790079534472,45.00758425008134],[-66.97797651511662,45.00753894071807],[-66.97806499369347,45.00750257487067],[-66.97815354798678,45.00747520630327],[-66.97830536598373,45.00742957393326],[-66.97839384417853,45.00739320782876],[-66.97840637552574,45.0073751593099],[-66.97839354070688,45.007357218433526],[-66.97839331310344,45.0073302263871],[-66.97835480871433,45.00727640374917],[-66.97832906330488,45.007231524634356],[-66.97830339378937,45.00719564286262],[-66.97826519296567,45.00717780958923],[-66.97821430913062,45.00716003010397],[-66.97811276902472,45.007151463111256],[-66.9780239119808,45.007142842248896],[-66.97789693008514,45.00712538526726],[-66.97774427916103,45.00707204624287],[-66.97769331982713,45.0070452691726],[-66.97760423578582,45.00700965593092],[-66.97752791058076,45.00698298624601],[-66.97743882674067,45.00694737287332],[-66.97736242599326,45.00691170572659],[-66.9773369843319,45.006902815782595],[-66.97724790073727,45.00686720225875],[-66.97715866591227,45.00681359396476],[-66.9770694312558,45.00675998559993],[-66.97694192105193,45.00667954609168],[-66.97685261118886,45.00661694020472],[-66.97677606003457,45.00656327795955],[-66.97676330152296,45.006554334246964],[-66.97675054301536,45.00654539053293],[-66.97675046740966,45.00653639318286],[-66.9767377089081,45.00652744946738],[-66.97672495041056,45.00651850575044],[-66.97671211631747,45.00650056468189],[-66.97671204071796,45.00649156733183],[-66.97671188951902,45.00647357263173],[-66.9766990554403,45.00645563156178],[-66.97668614577452,45.00642869314026],[-66.97668607017927,45.006419695790186],[-66.97667331171415,45.00641075206736],[-66.97664779479598,45.00639286461734],[-66.97663496075583,45.00637492354014],[-66.97662220230885,45.00636597981153],[-66.97649628048846,45.00647448415098],[-66.97650919007476,45.006501422594376],[-66.97652202410394,45.00651936368618],[-66.97652217524283,45.006537358386716],[-66.9765350848558,45.00656429682722],[-66.97654791890744,45.006582237916035],[-66.97654807005479,45.0066002326166],[-66.97656082854294,45.00660917635362],[-66.97656097969448,45.00662717105423],[-66.97657373819084,45.006636114789735],[-66.97657381376867,45.00664511214002],[-66.976586572271,45.006654055874115],[-66.97671415751546,45.0067434931356],[-66.97673975021709,45.00677037792064],[-66.97682913581693,45.00684198124724],[-66.9768419700246,45.00685992230255],[-66.97690591429152,45.00692263550658],[-66.97700798334105,45.00699418503738],[-66.97703357629514,45.00702106975562],[-66.97716108739803,45.00710150915981],[-66.9772375639596,45.00714617379298],[-66.97730143329244,45.00719988942225],[-66.97731426773065,45.007217830423556],[-66.97737828863026,45.00728954070872],[-66.97740403331504,45.007334420042255],[-66.97741717066829,45.007388350431015],[-66.97741724638139,45.007397347780795],[-66.97740539611591,45.00749637233888],[-66.97739354580969,45.00759539689626],[-66.97739445432873,45.00770336509544],[-66.97744594414283,45.007793123750176],[-66.97753518078284,45.007846731815846],[-66.9776371765418,45.007909283425484],[-66.9777390209951,45.00795384024317],[-66.97784086560812,45.00799839696866],[-66.97798076007983,45.00804279228524],[-66.97812073059593,45.008096184777294],[-66.97815893199396,45.00811401809917],[-66.9782609289202,45.00817656914306],[-66.97833740779724,45.008221233027896],[-66.9783756852142,45.008248063625416],[-66.97840143112502,45.00829294273087],[-66.97838935478924,45.0083649753459],[-66.9783645951027,45.00843706177855],[-66.978352063509,45.00845511029421],[-66.9782006220065,45.008545729482506],[-66.97809953436308,45.008591146579754],[-66.97801120573297,45.008645507159166],[-66.97792280113771,45.00869087032002],[-66.9777963462364,45.008736394680135],[-66.97766989113161,45.00878191889896],[-66.97754351155957,45.008836440326746],[-66.97741720746016,45.008899958963994],[-66.97732872629025,45.00893632431071],[-66.97725292844856,45.0089726358962],[-66.97716444705966,45.0090090011147],[-66.97707604121942,45.00905436361484],[-66.97703806649449,45.00906352197846],[-66.97702538303209,45.00906357564651],[-66.97693675007451,45.00908194598509],[-66.97689869967428,45.00908210695082],[-66.976784472856,45.009073592419846],[-66.9766956886,45.00907396786664],[-66.97660705551844,45.0090923379462],[-66.97649328214156,45.00913780722856],[-66.97639219207215,45.00918322280113],[-66.97627834280424,45.00921969451574]]]},"properties":{"SIZE_HA":"23.43","OBJECTID":"74","SITE_NUMBER":"MF-0222","AUTHORIZATION_TYPE":"Q09","AUTHORIZATION_HOLDER":"MOWI Canada East Inc.","AUTHORIZATION_EXPIRY_DATE":"March 31, 2029","SPECIES_CODE_DESCRIPTION":"4: Atlantic Salmon"},"id":74},{"type":"Feature","geometry":{"type":"Polygon","coordinates":[[[-66.8308255254067,45.05162434900303],[-66.82746438510165,45.05207504278356],[-66.82748024396064,45.05481927864],[-66.82981994977433,45.05550527969678],[-66.8312524465757,45.052999735749665],[-66.8321010632496,45.05268232249486],[-66.83232906946037,45.05260067206159],[-66.8322781376796,45.05257382918707],[-66.83221435433855,45.0525200312069],[-66.83216321172544,45.052457198316446],[-66.83215046564318,45.05244823820852],[-66.8320867352923,45.052403437647044],[-66.83203564564552,45.0523496021898],[-66.8320100481433,45.05231368696141],[-66.83200967913746,45.05225070452409],[-66.83200957370741,45.05223270954204],[-66.83199672227407,45.05220575443469],[-66.8319963532841,45.05214277199752],[-66.83199630057132,45.05213377450653],[-66.83199593158248,45.05207079206966],[-66.83199587886988,45.05206179457871],[-66.83198308019257,45.05204383696086],[-66.83193193826699,45.05198100396597],[-66.83191887612703,45.051918058885995],[-66.83191861262642,45.05187307143118],[-66.83190576131835,45.05184611631364],[-66.83190539243292,45.05178313387713],[-66.83190502354849,45.05172015144076],[-66.83189196149948,45.05165720635829],[-66.83189190880394,45.0516482088674],[-66.83187889947963,45.05159426127444],[-66.83187884678624,45.05158526378358],[-66.83190386420404,45.05152220664194],[-66.83191655733943,45.051522169286926],[-66.83191634654256,45.05148617932372],[-66.83191624114421,45.05146818434214],[-66.8308255254067,45.05162434900303]]]},"properties":{"SIZE_HA":"10.72","OBJECTID":"75","SITE_NUMBER":"MF-0022","AUTHORIZATION_TYPE":"Q09","AUTHORIZATION_HOLDER":"MOWI Canada East Inc.","AUTHORIZATION_EXPIRY_DATE":"March 31, 2033","SPECIES_CODE_DESCRIPTION":"4: Atlantic Salmon"},"id":75},{"type":"Feature","geometry":{"type":"Polygon","coordinates":[[[-66.8997571553026,44.95354272611413],[-66.9004512280622,44.95493489258092],[-66.90420799702733,44.95398572657365],[-66.90417778980498,44.953302015813975],[-66.90416127836433,44.95276221786253],[-66.90416108634992,44.95273522569286],[-66.9041356803917,44.95272631919697],[-66.9041229454162,44.9527173672519],[-66.9041102104447,44.952708415305445],[-66.90409747547723,44.952699463357476],[-66.90407206954487,44.952690556847124],[-66.90405939857597,44.95269060228481],[-66.9040467276071,44.952690647721056],[-66.90403412062273,44.95269969054589],[-66.90402144965175,44.952699735979294],[-66.90399617168829,44.95270882423179],[-66.90398350071521,44.95270886966095],[-66.90395815876907,44.95270896051494],[-66.9039580947965,44.95269996312496],[-66.90394542382538,44.952700008549805],[-66.90393262491719,44.952682059193144],[-66.9039325609487,44.9526730618031],[-66.90393249698026,44.95266406441309],[-66.90393243301182,44.952655067023066],[-66.90391969808422,44.95264611505501],[-66.90391963411783,44.95263711766492],[-66.9039195701515,44.95262812027495],[-66.90390677126774,44.95261017091542],[-66.90389410031662,44.95261021633447],[-66.90388136540518,44.95260126436208],[-66.90386869445597,44.95260130977826],[-66.90385602350673,44.95260135519301],[-66.90384335255744,44.95260140060636],[-66.90380533970959,44.952601536837825],[-66.90379266876023,44.952601582245485],[-66.90376732686138,44.95260167305649],[-66.90375465591195,44.95260171845984],[-66.9037419849625,44.95260176386179],[-66.90374192102433,44.95259276647169],[-66.9037291861408,44.95258381448197],[-66.90372912220468,44.95257481709183],[-66.9037290582686,44.95256581970171],[-66.90372899433254,44.95255682231158],[-66.90372893039653,44.95254782492145],[-66.90372886646053,44.95253882753136],[-66.90372880252455,44.95252983014124],[-66.90371606765714,44.952520878150054],[-66.90370333279377,44.95251192615753],[-66.90369066186432,44.95251197155366],[-66.90365252122794,44.95249411295318],[-66.90362711545696,44.9524852063424],[-66.90357630393879,44.952467393103596],[-66.9035254924525,44.95244957984194],[-66.90344940306584,44.95244085468693],[-66.90342399735027,44.95243194803028],[-66.90339865552635,44.95243203875823],[-66.90338598461432,44.95243208412009],[-66.90332250231086,44.95241431612711],[-66.90329716049449,44.95241440683223],[-66.90324641300208,44.95240559083494],[-66.90318312231956,44.95241481493476],[-66.90315778050267,44.952414905608535],[-66.90313243868565,44.952414996276616],[-66.90311976777704,44.952415041608525],[-66.90310703303118,44.95240608954842],[-66.90309429828929,44.9523971374869],[-66.9030434870163,44.95237932400758],[-66.90300541049302,44.95237046257836],[-66.90298006869547,44.95237055321212],[-66.90295472689776,44.95237064384022],[-66.90294205599889,44.95237068915208],[-66.90292938510005,44.95237073446259],[-66.90287863770313,44.9523619182995],[-66.9028659668061,44.95236196360285],[-66.90285329590914,44.952362008904764],[-66.90281528321788,44.95236214480195],[-66.90280261232068,44.95236219009822],[-66.90277727052636,44.95236228068634],[-66.90276459962918,44.952362325978264],[-66.9027392578347,44.952362416557904],[-66.90272658693738,44.95236246184559],[-66.90271391604006,44.95236250713181],[-66.90268857424542,44.952362597700045],[-66.90265056155317,44.95236273354167],[-66.90263789065567,44.95236277881935],[-66.90261248510181,44.95235387197946],[-66.9025997504494,44.95234491986194],[-66.902587015801,44.95233596774294],[-66.90254893937741,44.95232710615929],[-66.90253626848776,44.95232715142555],[-66.90247285030249,44.95231838034441],[-66.90244757225969,44.95232746824946],[-66.90242229420873,44.95233655614881],[-66.90237173808252,44.95235473193066],[-66.90230857473453,44.95238195032178],[-66.90229596754119,44.952390992952274],[-66.90228329663705,44.9523910381901],[-66.90227068943769,44.95240008081778],[-66.90225801853144,44.952400126052794],[-66.90222000581255,44.95240026174922],[-66.90220733490628,44.95240030697853],[-66.90216938587596,44.95240944004917],[-66.90215677865424,44.95241848266417],[-66.90213150051616,44.95242757049859],[-66.9021316278819,44.95244556528136],[-66.9021190843272,44.952463605283604],[-66.90211914800815,44.952472602674966],[-66.90211927537013,44.9524905974579],[-66.90211933905117,44.95249959484936],[-66.90211940273221,44.95250859224077],[-66.90210673180161,44.95250863745882],[-66.90210679548068,44.952517634850274],[-66.9021069228389,44.95253562963325],[-66.9020817083158,44.95255371484806],[-66.90206910104827,44.95256275745339],[-66.90204375916278,44.952562847876735],[-66.9020058099974,44.952571980892685],[-66.90199313905254,44.95257202609796],[-66.9019551262178,44.952572161705206],[-66.90194245527279,44.952572206904826],[-66.9019297206767,44.952563254711315],[-66.9019170497336,44.952563299908036],[-66.90190437879053,44.95256334510334],[-66.9018917078475,44.95256339029717],[-66.90186642960239,44.95257247807234],[-66.9018411513491,44.95258156584179],[-66.90182854403702,44.95259060842029],[-66.90179065844755,44.95260873875565],[-66.90176538016597,44.95261782650825],[-66.90174010187636,44.95262691425516],[-66.90172743091895,44.95262695943059],[-66.9017147599615,44.95262700460455],[-66.90170208900399,44.95262704977713],[-66.90168941804652,44.952627094948255],[-66.90165146878093,44.952636227845055],[-66.90162619046482,44.952645315566436],[-66.90160091214055,44.95265440328228],[-66.90158836837125,44.95267244322599],[-66.90155041905913,44.952681576088835],[-66.9015378752678,44.95269961602699],[-66.90152526788115,44.95270865857182],[-66.9014747747153,44.95273583134473],[-66.90144962347738,44.952762913810915],[-66.90143701606259,44.95277195634596],[-66.9014244086439,44.95278099887948],[-66.90138658636374,44.952808126471766],[-66.90136143505174,44.95283520891858],[-66.90132361270545,44.95286233648994],[-66.90129839778783,44.95288042153059],[-66.90124796790442,44.95291659159493],[-66.90118480339223,44.95294380935903],[-66.9011595248645,44.95295289697623],[-66.90108362571472,44.95297116240152],[-66.90102039755507,44.95298938268112],[-66.90100772651597,44.95298942777577],[-66.90099511898065,44.952998470261676],[-66.90098244793946,44.952998515353464],[-66.90094443481571,44.95299865062027],[-66.90091921971683,44.95301673557644],[-66.90089394111399,44.95302582313427],[-66.9008687259868,44.9530439080792],[-66.90084357432363,44.95307099041142],[-66.90081835916047,44.95308907534524],[-66.90080581504684,44.95310711520292],[-66.90078053638558,44.95311620273547],[-66.90074271357466,44.95314333011306],[-66.90073010596294,44.95315237256944],[-66.90070495418571,44.953179454871055],[-66.9006671312966,44.95320658222356],[-66.90065452365893,44.95321562467156],[-66.90064191601708,44.95322466711825],[-66.9006293083713,44.95323370956347],[-66.90060409306778,44.953251794449734],[-66.90059161229073,44.95327883167706],[-66.90056639695509,44.95329691655495],[-66.90055385271575,44.953314956385],[-66.90052870078269,44.95334203864784],[-66.90051609309289,44.9533510810805],[-66.90050348539906,44.95336012351179],[-66.90049094112578,44.953378163335],[-66.90047833342196,44.95338720576345],[-66.90046572571411,44.953396248190664],[-66.90045311800229,44.953405290616345],[-66.90044051028642,44.95341433304066],[-66.9003774082401,44.953450547747934],[-66.90033945821258,44.95345968020457],[-66.9003268504665,44.95346872261624],[-66.90028883702594,44.95346885766242],[-66.90026355812083,44.953477945079605],[-66.90023821582281,44.953478035097596],[-66.90022554467379,44.95347808010444],[-66.90021293690555,44.95348712250343],[-66.90020026575446,44.95348716750747],[-66.90014977126218,44.95351433969018],[-66.90011188452011,44.953532469463966],[-66.90009921335879,44.95353251445665],[-66.90008654219741,44.95353255944787],[-66.90004859206812,44.95354169180679],[-66.90001057857766,44.953541826759206],[-66.9000103251826,44.95350583718419],[-66.90002274293543,44.953469802626664],[-66.90002267958484,44.953460805232986],[-66.90003516067253,44.95343376806786],[-66.90002242618264,44.953424815658174],[-66.90002223613126,44.95339782347719],[-66.90000950165141,44.953388871066],[-66.89999676717564,44.953379918653475],[-66.89998409604821,44.95337996363309],[-66.8999334748747,44.95338914093123],[-66.89992080374506,44.953389185903774],[-66.89988291701299,44.953407315600515],[-66.89987037253209,44.95342535535498],[-66.89985770139441,44.95342540032047],[-66.89984509357903,44.953434442678386],[-66.89983248575972,44.95344348503482],[-66.89980720679263,44.95345257234979],[-66.89979453564875,44.95345261730814],[-66.89978186450487,44.9534526622651],[-66.89976919336092,44.95345270722064],[-66.89973124323357,44.953461839472645],[-66.89971857208756,44.95346188442248],[-66.8997571553026,44.95354272611413]]]},"properties":{"SIZE_HA":"6.30","OBJECTID":"76","SITE_NUMBER":"MF-0186","AUTHORIZATION_TYPE":"Q09","AUTHORIZATION_HOLDER":"MOWI Canada East Inc.","AUTHORIZATION_EXPIRY_DATE":"March 31, 2036","SPECIES_CODE_DESCRIPTION":"4: Atlantic Salmon"},"id":76},{"type":"Feature","geometry":{"type":"Polygon","coordinates":[[[-66.90235540090961,44.94467982328008],[-66.90680784234725,44.947210160904156],[-66.9079912397268,44.946153160826604],[-66.90353882872981,44.94362287007599],[-66.90235540090961,44.94467982328008]]]},"properties":{"SIZE_HA":"6.75","OBJECTID":"77","SITE_NUMBER":"MF-0206","AUTHORIZATION_TYPE":"Q09","AUTHORIZATION_HOLDER":"MOWI Canada East Inc.","AUTHORIZATION_EXPIRY_DATE":"March 31, 2036","SPECIES_CODE_DESCRIPTION":"4: Atlantic Salmon"},"id":77},{"type":"Feature","geometry":{"type":"Polygon","coordinates":[[[-66.82742084088517,44.60873175672033],[-66.82549696016792,44.61150852728814],[-66.82402259012065,44.61361816673251],[-66.82587798571801,44.6142786027619],[-66.8277460202863,44.6149389713853],[-66.83046954467665,44.61103514440211],[-66.8290054295107,44.61050859924641],[-66.82969253018383,44.609525875063355],[-66.82978002284781,44.609408652872666],[-66.82959068311511,44.60933722989011],[-66.82937610210108,44.609256883269644],[-66.82752082906268,44.60859650521334],[-66.82742084088517,44.60873175672033]]]},"properties":{"SIZE_HA":"18.76","OBJECTID":"93","SITE_NUMBER":"MF-0491","AUTHORIZATION_TYPE":"Q09","AUTHORIZATION_HOLDER":"Kelly Cove Salmon Ltd.,Kelly Cove Salmon Ltd.","AUTHORIZATION_EXPIRY_DATE":"March 31, 2038","SPECIES_CODE_DESCRIPTION":"4: Atlantic Salmon"},"id":93},{"type":"Feature","geometry":{"type":"Polygon","coordinates":[[[-67.00069174914485,45.031360328138966],[-67.00927532793638,45.03427430082782],[-67.01146697203257,45.031028180771614],[-67.00288364573721,45.02811428515614],[-67.00069174914485,45.031360328138966]]]},"properties":{"SIZE_HA":"30.00","OBJECTID":"99","SITE_NUMBER":"MF-0377","AUTHORIZATION_TYPE":"Q09","AUTHORIZATION_HOLDER":"Kelly Cove Salmon Ltd.","AUTHORIZATION_EXPIRY_DATE":"March 31, 2040","SPECIES_CODE_DESCRIPTION":"4: Atlantic Salmon"},"id":99},{"type":"Feature","geometry":{"type":"Polygon","coordinates":[[[-66.7338836488835,45.06635322779613],[-66.73529072235097,45.065810443602544],[-66.7360005596576,45.065530034103766],[-66.73641886340646,45.06536720076377],[-66.73649492861931,45.06534004841364],[-66.73649489105662,45.06533105086113],[-66.7364948159313,45.065313055756256],[-66.7364947032434,45.06528606309897],[-66.73648193182359,45.06526809461298],[-66.73645646412135,45.06525015274171],[-66.73641833769892,45.06524123502894],[-66.73635481871526,45.065232370514046],[-66.73634204735183,45.06521440201221],[-66.73634197227527,45.06519640690727],[-66.73634193473703,45.06518740935477],[-66.73634182212236,45.065160416697346],[-66.7363544808528,45.06515139254175],[-66.73631639204702,45.06515147234694],[-66.73631627944461,45.06512447968955],[-66.73627822818496,45.06513355703427],[-66.7362402144351,45.06515163191874],[-66.73622748064643,45.065142660956525],[-66.73620201308105,45.06512471902778],[-66.73621467182576,45.06511569488786],[-66.7362146343078,45.06510669733525],[-66.73620186301731,45.065088728817685],[-66.73617643299615,45.06507978443567],[-66.73616369923366,45.06507081346626],[-66.73613826922664,45.06506186907567],[-66.73611291423113,45.06507091978438],[-66.73610021798032,45.065070946360315],[-66.73606209173452,45.06506202852707],[-66.73599861049067,45.065062161363926],[-66.73598591424187,45.06506218792702],[-66.73597318051347,45.065053216935986],[-66.73596044678914,45.06504424594364],[-66.73594763811782,45.06501727984457],[-66.73592209575465,45.06498134274736],[-66.73593471703866,45.06496332108628],[-66.73596010949207,45.06496326797025],[-66.73597261832191,45.06491825364725],[-66.73599789830502,45.0648912078651],[-66.73603591195773,45.06487313306251],[-66.73606107941056,45.06481909460881],[-66.73612448537511,45.0648009666322],[-66.73620058748511,45.06478281203426],[-66.7362766144913,45.06474666228027],[-66.73633994523063,45.064710539078035],[-66.7363651874043,45.06467449566178],[-66.73637777093566,45.06464747639925],[-66.73635219092776,45.06460254184791],[-66.73632661096035,45.064557607290745],[-66.73631368962607,45.06450364857713],[-66.7362880722051,45.06444971645914],[-66.73627518845915,45.064404755293516],[-66.73624960864245,45.06435982071914],[-66.73623672494762,45.064314859549235],[-66.73622387879193,45.064278895930165],[-66.73621099513603,45.06423393475749],[-66.73621084507009,45.064197944548724],[-66.73618530291046,45.06416200751218],[-66.73614706474444,45.06412609705088],[-66.73614698973196,45.06410810194653],[-66.73612148515564,45.06408116244767],[-66.73610875162667,45.06407219147224],[-66.73608320958859,45.064036254412656],[-66.7360704010878,45.06400928832848],[-66.73604493408233,45.06399134636455],[-66.73604489659242,45.06398234881243],[-66.73600669612053,45.06395543585572],[-66.73596849568501,45.06392852288612],[-66.73591756182735,45.06389263890644],[-66.73587939894,45.06387472345891],[-66.73584131099159,45.06387480310281],[-66.73577779362995,45.06386593826181],[-66.7357268973886,45.06383905174826],[-66.73568880946384,45.063839131340664],[-66.73563817526473,45.06387522765319],[-66.73561289556208,45.06390227335326],[-66.73560038666908,45.06394728763449],[-66.73557514433168,45.06398333087873],[-66.73556248573762,45.06399235494628],[-66.73554978972834,45.06399238146005],[-66.73553713112811,45.064001405524785],[-66.73553709371885,45.06399240797236],[-66.73552436030222,45.0639834369309],[-66.7355115146742,45.06394747323061],[-66.73549866906245,45.06391150952891],[-66.73547323968083,45.06390256498822],[-66.73544784770216,45.06390261799417],[-66.73538440514031,45.063911748036496],[-66.73534631716609,45.063911827513294],[-66.73533358379775,45.06390285645026],[-66.7353335090441,45.06388486134529],[-66.73534609289308,45.06385784219845],[-66.73534605551431,45.06384884464599],[-66.73530789283686,45.063830929004844],[-66.73528253825869,45.06383997952608],[-66.73519374113971,45.0638581599766],[-66.73518104516022,45.063858186448805],[-66.73516827447958,45.06384021781453],[-66.73514284518197,45.0638312731993],[-66.73513011186397,45.0638223021132],[-66.73510471992091,45.06382235504189],[-66.73507929064135,45.0638134104123],[-66.73505371204062,45.0637684755666],[-66.73505367470835,45.06375947801404],[-66.73506625866321,45.06373245889848],[-66.73506629599746,45.063741456451005],[-66.73509168790432,45.063741403531004],[-66.73510434651746,45.06373237951634],[-66.73514232233268,45.06370530746387],[-66.7351422102939,45.063678314806346],[-66.7351039731155,45.0636424039912],[-66.73511663170453,45.063633379975144],[-66.73512910356915,45.06357936819536],[-66.73514176214017,45.06357034417658],[-66.73517973782911,45.06354327211182],[-66.73517970047706,45.063534274559444],[-66.7351414633722,45.06349836375709],[-66.73510326365577,45.06347145049427],[-66.7350777598625,45.06344451075937],[-66.7350650266419,45.063435539666],[-66.73503948555324,45.06339960237006],[-66.73501394449718,45.0633636650684],[-66.73497570761265,45.063327754209915],[-66.73495016662945,45.06329181689379],[-66.73492466299001,45.06326487712441],[-66.73488642622881,45.063228966235656],[-66.73487365578379,45.063210997568284],[-66.73482272326476,45.06317511309402],[-66.7347717908101,45.06313922859682],[-66.73470819988599,45.06311236804788],[-66.73469550407331,45.06311239446528],[-66.73465737936625,45.06310347615643],[-66.73461932919656,45.06311255293973],[-66.73459386305366,45.063094610648015],[-66.73458109273179,45.06307664194752],[-66.73458101821876,45.06305864684236],[-66.7345555893646,45.06304970209457],[-66.73453012327022,45.06303175978847],[-66.73450473168062,45.06303181258175],[-66.73447934009089,45.0630318653693],[-66.73446668153439,45.063040889313505],[-66.73445409744652,45.06306790836148],[-66.73444140164355,45.06306793475025],[-66.73441601003755,45.06306798752357],[-66.7344032770063,45.06305901635543],[-66.73437788540433,45.0630590691202],[-66.73436515238109,45.06305009794779],[-66.73435234492155,45.06302313166869],[-66.73433957469229,45.063005162940705],[-66.73432687890332,45.06300518931659],[-66.73430145011332,45.062996244511474],[-66.73425062976123,45.06298735243665],[-66.73423797117815,45.062996376355194],[-66.73421269119788,45.06302342174077],[-66.73417464101027,45.06303249837406],[-66.73413651643878,45.06302357988905],[-66.73412374627789,45.06300561113656],[-66.73411101330684,45.06299663993543],[-66.73411093894327,45.06297864482997],[-66.73411086457979,45.06296064972453],[-66.73409813162085,45.06295167852189],[-66.73404731134059,45.06294278635543],[-66.73403461556539,45.0629428126984],[-66.73399663973044,45.06296988437715],[-66.73395873817451,45.06301495114881],[-66.73394611669436,45.063032972587465],[-66.73394619100567,45.06305096769314],[-66.73392091086157,45.06307801301355],[-66.73392094801328,45.06308701056642],[-66.73389563069347,45.06310505832832],[-66.73388289773614,45.0630960871014],[-66.73387012763921,45.06307811832013],[-66.73383196594709,45.06306020217919],[-66.73383192880955,45.06305120462632],[-66.73383189167204,45.06304220707345],[-66.73383181739705,45.063024211967694],[-66.73381904733262,45.06300624318059],[-66.73376822704684,45.06299735088838],[-66.73371736965781,45.06297946102027],[-66.73369197809046,45.06297951363055],[-66.73362849917204,45.062979645131264],[-66.7336031076045,45.062979697721545],[-66.73355228737636,45.06297080533197],[-66.73350150424903,45.06297091047252],[-66.73345072112143,45.06297101559016],[-66.73343802533952,45.06297104186599],[-66.7334127449883,45.06299808707256],[-66.733412893272,45.063034077284925],[-66.73337491707845,45.06306114875476],[-66.73336236952814,45.06309716523467],[-66.7333497849009,45.06312418415998],[-66.73333716320265,45.06314220553091],[-66.73328626876821,45.06311531791515],[-66.7332608400926,45.06310637287524],[-66.73323541142497,45.06309742782958],[-66.73323548551066,45.06311542293602],[-66.73322290081883,45.06314244184737],[-66.73321027907608,45.06316046320405],[-66.73318488742696,45.06316051570025],[-66.73317208050395,45.063133549286476],[-66.73314661480933,45.06311560666754],[-66.73310863843378,45.063142678048045],[-66.73309605367545,45.06316969694528],[-66.73303261155249,45.063178825664096],[-66.73301998974117,45.063196846999716],[-66.73299474609432,45.063232889666466],[-66.73296957641695,45.06328692743459],[-66.73296968741938,45.06331392009482],[-66.73298253129005,45.06334988408525],[-66.73295717655458,45.063358934083766],[-66.732919088947,45.06335901274062],[-66.73290635608694,45.06335004140319],[-66.73289366021966,45.06335006761781],[-66.7328681575309,45.06332312738246],[-66.73283010692589,45.06333220356272],[-66.73277936044327,45.063341305931935],[-66.73275415354573,45.063386346098916],[-66.73265339945702,45.06358450181906],[-66.73247720733997,45.063962765557065],[-66.73230086529209,45.06430503881172],[-66.7338836488835,45.06635322779613]]]},"properties":{"SIZE_HA":"5.45","OBJECTID":"100","SITE_NUMBER":"MF-0012","AUTHORIZATION_TYPE":"Q09","AUTHORIZATION_HOLDER":"Kelly Cove Salmon Ltd.,Kelly Cove Salmon Ltd.","AUTHORIZATION_EXPIRY_DATE":"March 31, 2041","SPECIES_CODE_DESCRIPTION":"4: Atlantic Salmon"},"id":100},{"type":"Feature","geometry":{"type":"Polygon","coordinates":[[[-66.9822922122974,44.93309259810678],[-66.97988080198613,44.93375261461983],[-66.98163421144022,44.93698509068252],[-66.9840456115507,44.93632503681166],[-66.9822922122974,44.93309259810678]]]},"properties":{"SIZE_HA":"9.11","OBJECTID":"104","SITE_NUMBER":"MF-0051","AUTHORIZATION_TYPE":"Q09","AUTHORIZATION_HOLDER":"Kelly Cove Salmon Ltd.","AUTHORIZATION_EXPIRY_DATE":"March 31, 2042","SPECIES_CODE_DESCRIPTION":"4: Atlantic Salmon"},"id":104},{"type":"Feature","geometry":{"type":"Polygon","coordinates":[[[-66.72346297778786,44.721660072966074],[-66.72611743708705,44.721079741332844],[-66.72441576455392,44.71712284771242],[-66.72176159776981,44.717703138552125],[-66.72346297778786,44.721660072966074]]]},"properties":{"SIZE_HA":"10.12","OBJECTID":"108","SITE_NUMBER":"MF-0002","AUTHORIZATION_TYPE":"Q09","AUTHORIZATION_HOLDER":"Lambert Salmon Inc.","AUTHORIZATION_EXPIRY_DATE":"March 31, 2040","SPECIES_CODE_DESCRIPTION":"4: Atlantic Salmon"},"id":108},{"type":"Feature","geometry":{"type":"Polygon","coordinates":[[[-66.89237751258617,45.04454379104623],[-66.89246510712265,45.04436353305949],[-66.89252762980105,45.04422835057001],[-66.89261522337554,45.04404809247075],[-66.89380409020146,45.04162357698997],[-66.89184360319032,45.04074863559521],[-66.89127072243882,45.040489692658205],[-66.89091426870083,45.04032897102329],[-66.89080079796386,45.040437336192994],[-66.89075059380167,45.04051848907592],[-66.8907382753159,45.040572517701726],[-66.89072632891987,45.0406805309802],[-66.89070119568873,45.04071660868739],[-66.8906635577912,45.040779722680156],[-66.89065148719568,45.0408697410671],[-66.89065167321779,45.04089673339452],[-66.89062635383338,45.04090581875812],[-66.89053751896115,45.0409061264371],[-66.89046137478401,45.04090639010625],[-66.89033421999206,45.04087083966963],[-66.89023226089822,45.04080820893446],[-66.8901302401052,45.04073658066406],[-66.89000290018865,45.040674037524724],[-66.88995213760934,45.040674213068876],[-66.88990137502972,45.04067438859017],[-66.88985055056978,45.04066556664556],[-66.88979978799736,45.040665742121135],[-66.88974902542463,45.040665917573854],[-66.88969832470713,45.04067509044687],[-66.88966025277104,45.0406752220043],[-66.88960955203078,45.04068439483743],[-66.88957160375938,45.04070252125142],[-66.88954634611927,45.04072060381593],[-66.8895083978034,45.040738730208716],[-66.88947038764344,45.04074785914547],[-66.88943243928496,45.040765985512884],[-66.88940705795285,45.040766073159475],[-66.88936904775825,45.04077520206212],[-66.889331099349,45.04079332839547],[-66.88930577979798,45.040802413462785],[-66.88928052202861,45.04082049596797],[-66.88925520245743,45.040829581024056],[-66.88922994465973,45.04084766351799],[-66.889204686846,45.04086574600632],[-66.88919211970881,45.04088378469208],[-66.88917955256359,45.040901823376394],[-66.88916698541036,45.04091986205935],[-66.88916717072583,45.040946854390455],[-66.8891672942696,45.0409648492778],[-66.88915478886855,45.04099188540315],[-66.8891422216876,45.041009924083504],[-66.88912965449869,45.04102796276249],[-66.8891170873018,45.041046001440016],[-66.88909176760373,45.04105508645972],[-66.88906650965349,45.04107316891747],[-66.88904118993517,45.04108225392578],[-66.88901587020867,45.04109133892847],[-66.88899048872993,45.04109142648156],[-66.88895247824978,45.041100555244384],[-66.88891434429328,45.041091689106565],[-66.88887627207471,45.0410918203998],[-66.88883819985577,45.04109195168016],[-66.88878743689699,45.04109212670065],[-66.88873673564154,45.04110129914237],[-66.88871141585756,45.04111038407684],[-66.88867340531937,45.04111951274575],[-66.88863539476898,45.0411286414018],[-66.88859738420621,45.04113777004514],[-66.88857212606129,45.04115585239254],[-66.88853411547011,45.041164981014596],[-66.88852154805316,45.04118301962631],[-66.88849628986387,45.0412011019569],[-66.88848372242695,45.04121914056439],[-66.88844589675249,45.04125526148997],[-66.88840807102993,45.04129138240302],[-66.88838275110821,45.0413004672639],[-66.88837018361315,45.041318505858975],[-66.88835761611014,45.041336544452626],[-66.88834504859918,45.04135458304495],[-66.88833248108027,45.041372621635894],[-66.88833260436043,45.04139061652496],[-66.8883327276407,45.04140861141408],[-66.88833285092105,45.04142660630322],[-66.88832034502055,45.041453642337494],[-66.8883079007445,45.04148967581499],[-66.88830796238086,45.041498673259554],[-66.88833340568385,45.04150758330437],[-66.88833359060524,45.041534575638195],[-66.88833383716738,45.0415705654167],[-66.88830864038238,45.041597645150524],[-66.88828375173696,45.04166971210229],[-66.88829662751121,45.04169666073989],[-66.888296812416,45.04172365307396],[-66.88825923280287,45.04179576371753],[-66.88824685004074,45.041840794633806],[-66.88824703492249,45.041867786968254],[-66.88823452888438,45.041894822993726],[-66.88822239257527,45.04197584368716],[-66.88822263906968,45.04201183346661],[-66.88822307043581,45.04207481558093],[-66.88819818147398,45.04214688251596],[-66.88818592182379,45.04220990831651],[-66.8881861066783,45.04223690065148],[-66.88819898253581,45.042263849300795],[-66.8882118584056,45.04229079794863],[-66.88822473428772,45.04231774659501],[-66.88823767180862,45.042353692684884],[-66.88823822644885,45.042434669690245],[-66.88823828807568,45.04244366713529],[-66.8882385962101,45.0424886543606],[-66.88825159540824,45.04253359789425],[-66.88826453299589,45.04256954398131],[-66.88826477952085,45.042605533761645],[-66.88829034658521,45.042632438705986],[-66.88830322258276,45.042659387343654],[-66.88832872804812,45.04267729483426],[-66.88835417188399,45.04268620487398],[-66.88837955407821,45.04268611746292],[-66.88845563899862,45.04267685775052],[-66.8884683300936,45.04267681403429],[-66.88849365061563,45.04266772915259],[-66.88853172389402,45.04266759798683],[-66.88854447666262,45.042676551706904],[-66.88854460001427,45.042694546596714],[-66.88854478504192,45.04272153893146],[-66.88851964951992,45.0427576161595],[-66.88851977286394,45.04277561104944],[-66.88854540180236,45.0428115133808],[-66.88855809292731,45.042811469654445],[-66.88857084573246,45.042820423371644],[-66.88859647472344,45.04285632569139],[-66.88860928923116,45.04287427684909],[-66.88864754772543,45.04290113797874],[-66.88867293001518,45.0429010505015],[-66.88867299171174,45.04291004794638],[-66.8886983740055,45.0429099604634],[-66.88872375629919,45.0429098729747],[-66.88873650915262,45.04291882667304],[-66.88874932371881,45.04293677781487],[-66.88876207658232,45.042945731510265],[-66.8887748294499,45.042954685204265],[-66.8888002734803,45.04296359514316],[-66.88882571751864,45.04297250507627],[-66.88886385272767,45.04298137124279],[-66.88890192621544,45.04298123995168],[-66.88891467911303,45.0429901936299],[-66.88896562900062,45.04301701088338],[-66.88899113483605,45.0430349182238],[-66.88902914660615,45.04302578944502],[-66.8890544671936,45.043016704437186],[-66.88906709660462,45.043007663208805],[-66.88907978777289,45.043007619423655],[-66.8890925407045,45.04301657308167],[-66.88911804657981,45.0430344803933],[-66.8891181701147,45.04305247528251],[-66.88913098483198,45.043070426380744],[-66.88914379955739,45.043088377477524],[-66.88915661429088,45.043106328572925],[-66.88918212022683,45.043124235870025],[-66.88925851455151,45.043159962837805],[-66.88928389695587,45.043159875222884],[-66.88935998236225,45.04315061489928],[-66.889398055962,45.043150483440456],[-66.88943612956164,45.043150351968805],[-66.88947432680932,45.04316821537302],[-66.88949977104508,45.04317712515384],[-66.88951252408111,45.043186078764236],[-66.88951264774174,45.04320407365285],[-66.88950008018658,45.043222112375545],[-66.88950014201497,45.0432311098199],[-66.8895510923956,45.04325792680835],[-66.88957647484308,45.04325783912748],[-66.88958910422436,45.04324879784065],[-66.8896144248211,45.04323971270697],[-66.88962711604071,45.04323966886014],[-66.88966531340864,45.043257532199455],[-66.88967800463224,45.043257488346896],[-66.8896906339971,45.0432484470487],[-66.88970326335794,45.0432394057491],[-66.8897158927147,45.04323036444808],[-66.88975396636694,45.043230232869035],[-66.88976665758426,45.04323018900651],[-66.88980479311283,45.04323905485442],[-66.88981748433211,45.04323901098615],[-66.88985543422021,45.04322088448466],[-66.88986812543536,45.0432208406107],[-66.88991913787515,45.04325665487665],[-66.88994476791733,45.043292556889035],[-66.88997021228252,45.04330146656355],[-66.89002122485948,45.04333728078324],[-66.89002128677076,45.043346278227254],[-66.89003410184046,45.04336422922253],[-66.89002153441615,45.043382268003214],[-66.89000890507444,45.043391309338475],[-66.88999627572869,45.04340035067236],[-66.88999639954356,45.04341834556041],[-66.89000933844085,45.043454291446594],[-66.89002221544294,45.043481239887306],[-66.89007304245547,45.04349006175147],[-66.89011124013247,45.04350792493953],[-66.8901367465504,45.043525832020286],[-66.89013680848032,45.043534829464235],[-66.89013705620026,45.04357081924014],[-66.89014987135758,45.0435887702223],[-66.89017531588804,45.043597679850365],[-66.89020063654608,45.04358859458483],[-66.890213265901,45.04357955322798],[-66.89023864849108,45.043579465397855],[-66.89028941367081,45.04357928972043],[-66.89031485821886,45.04358819931699],[-66.89032761147604,45.04359715283501],[-66.89036556143972,45.04357902616145],[-66.89041626464423,45.04356985298316],[-66.89046709179696,45.043578674669526],[-66.89050522766907,45.04358754028018],[-66.8905306722545,45.043596449827945],[-66.89054342554752,45.04360540332161],[-66.89055611684805,45.04360535937006],[-66.8906068820495,45.043605183549715],[-66.89065764725066,45.04360500770649],[-66.89067027653616,45.0435959662985],[-66.89069565913245,45.04359587836549],[-66.8906957211512,45.04360487580907],[-66.8906831538846,45.04362291466338],[-66.89064532801513,45.04365903633092],[-66.89065826737914,45.043694982142355],[-66.89064576209171,45.043722018436306],[-66.89064582410275,45.04373101587987],[-66.89065857744428,45.04373996936042],[-66.8906839601051,45.04373988142993],[-66.89068402212223,45.04374887887354],[-66.89073484947696,45.04375770043895],[-66.8907603562041,45.04377560737842],[-66.89077304754238,45.04377556340244],[-66.89079843021898,45.04377547544618],[-66.89086194895525,45.04378425297395],[-66.89091271431565,45.043784077015665],[-66.89096354173715,45.043792898477875],[-66.89100161576286,45.04379276647697],[-66.89102712258993,45.04381067335594],[-66.89104000015709,45.043837621680005],[-66.89106538286079,45.043837533663606],[-66.89107813629248,45.04384648709656],[-66.89107826045223,45.04386448198322],[-66.89107844669209,45.043891474313256],[-66.89106594156219,45.04391851065374],[-66.89106606571833,45.043936505540415],[-66.89107888125257,45.043954456416785],[-66.89109182095937,45.043990402178274],[-66.891104636514,45.0440083530517],[-66.89113020555926,45.04403525735066],[-66.89114295904572,45.04404421077625],[-66.89116840393618,45.04405312017987],[-66.89120647813607,45.044052988109534],[-66.89121916953596,45.04405294408323],[-66.89124461444227,45.044061853469685],[-66.89125743006146,45.044079804325584],[-66.89125749217017,45.044088801768844],[-66.89127030779954,45.04410675262332],[-66.89123217145914,45.04409788727202],[-66.89123223356387,45.044106884715255],[-66.89123229566862,45.04411588215863],[-66.89127068046471,45.04416073728304],[-66.89130900320464,45.04419659495118],[-66.89132169463659,45.04419655091329],[-66.89134707750033,45.04419646283324],[-66.89139790535887,45.04420528409917],[-66.89142335036159,45.04421419344509],[-66.89142341249686,45.044223190888275],[-66.89143635248399,45.04425913661032],[-66.89144910606926,45.044268090001275],[-66.8914491682087,45.04427708744443],[-66.89144923034816,45.044286084887716],[-66.89144935462716,45.04430407977408],[-66.89150018259795,45.04431290099379],[-66.89155094842887,45.04431272474739],[-66.89160171425935,45.04431254847819],[-66.89163978863198,45.04431241626128],[-66.89165248008942,45.04431237218612],[-66.89167798735602,45.04433027891754],[-66.89169074099539,45.04433923228118],[-66.89170355681871,45.04435718308626],[-66.89170368117868,45.04437517797235],[-66.89169111406325,45.04439321693935],[-66.89167854693976,45.04441125590501],[-66.89165328832469,45.04442933894604],[-66.89166604198248,45.0444382923124],[-66.89169148713196,45.04444720159769],[-66.89174237745478,45.04446502015111],[-66.89178051412173,45.04447388532955],[-66.89183140449637,45.044491703842695],[-66.89188223269448,45.044500524889855],[-66.89194575240954,45.04450930180596],[-66.89197113541191,45.04450921358522],[-66.89204734665338,45.04451794633143],[-66.89212355791821,45.04452667902612],[-66.89219976920629,45.044535411669315],[-66.89226322673996,45.04453519096372],[-66.89232668427297,45.04453497022241],[-66.89237751258617,45.04454379104623]]]},"properties":{"SIZE_HA":"10.00","OBJECTID":"109","SITE_NUMBER":"MF-0038","AUTHORIZATION_TYPE":"Q09","AUTHORIZATION_HOLDER":"Kelly Cove Salmon Ltd.","AUTHORIZATION_EXPIRY_DATE":"March 31, 2022","SPECIES_CODE_DESCRIPTION":"4: Atlantic Salmon"},"id":109},{"type":"Feature","geometry":{"type":"Polygon","coordinates":[[[-66.95783003862005,44.8842650235094],[-66.95756651200692,44.88454502010459],[-66.95604843425448,44.88620673608048],[-66.95648032920633,44.88640293332364],[-66.95923709320104,44.88767838141633],[-66.9608886940924,44.888445427636924],[-66.96282075964191,44.88634106291141],[-66.96058483586292,44.88530650870402],[-66.95907312383252,44.884610868979344],[-66.95798060340806,44.88410245452514],[-66.95783003862005,44.8842650235094]]]},"properties":{"SIZE_HA":"12.72","OBJECTID":"111","SITE_NUMBER":"MF-0055","AUTHORIZATION_TYPE":"Q09","AUTHORIZATION_HOLDER":"Kelly Cove Salmon Ltd.","AUTHORIZATION_EXPIRY_DATE":"March 31, 2031","SPECIES_CODE_DESCRIPTION":"4: Atlantic Salmon"},"id":111},{"type":"Feature","geometry":{"type":"Polygon","coordinates":[[[-66.96399853034195,44.87711367921848],[-66.96422945856028,44.87749962395274],[-66.9652428873339,44.87917799162265],[-66.96755539568711,44.88031110816421],[-66.97030699863997,44.87943588000224],[-66.97154772681387,44.8779730802527],[-66.97117561507234,44.87735380374461],[-66.97067526073572,44.87652811746935],[-66.97063692703402,44.876483289718244],[-66.97057269058638,44.87636658944029],[-66.97039479265554,44.87627735679751],[-66.97030584389903,44.87623274037053],[-66.9702168952818,44.87618812387324],[-66.97010263912036,44.876143612966594],[-66.97001406222739,44.87614398273594],[-66.9699001033814,44.87613546076574],[-66.9698113779927,44.876117835804266],[-66.9697476633515,44.87606411605409],[-66.9696586412051,44.87601050182913],[-66.96965856697625,44.8760015045434],[-66.9695948526095,44.87594778470669],[-66.96953106415458,44.87588506754809],[-66.96946727584037,44.875822350353346],[-66.9694288693736,44.875768524904586],[-66.96941614142422,44.875759580371266],[-66.9693650813028,44.875705807651954],[-66.96932660083586,44.875642984882546],[-66.96928819462353,44.875589159386],[-66.96928812045404,44.875580162100135],[-66.96928804628456,44.875571164814296],[-66.96926221969586,44.875508289285044],[-66.96926199720026,44.875481297427534],[-66.969198432101,44.875445571938215],[-66.96912213925859,44.87540090184651],[-66.96905850020404,44.87535617899214],[-66.96902024269268,44.87532034797626],[-66.96895675204124,44.87529361963631],[-66.96888060780083,44.87526694395257],[-66.96880453772404,44.8752492655034],[-66.96877915634613,44.87524037358023],[-66.96870308633609,44.87522269506241],[-66.96866505134871,44.87521385578422],[-66.96858912952588,44.87521417176189],[-66.9685510945617,44.87520533244516],[-66.96847517274921,44.87520564834594],[-66.96839910287923,44.875187969622544],[-66.96836099393973,44.87517013295503],[-66.96834826629187,44.87516118830081],[-66.9682596169044,44.875152559400476],[-66.96815838791154,44.87515298032793],[-66.96804450529241,44.87515345376256],[-66.96794320233947,44.875144877209735],[-66.96785462697976,44.875145245277295],[-66.96776605161863,44.875145613275194],[-66.96761435594733,44.875164238541075],[-66.96752592833474,44.87518260092478],[-66.96742469928049,44.875183021192754],[-66.9673361238565,44.87518338885257],[-66.96731081659227,44.87518349388547],[-66.96720951369376,44.87517491667233],[-66.96713344425454,44.87515723709313],[-66.96709540955263,44.8751483972842],[-66.96698152692953,44.87514886964374],[-66.96691840639292,44.875167126591705],[-66.96681739869415,44.87519453817758],[-66.96675420428568,44.875203797745726],[-66.96660243437869,44.8752134243613],[-66.9664886990722,44.87523189079917],[-66.96640034470052,44.87525924958833],[-66.96632457019959,44.87527755861623],[-66.96623621567777,44.875304917276985],[-66.96616044106284,44.87532322619469],[-66.96607208639085,44.87535058472694],[-66.9659837316337,44.87537794319017],[-66.96593326420246,44.87539614722065],[-66.96580687462594,44.87541466533095],[-66.96568048496657,44.875433183299485],[-66.9655920563069,44.87545154416681],[-66.96550370116108,44.87547890225434],[-66.96533957078134,44.87552456863928],[-66.96520074757946,44.87557013023246],[-66.96517544013747,44.87557023478576],[-66.96507443087889,44.875597644811954],[-66.96499880248142,44.87563394752984],[-66.96491052024366,44.87567030244352],[-66.96483481817894,44.8756976077616],[-66.96468341383122,44.87575221824582],[-66.96460771154818,44.87577952341194],[-66.96453200919238,44.87580682852726],[-66.96448146750451,44.87581603461869],[-66.96440576503926,44.87584333964945],[-66.96434264290184,44.87586159515757],[-66.96429210113443,44.87587080116421],[-66.96421632513669,44.875889108777095],[-66.96419101755019,44.87588921310942],[-66.9641152414952,44.87590752065443],[-66.96408993390027,44.87590762496405],[-66.96401415778803,44.87592593244116],[-66.96400157732104,44.87593498187662],[-66.96391314733589,44.875953341428655],[-66.96382471729345,44.87597170091145],[-66.96377417534362,44.875980906685946],[-66.96369839903154,44.875999213951104],[-66.96360996884799,44.87601757326556],[-66.96353433895594,44.87605387500394],[-66.96347121630397,44.87607213002484],[-66.96339551301155,44.876099434378496],[-66.96338285917047,44.876099486453235],[-66.96399853034195,44.87711367921848]]]},"properties":{"SIZE_HA":"26.00","OBJECTID":"112","SITE_NUMBER":"MF-0168","AUTHORIZATION_TYPE":"Q09","AUTHORIZATION_HOLDER":"Kelly Cove Salmon Ltd.","AUTHORIZATION_EXPIRY_DATE":"March 31, 2039","SPECIES_CODE_DESCRIPTION":"4: Atlantic Salmon"},"id":112},{"type":"Feature","geometry":{"type":"Polygon","coordinates":[[[-66.71601690837237,44.722251088760885],[-66.71604225040751,44.72227803232606],[-66.71605497245204,44.72230500013493],[-66.71605514251196,44.722349986896184],[-66.71604259050747,44.72236800584871],[-66.71601745246872,44.72239504639727],[-66.71601765650574,44.722449030511434],[-66.71603034456858,44.722467000971065],[-66.71605561868158,44.72247594982889],[-66.71609354687489,44.72249387178119],[-66.71618212549357,44.722556683442356],[-66.71623281001499,44.72261057049377],[-66.71624556626587,44.722646535634226],[-66.71629642117841,44.72274540941976],[-66.71630924560438,44.72279936925842],[-66.71630934776171,44.7228263613161],[-66.71636006670296,44.72288924566378],[-66.71639802933262,44.722916164866334],[-66.71649905869167,44.72293396522846],[-66.71653705550487,44.72296988173664],[-66.71653732821277,44.723041860557665],[-66.71656277312205,44.72309579606504],[-66.71665131908323,44.72314961000614],[-66.7167398310905,44.72319442652488],[-66.71676510563614,44.723203375223456],[-66.71686627217879,44.7232571646663],[-66.71690420114466,44.7232750863458],[-66.71701809067854,44.72335584336549],[-66.7171067058281,44.72342765165398],[-66.71711939445096,44.72344562199189],[-66.71718273511328,44.72350848160185],[-66.71724607591507,44.72357134117637],[-66.71729679654877,44.72363422510439],[-66.71736010339683,44.723688087262325],[-66.71739810125275,44.72372400348123],[-66.71743616761789,44.72377791439304],[-66.71749957747869,44.723858768531606],[-66.71758826252298,44.72394857114869],[-66.71762629495642,44.723993484643934],[-66.71771498040908,44.724083287161854],[-66.71781635514839,44.72419105987039],[-66.71786714555827,44.72427193824992],[-66.71790531564656,44.72435284106436],[-66.71794348584301,44.724433743866356],[-66.71795617495273,44.72445171411112],[-66.71798155319621,44.72448765459623],[-66.71801955197479,44.72452357060692],[-66.7181207907135,44.724595353631024],[-66.71822202970657,44.724667136564236],[-66.71832340643877,44.72477490881975],[-66.71833609574378,44.72479287902199],[-66.71842485232813,44.724900675691224],[-66.7185009886375,44.725008496815676],[-66.7185896082144,44.72508030394264],[-66.71861498713582,44.7251162442863],[-66.71885457244368,44.72506179371734],[-66.72194368925202,44.72429995564918],[-66.7201091842769,44.72312489963603],[-66.71874656434832,44.719924478100666],[-66.7162352861094,44.719929335542204],[-66.71558711556928,44.72206296784971],[-66.71557463135234,44.72209898145414],[-66.71558725132176,44.72209895725878],[-66.71571355288916,44.72212570728413],[-66.71575144677884,44.72213463199935],[-66.7158146825605,44.722170500318],[-66.71587791842146,44.72220636860128],[-66.71590322638332,44.722224314845484],[-66.71594108637386,44.72222424214448],[-66.71601690837237,44.722251088760885]]]},"properties":{"SIZE_HA":"11.79","OBJECTID":"113","SITE_NUMBER":"MF-0350","AUTHORIZATION_TYPE":"Q09","AUTHORIZATION_HOLDER":"Neil Morse","AUTHORIZATION_EXPIRY_DATE":"March 31, 2040","SPECIES_CODE_DESCRIPTION":"4: Atlantic Salmon"},"id":113},{"type":"Feature","geometry":{"type":"Polygon","coordinates":[[[-66.69066660099276,45.07081640200493],[-66.69076818152786,45.070816230259965],[-66.69078087909469,45.070816208785416],[-66.69083166936191,45.07081612287285],[-66.69094585646468,45.07078893676198],[-66.69097122124927,45.07077989619674],[-66.69099658602586,45.07077085562583],[-66.69102192044967,45.07075281747455],[-66.69104728520594,45.070743776892215],[-66.69108534750256,45.070734714795385],[-66.69111071224063,45.07072567419885],[-66.69116141132571,45.070698595414065],[-66.69123750543058,45.07067147355618],[-66.6912626574367,45.07059944990382],[-66.69132593227704,45.070536359217186],[-66.69142732985402,45.07048220143245],[-66.69157936499006,45.07038296943612],[-66.69164270012165,45.070337873721535],[-66.691655336691,45.070319857000115],[-66.69160448599702,45.0703019481345],[-66.69152821001637,45.07027508479324],[-66.69154072490174,45.070221077787565],[-66.69159133202592,45.070167006087935],[-66.69166727297763,45.07009489607048],[-66.69176879128881,45.070076728277115],[-66.69180691395903,45.07008566108581],[-66.69188309837371,45.07008553151631],[-66.69199728349783,45.070058344343444],[-66.69214937754384,45.06997710673036],[-66.69225080387113,45.06993194578189],[-66.69236495795153,45.06989576066358],[-66.69236471349386,45.06982378007315],[-66.69236449959405,45.06976079705667],[-66.69236425513783,45.069688816466666],[-66.69231322149403,45.06961692247839],[-66.69219867104397,45.069536139084455],[-66.69209684869598,45.069464331525566],[-66.69207133212886,45.06942838447389],[-66.69204569356955,45.06935644712154],[-66.69205832979222,45.069338430355906],[-66.69208363272544,45.06931139439432],[-66.69217226911708,45.06923926241856],[-66.69219763301207,45.06923022157879],[-66.69232439126452,45.06916702214774],[-66.69246384641612,45.06910380091095],[-66.6924510575232,45.069076829854225],[-66.69245084353153,45.069013846839994],[-66.6924506601106,45.06895986139924],[-66.69241238527701,45.06890594094089],[-66.69234859404993,45.06881607348145],[-66.69231028886315,45.06875315541514],[-66.69228471139458,45.068699213265866],[-66.69229710303085,45.06860921588718],[-66.69230955572273,45.06853721365407],[-66.69230940298601,45.06849222578751],[-66.69233458321682,45.068429199477734],[-66.69239797668706,45.068402098491504],[-66.692435945492,45.06836604322155],[-66.6924611866687,45.068321012030516],[-66.69246100324119,45.06826702659142],[-66.69243542584938,45.06821308447736],[-66.69233360558256,45.06814127713434],[-66.6922954535939,45.06812334693023],[-66.69225724055187,45.06808742156678],[-66.69220620848985,45.068015527533646],[-66.69218078408683,45.06800657322802],[-66.69215529864704,45.06797962377022],[-66.69215508499032,45.067916640757964],[-66.69218035671705,45.067880607203726],[-66.69221829477928,45.067835554434865],[-66.69224359696595,45.06780851843964],[-66.69230698978569,45.067781417505785],[-66.69239562350172,45.06770928536124],[-66.69243362241086,45.0676822276665],[-66.69247165185602,45.067664167531966],[-66.69249701499821,45.067655126626136],[-66.6925731655531,45.06764599902036],[-66.69261125611865,45.06764593398458],[-66.69264931608338,45.067636871363064],[-66.69267467918492,45.06762783041735],[-66.69268731482269,45.067609813583104],[-66.69272528291296,45.06757375821755],[-66.69275055412419,45.06753772453645],[-66.69276312848054,45.067501712548285],[-66.69276276105829,45.06739374167531],[-66.69276242425606,45.06729476837551],[-66.69274966624712,45.067276794927096],[-66.6927115453198,45.06726786243668],[-66.69268612117294,45.06725890824501],[-66.69267317957174,45.06718694935181],[-66.69267296534365,45.06712396634303],[-66.6926855396579,45.06708795436417],[-66.6927107188484,45.067024927975055],[-66.69272317066942,45.06695292570172],[-66.69274834975835,45.06688989930457],[-66.69278637857155,45.06687183906511],[-66.69287525534203,45.06687168712802],[-66.69295137413462,45.06685356169566],[-66.69300206887591,45.06682648209147],[-66.69304003624146,45.06679042662178],[-66.69292576627262,45.06679062212338],[-66.69290034230619,45.066781667979946],[-66.69291285511672,45.066727660831575],[-66.69292549047836,45.066709643971556],[-66.69296330456588,45.06662860066599],[-66.6930265424226,45.0665565114687],[-66.69306438692931,45.066484465702274],[-66.69310235402634,45.06644841021235],[-66.69315286425525,45.06636734510796],[-66.69324146398993,45.066286214733594],[-66.6933300634709,45.06620508429],[-66.69335514941862,45.06611506504425],[-66.69336766164923,45.06606105784732],[-66.69350701578709,45.065970842620466],[-66.69362109957765,45.06591666110037],[-66.69364633872354,45.06587162965029],[-66.6936967861296,45.06577256916194],[-66.69373453694713,45.06567353045895],[-66.6937598066702,45.06563749655579],[-66.69382301162288,45.065556409345135],[-66.69384837360566,45.065547368137175],[-66.69396248702445,45.06550218384534],[-66.69405136164147,45.065502030983346],[-66.69408941993517,45.06549296787814],[-66.69414020542219,45.06549288047986],[-66.69416556732581,45.065483839200766],[-66.69425428764414,45.06543869832176],[-66.69431761512233,45.0653936011208],[-66.69431755339473,45.06537560597815],[-66.69438088075209,45.06533050874189],[-66.6944823278735,45.065294343375236],[-66.69457110945041,45.06526719739034],[-66.69465989094215,45.065240051335614],[-66.69474867234875,45.06521290521118],[-66.69481206106508,45.06518580287576],[-66.6947739102853,45.06516787351115],[-66.69472290859515,45.06510497819688],[-66.69469729955917,45.06504203903235],[-66.69465902524152,45.06498811934469],[-66.69465871606504,45.06489814363421],[-66.69465849964222,45.06483516063718],[-66.69465828322,45.06477217764022],[-66.69461994729973,45.06470026279779],[-66.69458164238203,45.06463734551343],[-66.69456882258984,45.06460137713083],[-66.69451803790311,45.06460146472142],[-66.69448004205478,45.064628523112376],[-66.69436596167938,45.064682705495485],[-66.69434053843248,45.064673751676864],[-66.69434044583193,45.06464675896368],[-66.69440377235709,45.064601661716665],[-66.69442907205816,45.06457462523697],[-66.69447976405432,45.064547544973536],[-66.69449236754133,45.0645205303695],[-66.6944920586333,45.06443055466016],[-66.6944917497265,45.064340578951175],[-66.69447899183602,45.06432260570046],[-66.69442817651849,45.0643136956795],[-66.6943393037673,45.064313848836846],[-66.69433911856918,45.06425986341133],[-66.69433902597028,45.06423287069861],[-66.69436417118655,45.06416084637952],[-66.69436395509537,45.06409786338362],[-66.69436389335512,45.0640798682419],[-66.69440185801523,45.064043812320165],[-66.69451584438829,45.06396263719117],[-66.69454117464905,45.06394459825805],[-66.69454095836227,45.06388161526307],[-66.69451550455344,45.063863663913345],[-66.6944901434306,45.063872705269894],[-66.69447750919815,45.06389072230219],[-66.69442684866809,45.06392680013408],[-66.69433797652383,45.0639269532899],[-66.69431255362058,45.06391799946502],[-66.69431243017338,45.06388200918186],[-66.69442635458996,45.06378283900255],[-66.69447704587955,45.06375575874177],[-66.69454043309689,45.06372865656191],[-66.69460372752981,45.063674561634755],[-66.69460354208282,45.06362057621133],[-66.69465407856354,45.06354850801875],[-66.69476812544701,45.06348532777845],[-66.69478079043262,45.06347630828456],[-66.69483157411017,45.06347622057649],[-66.69485687310515,45.06344918400272],[-66.69485674931369,45.063413193721175],[-66.69491998117664,45.06334110347708],[-66.69497054797168,45.06327803271439],[-66.69509722784657,45.06319683505617],[-66.69514794928506,45.063178752065525],[-66.69517330999214,45.06316971056165],[-66.69518594384274,45.063151693452376],[-66.69523666521248,45.06313361042186],[-66.69530005137004,45.06310650781672],[-66.69532538099848,45.06308846870867],[-66.69535064855869,45.06305243445481],[-66.69536325129882,45.06302541975576],[-66.69535052445482,45.063016444174664],[-66.69535046240296,45.062998449034616],[-66.69535040035113,45.06298045389461],[-66.69535033829936,45.06296245875452],[-66.69535027624764,45.062944463614514],[-66.69535018317016,45.06291747090451],[-66.69536281690839,45.06289945377573],[-66.6953627548528,45.06288145863576],[-66.6953753885791,45.06286344150559],[-66.69538802229722,45.06284542437397],[-66.69517151213304,45.062647851498035],[-66.69412734798385,45.06174089347691],[-66.68761453905942,45.06175191464998],[-66.68762773999066,45.06573783965754],[-66.68762914067581,45.06616072564544],[-66.68769259348869,45.066151622455],[-66.68775604628107,45.06614251922881],[-66.68778143932288,45.06614247695802],[-66.6878068025343,45.066133437107325],[-66.68784489209067,45.06613337368191],[-66.68788295180465,45.066124312669444],[-66.68790831499165,45.06611527279596],[-66.68793370802106,45.06611523049092],[-66.68800976765894,45.066079113244975],[-66.68806043420282,45.06604303828716],[-66.68811116043938,45.066024958454875],[-66.68816203607648,45.06605186646986],[-66.68823839447101,45.06610572481046],[-66.68826381739864,45.066114680005185],[-66.6883400263996,45.066123550406836],[-66.68845429504597,45.06612335955179],[-66.68858126020747,45.06612314735487],[-66.68865734940773,45.06609602724648],[-66.68869528908074,45.066050975664645],[-66.6887333186255,45.0660329167916],[-66.68878413459393,45.0660418293782],[-66.68884770706923,45.06606871583338],[-66.68887322007512,45.06610466361197],[-66.68891145963907,45.066149587695364],[-66.68898772882348,45.06617645280691],[-66.68903854496055,45.06618536527882],[-66.68907663454989,45.06618530143742],[-66.68911454391088,45.0661312521409],[-66.6891396966103,45.06605922897493],[-66.68919027226629,45.06599616078928],[-66.6892155750791,45.06596912547494],[-66.68924093798358,45.06596008530208],[-66.68927902742102,45.065960021392456],[-66.68930445044737,45.06596897635247],[-66.6893807195744,45.06599584119805],[-66.68941892938061,45.06603176753541],[-66.6894444126418,45.066058717610986],[-66.68945741006708,45.0661486720218],[-66.6894448940886,45.06620267878803],[-66.68940713541814,45.06630171606372],[-66.68939449902764,45.06631973253016],[-66.68935664996128,45.06639177706843],[-66.68934419398288,45.066463778971716],[-66.68936961724563,45.06647273391699],[-66.68939498035085,45.06646369370917],[-66.68948385649436,45.066463544444716],[-66.68950921957712,45.066454504211244],[-66.68954721902575,45.06642744748976],[-66.68957258208228,45.06641840724206],[-66.68962333829002,45.06640932430312],[-66.68967412460849,45.06640923891497],[-66.68969954789885,45.06641819378589],[-66.68971236501315,45.066454162726764],[-66.68971269647905,45.066553136036326],[-66.68972545336158,45.06657110982868],[-66.68975087673266,45.06658006468796],[-66.68985244967509,45.06657989377368],[-66.6898778730702,45.066588848604376],[-66.68987811434732,45.066660829193054],[-66.689878385785,45.0667418073556],[-66.68986574944654,45.06675982387505],[-66.68978972022651,45.06680493994694],[-66.68975175078066,45.06684099432425],[-66.68973911437986,45.06685901082977],[-66.68970120512915,45.06691306033775],[-66.68968874947512,45.066985062280246],[-66.68968883986477,45.067012055001626],[-66.68972702041681,45.067038983661654],[-66.68975253441836,45.06707493124199],[-66.68975280567942,45.067155909406374],[-66.68974019934709,45.06718292348605],[-66.68974028976172,45.06720991620764],[-66.68970244054235,45.06728196086478],[-66.68966450084791,45.06732701278771],[-66.6895885610496,45.06739912144766],[-66.68947453060485,45.06747129404616],[-66.6893604998694,45.067543466529905],[-66.68923380205128,45.0676246577742],[-66.68920855861715,45.0676696882436],[-66.68919592185901,45.06768770468912],[-66.68918340529352,45.0677417114303],[-66.6891707985596,45.06776872544741],[-66.68915828195234,45.067822732186016],[-66.68914567518841,45.06784974620033],[-66.68914603572065,45.06795771709257],[-66.68913339887845,45.0679757335313],[-66.68909530808538,45.067975797392826],[-66.68901918654743,45.06799392022621],[-66.68896842882292,45.06800300289505],[-66.68886709332604,45.06807515361145],[-66.68876575757108,45.06814730423718],[-66.68874045357215,45.0681743394541],[-66.68863911747836,45.06824648996669],[-66.68855047813469,45.068318619165574],[-66.68853784102272,45.06833663553817],[-66.6884238372822,45.068417804654686],[-66.68834798419735,45.068516905209734],[-66.68822137244518,45.068625088047945],[-66.68818340078208,45.06866114190182],[-66.68810736767081,45.068706256846404],[-66.68806939588067,45.068742310662174],[-66.68801869706485,45.06876938805484],[-66.68796796834245,45.068787467849674],[-66.68792996655725,45.06881452404351],[-66.68786657048425,45.068841622521354],[-66.68781596098403,45.068895692548764],[-66.68781625932345,45.06898566830137],[-66.68780365166133,45.06901268216776],[-66.68780380082157,45.06905767004421],[-66.68777852578532,45.069093702622375],[-66.6877532208927,45.06912073761953],[-66.68768991383465,45.06917482872483],[-66.68758854481543,45.069237980723656],[-66.6875124508842,45.06926510011838],[-66.68747444856119,45.06929215615972],[-66.68746198955797,45.06936415786626],[-66.68744935186679,45.06938217411808],[-66.68743677371572,45.06941818551967],[-66.68742416577663,45.06944519934432],[-66.6874496794038,45.069481147449466],[-66.68750064718687,45.06953504849136],[-66.68755164485937,45.06959794708582],[-66.68770437020534,45.06970566455092],[-66.68772985430698,45.0697326150173],[-66.68784442862757,45.06982240053019],[-66.68797170067727,45.06991216476849],[-66.68800991223627,45.06994809158759],[-66.68808627574447,45.07000195003583],[-66.68817530690383,45.07004678967573],[-66.68826439801627,45.07010962439633],[-66.68841712609722,45.070217340896605],[-66.68844261076839,45.070244291202016],[-66.68850624769074,45.07028917300174],[-66.68854439994186,45.07030710448879],[-66.68862073447941,45.07035196499978],[-66.68877328396852,45.07040569556496],[-66.68887495378522,45.0704325182517],[-66.68897665371762,45.070468338422046],[-66.6891292038572,45.07052206850565],[-66.68928178435398,45.070584795958084],[-66.68934533208905,45.07060268455837],[-66.68945966995894,45.07062048782811],[-66.68958673554476,45.07064726721701],[-66.68971383138722,45.07068304403796],[-66.68985362493548,45.07071879934545],[-66.68992987055047,45.070736666244606],[-66.69001881376691,45.07075451170344],[-66.69009502928455,45.070763380915864],[-66.69019660972711,45.07076320968566],[-66.69031088772402,45.07076301694232],[-66.69039983110137,45.070780862100676],[-66.69047604671377,45.0707897310556],[-66.69053953451889,45.07078962383298],[-66.69066660099276,45.07081640200493]]]},"properties":{"SIZE_HA":"41.71","OBJECTID":"114","SITE_NUMBER":"MF-0378","AUTHORIZATION_TYPE":"Q09","AUTHORIZATION_HOLDER":"Kelly Cove Salmon Ltd.","AUTHORIZATION_EXPIRY_DATE":"March 31, 2038","SPECIES_CODE_DESCRIPTION":"4: Atlantic Salmon"},"id":114},{"type":"Feature","geometry":{"type":"Polygon","coordinates":[[[-66.97399030348329,45.013502871304105],[-66.97094083757345,45.015334529865875],[-66.97598253268427,45.01955729072688],[-66.97903193866297,45.01772594569515],[-66.97399030348329,45.013502871304105]]]},"properties":{"SIZE_HA":"19.37","OBJECTID":"120","SITE_NUMBER":"MF-0228","AUTHORIZATION_TYPE":"Q09","AUTHORIZATION_HOLDER":"Kelly Cove Salmon Ltd.","AUTHORIZATION_EXPIRY_DATE":"March 31, 2042","SPECIES_CODE_DESCRIPTION":"4: Atlantic Salmon"},"id":120},{"type":"Feature","geometry":{"type":"Polygon","coordinates":[[[-66.85484083909544,45.057615765860064],[-66.85532554264073,45.05798314373406],[-66.85535070604153,45.05794707383994],[-66.85537581297726,45.05790200646374],[-66.85537564367765,45.057875014034096],[-66.85538811247194,45.05783898412916],[-66.8554386083634,45.05779383673773],[-66.85548921707658,45.05776668427671],[-66.85552713123676,45.05773957180884],[-66.8555904343572,45.05771237928689],[-66.85565379389392,45.05769418420579],[-66.85571709690272,45.057666991613],[-66.85576770536886,45.05763983902758],[-66.85578034335359,45.05763080150859],[-66.85585628419527,45.05759457131769],[-66.85594486287991,45.0575493035385],[-66.85599547113165,45.057522150851305],[-66.85604607933494,45.05749499814154],[-66.85609663094267,45.05745884793322],[-66.85615987691845,45.057422657617145],[-66.85621048495403,45.05739550483393],[-66.85626114951407,45.05737734950385],[-66.85632433871072,45.057332161620224],[-66.85640027880372,45.05729593106453],[-66.85646358100865,45.05726873805449],[-66.8565268831528,45.057241545009006],[-66.85659024186114,45.05722334940347],[-66.85665354389366,45.05719615628711],[-66.85670426477608,45.05718699823399],[-66.85674217796665,45.05715988535976],[-66.8567927288309,45.05712373484112],[-66.856830755263,45.057114616887816],[-66.85689411373149,45.057096421112085],[-66.85690663806493,45.0570693885174],[-66.85694466444205,45.057060270525696],[-66.85694489116668,45.05709626042606],[-66.85694500452914,45.05711425537622],[-66.85698337105428,45.05715912222212],[-66.85703431863188,45.05718595392105],[-66.85705970738942,45.05718587354929],[-66.85713559010344,45.057140645024745],[-66.85716080869373,45.057113572205324],[-66.8571985514519,45.057059466753486],[-66.85723629413818,45.05700536128925],[-66.85727420695228,45.056978248237066],[-66.8572994254043,45.056951175387034],[-66.85733728140875,45.05691506483904],[-66.85737519411423,45.05688795175309],[-66.8574257443316,45.05685180095221],[-66.85746371371563,45.05683368531133],[-66.85751437737053,45.056815529420156],[-66.85755234670188,45.05679741374958],[-66.85762822850229,45.05675218489578],[-66.85769141591071,45.05670699625017],[-66.85772932830749,45.056679883045966],[-66.85777976448709,45.056625737138646],[-66.85779223147937,45.056589706972666],[-66.85780469845584,45.056553676805386],[-66.85782985964468,45.05651760636375],[-66.85784221293594,45.05646358124411],[-66.85785462302849,45.05641855359744],[-66.85789247832372,45.05638244286494],[-66.85791758254638,45.05633737493018],[-66.85792993571519,45.05628334980153],[-66.85794228886064,45.05622932467167],[-66.85795475566306,45.05619329448861],[-66.8579544714622,45.05614830711863],[-66.85797968922044,45.056121234118635],[-66.85805596776804,45.05613898729775],[-66.85811966594889,45.056174775679885],[-66.85814511112143,45.05618369253835],[-66.85817049942766,45.05618361191724],[-66.858221105392,45.056156458236494],[-66.85823362888554,45.05612942549676],[-66.85825878961359,45.05609335496078],[-66.85829658753985,45.056048246620264],[-66.85830899718114,45.05600321892504],[-66.85832140680283,45.055958191228626],[-66.85833387330496,45.05592216100453],[-66.85833364570503,45.055886171110195],[-66.85833341810545,45.05585018121583],[-66.85833324740602,45.055823188795145],[-66.85833301980706,45.055787198900845],[-66.8583328491081,45.05576020648023],[-66.8583453155597,45.055724176255254],[-66.85838328389418,45.05570606030734],[-66.85840855816275,45.055687984685946],[-66.85847180068485,45.05565179308145],[-66.85854785101871,45.055633556034685],[-66.85861109339109,45.05559736435241],[-66.85864894765648,45.055561253368836],[-66.85867405091511,45.05551618526869],[-66.85867382310153,45.05548019537599],[-66.8586991541339,45.055471117163165],[-66.85872448515822,45.05546203894463],[-66.85877520415183,45.05545287996375],[-66.8588386171156,45.05544368057385],[-66.85885131110216,45.05544364018621],[-66.85886400508863,45.05544359979714],[-66.85887669907514,45.05544355940665],[-66.85888939306172,45.055443519014695],[-66.85890208704815,45.05544347862132],[-66.8589147810346,45.055443438226526],[-66.858927475021,45.05544339783031],[-66.85760111099465,45.054466866744114],[-66.85394817879646,45.05697073962922],[-66.85484083909544,45.057615765860064]]]},"properties":{"SIZE_HA":"6.35","OBJECTID":"121","SITE_NUMBER":"MF-0034","AUTHORIZATION_TYPE":"Q09","AUTHORIZATION_HOLDER":"Kelly Cove Salmon Ltd.","AUTHORIZATION_EXPIRY_DATE":"March 31, 2025","SPECIES_CODE_DESCRIPTION":"4: Atlantic Salmon"},"id":121},{"type":"Feature","geometry":{"type":"Polygon","coordinates":[[[-66.96849484751326,44.936011436041355],[-66.96859707497879,44.93611898246436],[-66.96868626466006,44.93618159487968],[-66.9687116732672,44.93619048680575],[-66.96877500930678,44.93619022328986],[-66.96887634696856,44.93618980159039],[-66.96901553776416,44.93617122696055],[-66.96906605807477,44.93615302136988],[-66.96915450567285,44.9361256601929],[-66.96928080617566,44.9360801460187],[-66.96936925355645,44.936052784673755],[-66.96945777516468,44.93603442058121],[-66.9695843725522,44.936024895354144],[-66.96971096989664,44.93601536998489],[-66.96987549431496,44.93599668866756],[-66.96992608858068,44.9359874800135],[-66.97017950622342,44.93599542032826],[-66.97023017487325,44.935995208858635],[-66.9703821808198,44.93599457431301],[-66.97040758960695,44.93600346585614],[-66.97045848167632,44.93603024624592],[-66.97058545133913,44.936065706497374],[-66.97251069117966,44.93298945606429],[-66.9712394175814,44.932436927756015],[-66.97110165342039,44.932626454153066],[-66.9710763951618,44.93263555740186],[-66.97088662256742,44.93266334365512],[-66.97074729195649,44.93266392593725],[-66.9704433723463,44.93267419309177],[-66.9700253804029,44.93267593777692],[-66.96989871617136,44.93267646616317],[-66.96964546203563,44.93268651982813],[-66.96939213351205,44.932687575604106],[-66.96936687495104,44.93269667847027],[-66.96924080484118,44.932769184676395],[-66.96915258527613,44.93282353786539],[-66.9690392553252,44.93290498841945],[-66.96892592504958,44.932986438860524],[-66.96885059398504,44.93306773105353],[-66.96877526270531,44.93314902319704],[-66.96866215410975,44.93325746533813],[-66.96854904508308,44.93336590736725],[-66.96843593562517,44.93347434928435],[-66.96842371388767,44.933528385878475],[-66.96841186284023,44.93362740907794],[-66.96841267841148,44.93372637961271],[-66.96838801234496,44.933807460832384],[-66.96836334620848,44.93388854204726],[-66.96828823551881,44.93399682583754],[-66.96822579128751,44.93410505693573],[-66.96816334681908,44.93421328800048],[-66.96810090211355,44.93432151903172],[-66.9680511980746,44.934438694727966],[-66.9680140125132,44.934537823139244],[-66.96800208646857,44.934627848981414],[-66.96798986407482,44.93468188553361],[-66.9679906048554,44.93477185875693],[-66.96799134563891,44.93486183198083],[-66.96800475335823,44.93495175258635],[-66.96800542008653,44.93503272848852],[-66.96801875378611,44.93511365177054],[-66.96801919828654,44.935167635705795],[-66.96801993912294,44.9352576089316],[-66.96804593991637,44.935338479589234],[-66.96808460782104,44.93541929761314],[-66.96809771943651,44.935473228919456],[-66.96812357223877,44.93553610491453],[-66.96814935099361,44.93558998358114],[-66.96816231449641,44.93562592023489],[-66.96820053808428,44.93565275428363],[-66.96825165116691,44.93570652764026],[-66.96829002310616,44.93575135630383],[-66.96831557972209,44.935778242964695],[-66.9684051392875,44.93588584221607],[-66.96846929070736,44.9359845494211],[-66.96849484751326,44.936011436041355]]]},"properties":{"SIZE_HA":"9.52","OBJECTID":"122","SITE_NUMBER":"MF-0049","AUTHORIZATION_TYPE":"Q09","AUTHORIZATION_HOLDER":"Kelly Cove Salmon Ltd.","AUTHORIZATION_EXPIRY_DATE":"March 31, 2026","SPECIES_CODE_DESCRIPTION":"4: Atlantic Salmon"},"id":122},{"type":"Feature","geometry":{"type":"Polygon","coordinates":[[[-66.8328800376691,45.046993514110866],[-66.83275353907345,45.04706586857415],[-66.83271556830378,45.04708397589015],[-66.8326649581771,45.04711111812128],[-66.83263962669155,45.04712019048409],[-66.83262704015476,45.04713822289618],[-66.83255099282518,45.04715644245351],[-66.83250048812688,45.047201579588446],[-66.83244998334813,45.04724671670086],[-66.83242481008985,45.04728278148188],[-66.83239947848905,45.04729185379098],[-66.83236140192645,45.04729196601073],[-66.83231058042014,45.04728311812824],[-66.83229767721868,45.04724716557083],[-66.83223411084298,45.04722935756153],[-66.83217059724075,45.047220547005246],[-66.83208180475768,45.04722980613989],[-66.8320185020166,45.04725698545395],[-66.83198058358707,45.047284090012226],[-66.83195525191432,45.04729316222165],[-66.83190443046986,45.047284314156045],[-66.83186630122542,45.04727542871951],[-66.83178999009901,45.0472486603185],[-66.83177729792064,45.04724869765793],[-66.8317011448497,45.04724892166437],[-66.83167576049257,45.04724899632177],[-66.83167560252713,45.047222003854],[-66.8317005655997,45.047149949282854],[-66.83171267848637,45.04705093957103],[-66.83166133077098,45.04695211650404],[-66.83121752749028,45.04702540193936],[-66.83058349831265,45.047126236324935],[-66.8295056592049,45.04730034585554],[-66.82811269541288,45.04785326335373],[-66.82664878750238,45.04931513112048],[-66.83007348457053,45.0510866937406],[-66.83163351725486,45.05087517142386],[-66.83162040305338,45.05080322882086],[-66.83158227148411,45.05079434329016],[-66.8314933680437,45.05078560698941],[-66.8314806750729,45.05078564429656],[-66.83139182427651,45.05078590540654],[-66.83137913130551,45.05078594270227],[-66.83134094717863,45.05076805959897],[-66.83136607005862,45.05072299756029],[-66.83140399107891,45.05069589320085],[-66.83147988563948,45.05065068193464],[-66.8315557274382,45.05059647312696],[-66.83160634120543,45.05056933138433],[-66.83161898147698,45.0505602965725],[-66.83165669164084,45.05049720216614],[-66.83166933188828,45.05048816734864],[-66.83166912125408,45.05045217738647],[-66.83166875264503,45.05038919495266],[-66.83168128754592,45.050362165152876],[-66.83169382243476,45.05033513535184],[-66.83169345379935,45.050272152918495],[-66.83169324315101,45.0502361629566],[-66.8316929271791,45.05018217801395],[-66.83169271653159,45.050146188052224],[-66.83167965508596,45.050083242948695],[-66.83167944444742,45.05004725298717],[-66.8316791811497,45.050002265535234],[-66.83166633038208,45.04997531039191],[-66.83166596178067,45.04991232795945],[-66.83166580380897,45.04988533548842],[-66.831665435209,45.0498223530562],[-66.83166527723795,45.049795360585264],[-66.83166490863942,45.049732378153266],[-66.83166475066895,45.049705385682515],[-66.83167707478658,45.04964236592321],[-66.83170219690247,45.049597303813094],[-66.83172726631199,45.04954324420725],[-66.83173985366733,45.04952521189241],[-66.83180305371607,45.04948003774821],[-66.83187894633204,45.0494348262186],[-66.83189163899988,45.04943478886707],[-66.83196763689337,45.04940757225797],[-66.83204352928078,45.0493623606182],[-66.83209419443776,45.04934421614979],[-66.83214480682969,45.04931707416892],[-66.83222075169891,45.0492808599001],[-66.83225872409716,45.04926275274662],[-66.83233466882066,45.04922653840138],[-66.83237264114597,45.049208431209635],[-66.83244848016284,45.04915422180897],[-66.83247381258734,45.04914514948696],[-66.8325244246195,45.049118007336475],[-66.83260047458809,45.04909978779181],[-66.83261316718021,45.0490997503592],[-66.8326765245076,45.049081568195994],[-66.83272713638573,45.04905442595482],[-66.83276505563954,45.049027321142226],[-66.83282846567766,45.049018136383076],[-66.83287902457768,45.04898199658486],[-66.8329168380013,45.048936896743236],[-66.83294180024426,45.04886484189294],[-66.83295406990102,45.04879282450982],[-66.83295359415979,45.048711847108855],[-66.83299124874645,45.04863975477633],[-66.83302906185301,45.04859465489823],[-66.83309215407284,45.04853148505865],[-66.8332316124685,45.0485040801483],[-66.8328800376691,45.046993514110866]]]},"properties":{"SIZE_HA":"12.15","OBJECTID":"123","SITE_NUMBER":"MF-0023","AUTHORIZATION_TYPE":"Q09","AUTHORIZATION_HOLDER":"Kelly Cove Salmon Ltd.","AUTHORIZATION_EXPIRY_DATE":"March 31, 2025","SPECIES_CODE_DESCRIPTION":"4: Atlantic Salmon"},"id":123},{"type":"Feature","geometry":{"type":"Polygon","coordinates":[[[-66.83394385029368,45.03231314624098],[-66.8293032899904,45.0360409287543],[-66.83047641140416,45.03687985586655],[-66.83267021693732,45.03667590713531],[-66.83903165324993,45.03174011034983],[-66.8360160810512,45.03083263724364],[-66.83394385029368,45.03231314624098]]]},"properties":{"SIZE_HA":"19.40","OBJECTID":"124","SITE_NUMBER":"MF-0029","AUTHORIZATION_TYPE":"Q09","AUTHORIZATION_HOLDER":"Kelly Cove Salmon Ltd.","AUTHORIZATION_EXPIRY_DATE":"March 31, 2043","SPECIES_CODE_DESCRIPTION":"4: Atlantic Salmon"},"id":124},{"type":"Feature","geometry":{"type":"Polygon","coordinates":[[[-66.84396362934145,45.03172634360248],[-66.84389988572843,45.03167705100136],[-66.84379215900161,45.0315937014362],[-66.8394036769616,45.03445070000084],[-66.84373331455528,45.03779415589675],[-66.84390097742573,45.03792366065718],[-66.84404146479179,45.03802913439813],[-66.84506692319523,45.03735414714878],[-66.84514402786506,45.03730397426232],[-66.84842274113653,45.0351695478362],[-66.84655807196422,45.033729822606276],[-66.84645288899702,45.03364871715507],[-66.84396362934145,45.03172634360248]]]},"properties":{"SIZE_HA":"25.30","OBJECTID":"125","SITE_NUMBER":"MF-0032","AUTHORIZATION_TYPE":"Q09","AUTHORIZATION_HOLDER":"Kelly Cove Salmon Ltd.","AUTHORIZATION_EXPIRY_DATE":"March 31, 2028","SPECIES_CODE_DESCRIPTION":"4: Atlantic Salmon"},"id":125},{"type":"Feature","geometry":{"type":"Polygon","coordinates":[[[-66.94409822222384,45.02599519971961],[-66.94378917479548,45.02614424818411],[-66.94364170285817,45.0262201389911],[-66.94353125741378,45.02627707884],[-66.94344770990028,45.0263178069745],[-66.94340417722167,45.02633228446319],[-66.94333699043543,45.02633974678436],[-66.94328345297237,45.026356602956604],[-66.94324994325103,45.02637104098133],[-66.9431895878942,45.02637595701276],[-66.94254411992962,45.026435717356115],[-66.94225599495265,45.02645385341113],[-66.94208700520306,45.0264716116705],[-66.94201255826887,45.026491788377236],[-66.94196700982921,45.02650816272214],[-66.94168600380502,45.02662587358776],[-66.94164912050122,45.02663078682375],[-66.94161220005383,45.02663093142977],[-66.94156179378787,45.0266263600725],[-66.94150473744438,45.02663135225868],[-66.94149434705393,45.026633102499254],[-66.94144788571407,45.026646331025084],[-66.94144104990438,45.02664833727426],[-66.94141774482797,45.026669842958434],[-66.94140121941277,45.026698430254825],[-66.94139142172601,45.026743726873256],[-66.94138841923223,45.02678179875749],[-66.94139540342618,45.02681515276155],[-66.94141231759245,45.026836500995365],[-66.9414291575276,45.02684831199038],[-66.94143005125503,45.02684902830486],[-66.94143265739373,45.02685783581566],[-66.9414429767953,45.02689585554662],[-66.94142300749051,45.02692211693578],[-66.9413862171172,45.026938996618654],[-66.94096997377416,45.026928658342676],[-66.94082872222853,45.02690779621665],[-66.94072807327403,45.026903420902364],[-66.94069095165086,45.02689402846591],[-66.9406405986865,45.02688000893817],[-66.9405799311281,45.02686117095137],[-66.94056898702974,45.02685698481002],[-66.94054289938438,45.02684700935178],[-66.94049580820109,45.0268282082523],[-66.94043858453553,45.026811696128895],[-66.94030357828312,45.026794408017864],[-66.94021420715352,45.026722775637175],[-66.94003602413092,45.02665148981389],[-66.93890556807932,45.02849123979973],[-66.94413066504383,45.028404107554],[-66.94551911878004,45.02689988850669],[-66.94539181981624,45.026846405404896],[-66.94523890624325,45.02677862703788],[-66.94518168125578,45.026762117324175],[-66.9450471720151,45.02674366323089],[-66.94499001821406,45.02672004498136],[-66.94497758923796,45.026704528065764],[-66.94497640147479,45.0266986842688],[-66.94497962537099,45.02668913401808],[-66.94499709570235,45.02666801052881],[-66.94502568953206,45.02665773031348],[-66.94504560224496,45.02654365126677],[-66.94503507501067,45.026479449467836],[-66.94502490226834,45.02646041456206],[-66.94499778116396,45.0264319989931],[-66.94494724843581,45.02641132382269],[-66.94482569077486,45.02636168642757],[-66.94462067776493,45.0262834955022],[-66.9446003369732,45.0262621612594],[-66.94459687036932,45.026240760479254],[-66.94462342532061,45.0260837364455],[-66.94463644659244,45.025964466002755],[-66.94461780181629,45.02594906353628],[-66.94460097982771,45.02593959234006],[-66.94458419523113,45.02593488975763],[-66.94454383134364,45.02593270950797],[-66.94436623834231,45.025937098581416],[-66.94424201365808,45.02595171441752],[-66.94420616573436,45.02595914375873],[-66.94409822222384,45.02599519971961]]]},"properties":{"SIZE_HA":"9.24","OBJECTID":"126","SITE_NUMBER":"MF-0042","AUTHORIZATION_TYPE":"Q09","AUTHORIZATION_HOLDER":"Kelly Cove Salmon Ltd.","AUTHORIZATION_EXPIRY_DATE":"March 31, 2025","SPECIES_CODE_DESCRIPTION":"4: Atlantic Salmon"},"id":126},{"type":"Feature","geometry":{"type":"Polygon","coordinates":[[[-66.9291889070808,45.00431522433991],[-66.92916088996562,45.00430003499135],[-66.92911622916036,45.00426421438951],[-66.92909696732426,45.00423279592282],[-66.92906478493211,45.004169934845095],[-66.92906441071558,45.00412044917923],[-66.92905132007125,45.00406651308548],[-66.92905094586747,45.00401702741983],[-66.92905074175665,45.003990035238644],[-66.92905040157254,45.00394504826999],[-66.92905664070686,45.00393152804528],[-66.92903100381449,45.003895635004966],[-66.92899916183025,45.00387776087758],[-66.92896101269571,45.00386440956719],[-66.92892282957101,45.00384655954705],[-66.92889736283244,45.00383315996075],[-66.92885921375178,45.003819808615916],[-66.92880193916658,45.003793033528936],[-66.92875093781764,45.00375723690199],[-66.92870620971732,45.00371241874351],[-66.92869956263897,45.003671954585336],[-66.92868667638196,45.00364501063137],[-66.928667516958,45.003627088182355],[-66.92864205037817,45.00361368853829],[-66.92859756035242,45.003600361215454],[-66.92857212778127,45.00359146025252],[-66.92855307034739,45.00358703387506],[-66.92854669521803,45.00358255928384],[-66.9285019334425,45.003533242347196],[-66.92843170527891,45.00347052570109],[-66.92839331879043,45.00342568331897],[-66.92838680783059,45.00340321393054],[-66.92838636628238,45.00334473086926],[-66.92836062819063,45.00329534158535],[-66.92834770821848,45.003263898895725],[-66.92825842327963,45.00319675572601],[-66.92823299094252,45.00318785468633],[-66.92816303508293,45.00316112744896],[-66.92808673818827,45.003134424248],[-66.92792770173286,45.00306754567015],[-66.9278958605606,45.00304967123047],[-66.92784496221766,45.003027370284286],[-66.92778782458022,45.00301858946964],[-66.92773689239397,45.00299178977731],[-66.9275843334324,45.002942881442955],[-66.92748263890158,45.00291177533763],[-66.92740644432241,45.002898567767275],[-66.92732390870496,45.00288538418231],[-66.92729213558086,45.0028765069665],[-66.92722221441919,45.00285427784171],[-66.92715856664512,45.00282302725137],[-66.92711400985851,45.00280070194698],[-66.92707576030804,45.00277385390489],[-66.92704385185202,45.002746981829134],[-66.9270054669502,45.002702138973284],[-66.92699248015651,45.0026616987327],[-66.92699865193245,45.0026391812272],[-66.92700485755854,45.00262116241879],[-66.92704280224989,45.002607522207946],[-66.92709339514319,45.00258933524032],[-66.92713140752198,45.00258469239454],[-66.92720750000281,45.0025844040593],[-66.92725829607298,45.00259320920197],[-66.92727097815492,45.00259316113537],[-66.92735965107842,45.002579328537436],[-66.92739125461833,45.00256571224801],[-66.92740390280734,45.00256116546913],[-66.92742282425485,45.00254759725243],[-66.92742899584766,45.002525079723796],[-66.92743506576849,45.00248906610314],[-66.92744093234508,45.002426060298895],[-66.92744049178299,45.00236757723509],[-66.92744005122204,45.00230909417146],[-66.92744584999572,45.00223709097321],[-66.92744561276827,45.00220560009302],[-66.92742645422317,45.00218767743287],[-66.92741994378983,45.002165207989115],[-66.92738169452441,45.002138360051255],[-66.92734354693943,45.00212500819196],[-66.92731811522613,45.00211610694527],[-66.92728000154743,45.00210725376156],[-66.92726097858738,45.00210732586216],[-66.92724195562735,45.002107397959506],[-66.92721028456462,45.00211201681194],[-66.92718495448443,45.00211661162692],[-66.92716596538847,45.002121182408736],[-66.92714701015534,45.002130251884594],[-66.92710909967076,45.0021483908269],[-66.92709645154989,45.002152937572376],[-66.927083803427,45.00215748431647],[-66.92703945033746,45.0021621511663],[-66.92703300777389,45.002148679094645],[-66.92702019036767,45.002130732344924],[-66.92700106583644,45.00211730830965],[-66.9269566789206,45.0021174764295],[-66.92693134881718,45.00212207118752],[-66.92685522311155,45.00211786063787],[-66.9268171433431,45.00211350599502],[-66.92674084848889,45.00208680188087],[-66.92670904207188,45.00207342580266],[-66.92657523883335,45.00198845451187],[-66.9265306491151,45.001961630278785],[-66.92648599181247,45.001925808632954],[-66.92644123313707,45.00187649087671],[-66.9264393173249,45.00187469859374],[-66.92640929167995,45.001845119923615],[-66.92637080647934,45.001786780759154],[-66.92635278815511,45.00175175806882],[-66.92635215406038,45.00175176046697],[-66.92613271655031,45.002000475456455],[-66.92424761855276,45.00413777936126],[-66.92409767908092,45.005457399238026],[-66.92557425707288,45.00608481963819],[-66.92958084242625,45.00633010565193],[-66.93008251862446,45.00566776508285],[-66.93096341542783,45.00450595308787],[-66.93131250083903,45.00404573771218],[-66.93129607185112,45.00405344857322],[-66.93127074123896,45.00405804430767],[-66.93125805883466,45.0040580928248],[-66.93124534223779,45.004053642644635],[-66.9312262844417,45.0040492167196],[-66.93121994324048,45.004049240975824],[-66.9312071582696,45.00403579339954],[-66.93120081706988,45.00403581765474],[-66.93118816885837,45.004040364859875],[-66.93117558901882,45.004053909455514],[-66.93117562320579,45.00405840815145],[-66.93118840817425,45.004071855731354],[-66.93120763692271,45.00409877514244],[-66.93121408069968,45.00411224697464],[-66.93121414907985,45.0041212443665],[-66.93120804719786,45.00415275949369],[-66.9312017401742,45.004157282444865],[-66.93118912612388,45.00416632834616],[-66.93117017085423,45.00417539849956],[-66.93114484017747,45.00417999420588],[-66.93113219192931,45.00418454140485],[-66.93111316828012,45.00418461415671],[-66.93108776923434,45.00418021245824],[-66.93103697115443,45.004171409044055],[-66.93096718361868,45.00416717703025],[-66.9308783041238,45.00415402029329],[-66.93082113072846,45.0041407423223],[-66.93076395735974,45.00412746432234],[-66.9306687367648,45.004114331650214],[-66.93065605434718,45.00411438009963],[-66.9306179729511,45.00411002674322],[-66.9305735503529,45.00410569759382],[-66.93050379706534,45.00410596398913],[-66.93040861069208,45.004097329793446],[-66.93034523274198,45.004102070576295],[-66.93030725373217,45.00411121320381],[-66.930269240595,45.0041158571222],[-66.93023126156358,45.00412499972414],[-66.93020599905287,45.00413859261229],[-66.93018707774335,45.004152161297114],[-66.93017453174735,45.004170204477965],[-66.93016836106807,45.004192722157114],[-66.93016215627716,45.004210741139644],[-66.93016225859746,45.00422423722889],[-66.93014971257776,45.004242280407134],[-66.93012458641064,45.00427386806306],[-66.93011193805944,45.00427841514783],[-66.93008664135091,45.00428750931308],[-66.93005496930645,45.00429212896694],[-66.93002963848637,45.004296724422964],[-66.92999800052577,45.004305842757326],[-66.92997270378677,45.004314936897075],[-66.92994747521931,45.00433302842431],[-66.92993492910722,45.00435107157892],[-66.92992869013662,45.00436459185223],[-66.92991617809906,45.00438713370141],[-66.9299099050331,45.00439615527718],[-66.92990370013806,45.004414174245774],[-66.92989115399428,45.00443221739567],[-66.92987223251161,45.004445786028064],[-66.92985961818486,45.00445483178125],[-66.92982174110027,45.004477470335814],[-66.92980278550739,45.00448654025999],[-66.92978379583145,45.004491111484434],[-66.92975215772282,45.00450022975018],[-66.92972686085768,45.004509323835094],[-66.92970149584335,45.00450942052097],[-66.92966978957523,45.00450954137027],[-66.92963174205337,45.00450968637765],[-66.92957453452833,45.004491909077665],[-66.92950430399111,45.00442919310085],[-66.9294660181602,45.00439784717488],[-66.929415152039,45.00438004563617],[-66.92937700246902,45.00436669446697],[-66.92933888695849,45.004357841981744],[-66.9293135220109,45.004357938580185],[-66.92928171371497,45.00434456322968],[-66.92924997350319,45.004340185263885],[-66.92921182399863,45.004326834038785],[-66.9291889070808,45.00431522433991]]]},"properties":{"SIZE_HA":"13.85","OBJECTID":"127","SITE_NUMBER":"MF-0045","AUTHORIZATION_TYPE":"Q09","AUTHORIZATION_HOLDER":"Kelly Cove Salmon Ltd.","AUTHORIZATION_EXPIRY_DATE":"March 31, 2042","SPECIES_CODE_DESCRIPTION":"4: Atlantic Salmon"},"id":127},{"type":"Feature","geometry":{"type":"Polygon","coordinates":[[[-66.94509527934991,45.001996032287735],[-66.94549230426347,45.00248933515458],[-66.94742960458555,45.00209476336725],[-66.94741678074936,45.002076818949014],[-66.94741670980368,45.002067821572915],[-66.94740381503416,45.00204087977713],[-66.94739084933542,45.002004940603754],[-66.94737767083535,45.00194200930054],[-66.94737752895692,45.00192401454836],[-66.94737745801778,45.00191501717224],[-66.94737738707863,45.00190601979605],[-66.94736463423885,45.00189707274816],[-66.94735181046806,45.00187912832263],[-66.94730094102738,45.00186133486294],[-66.94728818820978,45.00185238780627],[-66.94730058639313,45.00181634798216],[-66.94730044453961,45.001798353229894],[-66.94731305548956,45.00178930553291],[-66.94731298456085,45.00178030815681],[-66.9473129136322,45.0017713107807],[-66.94731277177495,45.00175331602855],[-66.94731241713231,45.001708329148116],[-66.94731227527546,45.00169033439601],[-66.94729952249455,45.00168138734062],[-66.94729945156821,45.00167238996456],[-66.94731206249035,45.00166334226781],[-66.9473119206338,45.00164534751571],[-66.94733707152588,45.00161825474197],[-66.94736222239403,45.001591161962764],[-66.94738737323824,45.00156406917799],[-66.94739991318029,45.00154602409561],[-66.94742513493244,45.001527928678435],[-66.94742506398646,45.0015189313026],[-66.9474249930405,45.001509933926656],[-66.94743753295867,45.001491888840185],[-66.94743746201081,45.00148289146433],[-66.94742442547386,45.001437954919794],[-66.94741153084487,45.001411013125576],[-66.94738588350278,45.00137512428427],[-66.9473856706844,45.001348132156764],[-66.94737291796906,45.00133918510974],[-66.9473598815166,45.00129424855801],[-66.94730887074422,45.00125846034969],[-66.94728329445921,45.00123156886101],[-66.94728315261334,45.001213574109215],[-66.94727018718189,45.001177634923025],[-66.94727004534036,45.00115964017131],[-66.94726983257833,45.001132648043715],[-66.94720628210723,45.00111490485635],[-66.94716816602447,45.001106058401895],[-66.94715541339788,45.00109711133025],[-66.94714266077531,45.0010881642572],[-66.9471298372584,45.00107021980674],[-66.9471170137496,45.00105227535475],[-66.94710419024898,45.00103433090136],[-66.94707861416221,45.001007439366205],[-66.94707854327213,45.00099844199018],[-66.94706571979587,45.00098049753243],[-66.9470656489079,45.000971500156474],[-66.9470528254418,45.000953555697286],[-66.94705261278423,45.000926563569394],[-66.94705254189843,45.000917566193436],[-66.94705247101264,45.00090856881749],[-66.94703978933245,45.00090861910869],[-66.94703964756499,45.000890624356806],[-66.94705211658416,45.00086358193786],[-66.94705204569856,45.00085458456191],[-66.94706458559143,45.000836539517586],[-66.9470645147039,45.00082754214164],[-66.94707712547638,45.000818494471865],[-66.94710234700922,45.00080039912802],[-66.94711488687419,45.000782354078204],[-66.94712749762867,45.00077330640274],[-66.94716540077113,45.00075516074395],[-66.94717794060603,45.00073711568718],[-66.94719055134034,45.000728068004804],[-66.94721591461956,45.00072796738723],[-66.94724120698328,45.00071886938821],[-66.94727911005299,45.00070072369137],[-66.94731708402566,45.000691575357415],[-66.94735505798604,45.00068242701069],[-66.94738042124445,45.00068232635611],[-66.94741846613172,45.00068217536359],[-66.94744382938984,45.00068207469479],[-66.94745651101883,45.00068202435821],[-66.9474945559056,45.000681873340014],[-66.94751991916343,45.000681772654076],[-66.94755796404978,45.00068162161447],[-66.9475833273072,45.00068152091426],[-66.94762130121768,45.00067237247798],[-66.9476719567403,45.000663173668094],[-66.94770985963459,45.00064502782676],[-66.94774776250452,45.000626881972785],[-66.94777291273866,45.00059978910446],[-66.9478107445528,45.00057264585436],[-66.94781067354742,45.000563648479286],[-66.94783568170499,45.00051856084712],[-66.94786083184927,45.0004914679596],[-66.94786076083612,45.00048247058453],[-66.94787330038969,45.00046442545122],[-66.94787322937462,45.00045542807626],[-66.94787301632955,45.00042843595132],[-66.94787287429963,45.000410441201474],[-66.94787280328474,45.00040144382652],[-66.94787273226984,45.00039244645159],[-66.94787266125499,45.000383449076644],[-66.94785990868044,45.000374502084895],[-66.94784715610993,45.000365555091754],[-66.94783447455214,45.00036560547211],[-66.9478217219876,45.0003566584761],[-66.94779635887602,45.00035675922964],[-66.94777099576427,45.00035685997751],[-66.9477583142084,45.0003569103493],[-66.94773295109638,45.00035701108859],[-66.94769490642837,45.00035716218685],[-66.94766961429873,45.00036626028695],[-66.94763164060086,45.00037540873901],[-66.94761903001523,45.00038445647035],[-66.9475936668906,45.000384557178336],[-66.94754301160371,45.00039375595239],[-66.9475176484748,45.000393856643306],[-66.94749235630023,45.0004029547038],[-66.94745424065192,45.00039410834555],[-66.94742880657805,45.00038521164117],[-66.9474160540729,45.00037626459902],[-66.94736511502688,45.00034947379179],[-66.94733968098694,45.00034057706723],[-66.94730149447999,45.00032273328187],[-66.94727598954195,45.000304839167406],[-66.94725048461989,45.00028694504721],[-66.94722497971404,45.00026905092123],[-66.94718672238528,45.00024220972139],[-66.94711027873005,45.00019752465818],[-66.94708470301902,45.00017063312487],[-66.94707187972892,45.000152688668265],[-66.94704630405633,45.00012579712615],[-66.94700783427713,45.00007196373872],[-66.94699501103374,45.000054019273335],[-66.94699486928363,45.00003602452211],[-66.94699479840861,45.00002702714652],[-66.94699465665867,45.000009032395404],[-66.94699451490884,44.9999910376443],[-66.94699437315914,44.99997304289311],[-66.94699423140953,44.99995504814203],[-66.94698140819693,44.99993710367515],[-66.94698133732425,44.99992810629962],[-66.94698126645157,44.999919108923976],[-66.94696851412183,44.999910161831224],[-66.94691764656802,44.99989236819679],[-66.94689221280306,44.999883471370936],[-66.946866779046,44.99987457453938],[-66.94684127444658,44.99985668032628],[-66.94682852215298,44.99984773321769],[-66.94681576986333,44.99983878610755],[-66.94681562817085,44.999820791356264],[-66.9468028758893,44.99981184424463],[-66.94680273420103,44.99979384949335],[-66.94680266335692,44.999784852117685],[-66.94680259251285,44.99977585474205],[-66.94681506140208,44.999748812351086],[-66.94682760112741,44.99973076733448],[-66.94682745943157,44.999712772583294],[-66.94681463632668,44.99969482809743],[-66.94678913182462,44.999676933872664],[-66.94676362733871,44.99965903964205],[-66.94673798120179,44.9996231506544],[-66.94672508731405,44.999596208782776],[-66.94672494565123,44.99957821403144],[-66.94672480398852,44.99956021928025],[-66.9467246623259,44.99954222452902],[-66.94673720203461,44.99952417952264],[-66.94673706036824,44.9995061847715],[-66.94676228142808,44.99948808950586],[-66.9467748211129,44.999470044495375],[-66.94678736078976,44.99945199948362],[-66.94678721910772,44.999434004732606],[-66.94678714826674,44.99942500735714],[-66.94678700658487,44.99940701260609],[-66.94677425440105,44.99939806549134],[-66.94674875004553,44.999380171257386],[-66.94672338736751,44.9993802717687],[-66.94668506005154,44.99934443302274],[-66.94668498922692,44.9993354356472],[-66.94669745807624,44.99930839327003],[-66.94673521871516,44.99927225300777],[-66.94674782919557,44.99926320537609],[-66.9467604396719,44.999254157742996],[-66.94678551893195,44.999218067721756],[-66.94678544809163,44.99920907034639],[-66.94678530641109,44.99919107559561],[-66.94678523557084,44.99918207822015],[-66.94678495221024,44.999146088718675],[-66.94678459801008,44.999101101841894],[-66.94679685423533,44.99904706732821],[-66.94679657086833,44.99901107782697],[-66.94679621666019,44.998966090950624],[-66.94679572077,44.99890310932378],[-66.9468080477858,44.9988580721848],[-66.94682051647237,44.99883102979491],[-66.94688335571203,44.9987587994515],[-66.94693351360816,44.99868661935196],[-66.94699642341719,44.99862338632161],[-66.9470089628374,44.998605341286385],[-66.94702150224967,44.99858729624989],[-66.94704679369194,44.99857819829728],[-66.94705933308619,44.99856015325657],[-66.94707194335693,44.99855110558932],[-66.9470845536237,44.99854205792075],[-66.9471097741452,44.99852396257932],[-66.94713492375618,44.99849686985751],[-66.94714753400086,44.998487822181936],[-66.94716014424147,44.99847877450493],[-66.94716007334313,44.99846977713023],[-66.94717268357778,44.99846072945188],[-66.94718529380846,44.998451681772096],[-66.94718522290619,44.998442684397375],[-66.94719769132234,44.998415641966936],[-66.94724820307687,44.99838844860298],[-66.94726074236539,44.9983704035403],[-66.9472860336725,44.99836130553439],[-66.94731125404937,44.99834321014834],[-66.94733654533626,44.998334112131154],[-66.94736183661509,44.99832501410825],[-66.94738712788568,44.99831591607979],[-66.94741249008625,44.99831581542003],[-66.94743785228677,44.99831571475454],[-66.94743792322886,44.9983247121289],[-66.94745060433107,44.99832466179401],[-66.94746328543323,44.99832461145771],[-66.9474759665353,44.99832456111997],[-66.9474887185876,44.9983335081552],[-66.94751408079583,44.99833340747257],[-66.94755219506807,44.99834225381221],[-66.94757762824428,44.99835115048952],[-66.947615671568,44.998350999433406],[-66.9476537148914,44.99835084836446],[-66.94767900612655,44.998341750270555],[-66.94772944659566,44.99830555931747],[-66.94775459581392,44.99827846645855],[-66.94775452482169,44.9982694690844],[-66.9477669929286,44.99824242659186],[-66.94776692193447,44.99823342921782],[-66.94774148878163,44.99822453258322],[-66.94770344554318,44.99822468368164],[-66.94766526034856,44.99820684001893],[-66.9476398272234,44.998197943361326],[-66.94760157109903,44.998171102302955],[-66.94758881906559,44.99816215528062],[-66.94756331501071,44.9981442612315],[-66.94756324404906,44.99813526385732],[-66.94752484609218,44.99809042802447],[-66.9475247041813,44.9980724332761],[-66.94752463322591,44.99806343590193],[-66.94753724331224,44.99805438818326],[-66.94753717235488,44.998045390809054],[-66.94754992435386,44.9980543378373],[-66.94758803844414,44.998063184164984],[-66.9476134715007,44.998072080834376],[-66.94763883359164,44.998071980123875],[-66.94768977071813,44.99809877080793],[-66.94770245176952,44.99809872044478],[-66.94772788485982,44.99810761708833],[-66.94774063690292,44.998116564094886],[-66.94775324696644,44.9981075163521],[-66.94776585702598,44.998098468607786],[-66.94776578603232,44.99808947123386],[-66.94777839608585,44.99808042348825],[-66.94779107713298,44.99808037311514],[-66.94784187232712,44.99808916898244],[-66.94785462438388,44.998098115976084],[-66.94788005749764,44.99810701258526],[-66.94791810065654,44.9981068614274],[-66.94793078170942,44.9981068110386],[-66.94794339174044,44.998097763274494],[-66.94795607279121,44.998097712882846],[-66.9479560017674,44.998088715509084],[-66.94796861179034,44.998079667742246],[-66.94798122180937,44.99807061997401],[-66.94798115078163,44.99806162260026],[-66.9479937607945,44.99805257483065],[-66.9479936187351,44.99803458008312],[-66.94799354770542,44.99802558270944],[-66.94799347667578,44.998016585335726],[-66.94799340564617,44.99800758796198],[-66.94796804358484,44.998007688752196],[-66.94792992947319,44.99799884255306],[-66.94790449640013,44.99798994595516],[-66.94789181537328,44.99798999634096],[-66.94787906333501,44.99798104935147],[-66.94786638231015,44.9979810997344],[-66.94784094925504,44.99797220312219],[-66.9478028351868,44.99796335687998],[-66.94777733115433,44.997945462879485],[-66.94773921711399,44.99793661661576],[-66.94772639412454,44.99791867223504],[-66.94771364212833,44.997909725226855],[-66.9477008901362,44.99790077821719],[-66.94768813814805,44.997891831206104],[-66.9476754571429,44.997891881567526],[-66.94766270516075,44.99788293455361],[-66.94763734315424,44.997883035269275],[-66.94761198114773,44.99788313597929],[-66.94759922917753,44.99787418895801],[-66.94758647721135,44.99786524193539],[-66.94757379621194,44.99786529228537],[-66.94756104425178,44.99785634525991],[-66.94753561130027,44.99784744857864],[-66.94753554034355,44.997838451204565],[-66.9475228593501,44.99783850154882],[-66.94752271744079,44.997820506800686],[-66.94750996549875,44.997811559769346],[-66.94749721356074,44.99780261273662],[-66.94748446162666,44.99779366570245],[-66.94745909965967,44.99779376637797],[-66.94742105670893,44.99779391738051],[-66.94740837572525,44.99779396771187],[-66.94739569474157,44.99779401804178],[-66.9473703327742,44.99779411869729],[-66.94735765179047,44.99779416902295],[-66.94734489988029,44.99778522197293],[-66.9473194669943,44.997776325242825],[-66.94730664417389,44.99775838081419],[-66.94729389227984,44.99774943375843],[-66.94729382136164,44.99774043638417],[-66.94729375044346,44.99773143900992],[-66.94729367952532,44.99772244163571],[-66.94729353768912,44.99770444688722],[-66.94724281383365,44.99770464814649],[-66.94254168255746,44.998173084649785],[-66.94509527934991,45.001996032287735]]]},"properties":{"SIZE_HA":"9.70","OBJECTID":"128","SITE_NUMBER":"MF-0046","AUTHORIZATION_TYPE":"Q09","AUTHORIZATION_HOLDER":"Kelly Cove Salmon Ltd.","AUTHORIZATION_EXPIRY_DATE":"March 31, 2042","SPECIES_CODE_DESCRIPTION":"4: Atlantic Salmon"},"id":128},{"type":"Feature","geometry":{"type":"Polygon","coordinates":[[[-67.0122526383663,44.9673577570303],[-67.01226547477219,44.967375694008815],[-67.01235468048655,44.96742927446032],[-67.01239294634789,44.96745609347263],[-67.01243121224542,44.967482912471894],[-67.01246955936661,44.96751872875277],[-67.01250806892388,44.96757253960951],[-67.01257184566121,44.96761723786919],[-67.0126355412848,44.96765293879814],[-67.0126737262093,44.96767076042048],[-67.01275009613,44.96770640362616],[-67.01280095530325,44.967724167538314],[-67.01287732537537,44.96775981065753],[-67.01296628846904,44.967786398740884],[-67.01296636973592,44.96779539603503],[-67.01304265872832,44.967822041747816],[-67.0130807626088,44.96783086593784],[-67.01316956331004,44.96783945927226],[-67.01324568983388,44.96784811025947],[-67.01327103824178,44.967847994812466],[-67.0133470834649,44.96784764843729],[-67.01338510607607,44.96784747523048],[-67.01346106995209,44.96783813148469],[-67.01348641835494,44.9678380159893],[-67.01356246356276,44.96783766946879],[-67.0136511829704,44.96783726513007],[-67.01372714678823,44.96782792120511],[-67.01376516938438,44.967827747870075],[-67.01385388877442,44.967827343371795],[-67.01392993396462,44.9678269966034],[-67.0139426081629,44.96782693880369],[-67.01403124611417,44.96781753687262],[-67.01409445420249,44.96779925321694],[-67.01413198806861,44.96774509600068],[-67.01414458079482,44.96773604088538],[-67.01418203311235,44.96767288635999],[-67.01423224096311,44.96761867128311],[-67.01424475217635,44.96760061886415],[-67.01428228576853,44.96754646159896],[-67.01430738960228,44.96751935404136],[-67.014370271315,44.96746508106198],[-67.01442056029934,44.967419863195126],[-67.01444574551174,44.967401752899534],[-67.01452138256482,44.967356419271574],[-67.01457191589348,44.96733819321462],[-67.01464763429313,44.96730185679467],[-67.01471059698197,44.96725658091944],[-67.01472278178785,44.967202539280265],[-67.01473512966228,44.96716649222383],[-67.01476007001303,44.96712138998292],[-67.01475998846342,44.96711239269107],[-67.014886076281,44.96703983536587],[-67.01503734859932,44.966949167474056],[-67.01503710381992,44.966922175599564],[-67.01504896186533,44.96683214476117],[-67.01504847229725,44.96677816101262],[-67.01508559657994,44.96667901702858],[-67.0151233735821,44.966651851363046],[-67.01514839501003,44.966615746329936],[-67.01516041604057,44.96654371006432],[-67.0151851925505,44.96648061315004],[-67.0151972135065,44.96640857688117],[-67.01520939767072,44.96635453519338],[-67.01523417404461,44.96629143826936],[-67.01524586840083,44.966183412832606],[-67.01525764433961,44.96608438468624],[-67.01526942023813,44.965985356539306],[-67.01526925698238,44.9659673619578],[-67.015281277726,44.96589532568254],[-67.01529362496497,44.96585927856903],[-67.01529338007072,44.965832286697044],[-67.0153058905551,44.96581423416361],[-67.01531823776108,44.965778187047725],[-67.01536819792905,44.96569697960491],[-67.01543091330977,44.96562471146508],[-67.01548095484287,44.96555250126403],[-67.01548046488048,44.96549851752218],[-67.01549207694944,44.96538149477598],[-67.01550377063514,44.96527346931955],[-67.01551546427733,44.965165443862716],[-67.01552756620998,44.965102404855614],[-67.01553966811612,44.96503936584752],[-67.01555209667791,44.96501231599815],[-67.01556411686562,44.964940279697885],[-67.01557662706857,44.96492222713603],[-67.0156010757041,44.96482314097932],[-67.01563819775825,44.96472399682915],[-67.01565070789029,44.96470594425943],[-67.01567540137296,44.964633849957316],[-67.01568758470847,44.96457980822518],[-67.01570001310013,44.964552758360625],[-67.01571252317501,44.964534705784324],[-67.01577531854467,44.964471434750884],[-67.01585078720706,44.96440810567039],[-67.01587588891006,44.964380997772864],[-67.01593876565859,44.96432672393895],[-67.0159638672837,44.96429961602222],[-67.01600156054674,44.964263452781246],[-67.0159881515041,44.964182535208934],[-67.0159423669717,44.963327966843025],[-67.01164509964705,44.963230589979695],[-67.01069315796781,44.96730185122269],[-67.01079479341969,44.96732838358781],[-67.01080746751137,44.96732832614093],[-67.0108075484353,44.967337323437114],[-67.01085840667372,44.96735508822751],[-67.01093477503511,44.96739073266615],[-67.01097287830146,44.96739955756988],[-67.01102357473039,44.96739932769353],[-67.01108702623429,44.9674080376119],[-67.01116307088795,44.96740769271168],[-67.01123903454803,44.96739835046444],[-67.0113149981829,44.96738900816602],[-67.01135293948563,44.967379838349785],[-67.01139088077615,44.96737066852074],[-67.01146676332017,44.967352328824646],[-67.01151737866763,44.96734310143071],[-67.01154264581501,44.967333989077524],[-67.01161860931303,44.967324646574795],[-67.01170724687326,44.967315246472744],[-67.01177061730992,44.96731495871094],[-67.0118593359198,44.96731455578458],[-67.01192278745502,44.96732326523236],[-67.01199883198764,44.96732291976846],[-67.01207495764383,44.967331571548144],[-67.0121637574153,44.96734016567689],[-67.0121764315076,44.967340108076044],[-67.0122526383663,44.9673577570303]]]},"properties":{"SIZE_HA":"15.50","OBJECTID":"129","SITE_NUMBER":"MF-0059","AUTHORIZATION_TYPE":"Q09","AUTHORIZATION_HOLDER":"Kelly Cove Salmon Ltd.","AUTHORIZATION_EXPIRY_DATE":"March 31, 2042","SPECIES_CODE_DESCRIPTION":"4: Atlantic Salmon"},"id":129},{"type":"Feature","geometry":{"type":"Polygon","coordinates":[[[-66.99021225347475,45.00770261396506],[-66.99369785398407,45.00926397652041],[-66.99759138716178,45.00488928362268],[-66.9941062036796,45.00332813032172],[-66.99021225347475,45.00770261396506]]]},"properties":{"SIZE_HA":"27.04","OBJECTID":"130","SITE_NUMBER":"MF-0179","AUTHORIZATION_TYPE":"Q09","AUTHORIZATION_HOLDER":"Kelly Cove Salmon Ltd.","AUTHORIZATION_EXPIRY_DATE":"March 31, 2025","SPECIES_CODE_DESCRIPTION":"4: Atlantic Salmon"},"id":130},{"type":"Feature","geometry":{"type":"Polygon","coordinates":[[[-67.02890185370774,45.112332811319284],[-67.0338561497092,45.11756415807258],[-67.03686708877082,45.11612823204906],[-67.03191264129516,45.11089701808377],[-67.02890185370774,45.112332811319284]]]},"properties":{"SIZE_HA":"20.00","OBJECTID":"131","SITE_NUMBER":"MF-0214","AUTHORIZATION_TYPE":"Q09","AUTHORIZATION_HOLDER":"Kelly Cove Salmon Ltd.","AUTHORIZATION_EXPIRY_DATE":"March 31, 2025","SPECIES_CODE_DESCRIPTION":"4: Atlantic Salmon"},"id":131},{"type":"Feature","geometry":{"type":"Polygon","coordinates":[[[-66.92541451797935,45.00905419820916],[-66.92712760697741,45.00915569273626],[-66.92706723715307,45.00956081589531],[-66.93016354536199,45.0097469925986],[-66.9304386128948,45.007550514834925],[-66.92562938844084,45.007262854143285],[-66.92541451797935,45.00905419820916]]]},"properties":{"SIZE_HA":"8.70","OBJECTID":"132","SITE_NUMBER":"MF-0215","AUTHORIZATION_TYPE":"Q09","AUTHORIZATION_HOLDER":"Kelly Cove Salmon Ltd.","AUTHORIZATION_EXPIRY_DATE":"March 31, 2042","SPECIES_CODE_DESCRIPTION":"4: Atlantic Salmon"},"id":132},{"type":"Feature","geometry":{"type":"Polygon","coordinates":[[[-66.9710939170327,45.031305933796595],[-66.9768359190554,45.03204840098513],[-66.97856525034429,45.02532124731004],[-66.97282365455706,45.024578958153384],[-66.9710939170327,45.031305933796595]]]},"properties":{"SIZE_HA":"34.94","OBJECTID":"133","SITE_NUMBER":"MF-0251","AUTHORIZATION_TYPE":"Q09","AUTHORIZATION_HOLDER":"Kelly Cove Salmon Ltd.","AUTHORIZATION_EXPIRY_DATE":"March 31, 2042","SPECIES_CODE_DESCRIPTION":"4: Atlantic Salmon"},"id":133},{"type":"Feature","geometry":{"type":"Polygon","coordinates":[[[-66.96957204370112,45.039368444414194],[-66.96735624357682,45.03544251385611],[-66.96059356704693,45.03736075107086],[-66.96280897849107,45.041287265487995],[-66.96957204370112,45.039368444414194]]]},"properties":{"SIZE_HA":"26.98","OBJECTID":"134","SITE_NUMBER":"MF-0256","AUTHORIZATION_TYPE":"Q09","AUTHORIZATION_HOLDER":"Kelly Cove Salmon Ltd.","AUTHORIZATION_EXPIRY_DATE":"March 31, 2030","SPECIES_CODE_DESCRIPTION":"4: Atlantic Salmon"},"id":134},{"type":"Feature","geometry":{"type":"Polygon","coordinates":[[[-66.86498422965317,45.028098096055054],[-66.86492090617216,45.02811629629745],[-66.8648576405444,45.02814349396175],[-66.86479437485592,45.02817069159064],[-66.86474379698709,45.02819784814284],[-66.86468058904933,45.02823404316561],[-66.86463006892745,45.02827019712459],[-66.86457954874125,45.02830635106106],[-66.86451634057765,45.028342545992324],[-66.86446576242211,45.02836970242046],[-66.86440249629295,45.02839689983047],[-66.86435186022027,45.028415058749914],[-66.86430116630879,45.02842422018872],[-66.86425053017912,45.028442379062724],[-66.86419989401692,45.02846053791406],[-66.8641492578222,45.02847869674274],[-66.864111309543,45.0284968145784],[-66.86408599141933,45.02850589397574],[-66.86404804310159,45.02852401179021],[-66.86402278271775,45.02854208863152],[-66.86399752231776,45.028560165467255],[-66.86395951618329,45.0285692857938],[-66.86393425575103,45.028587362615525],[-66.86390899530264,45.02860543943145],[-66.86388373483823,45.02862351624182],[-66.86385847435766,45.02864159304667],[-66.86383321386094,45.02865966984577],[-66.86382069906718,45.028686703159934],[-66.8638081265332,45.028704739014444],[-66.86379561171759,45.02873177232595],[-66.86378303916563,45.02874980817774],[-66.86377052432817,45.02877684148652],[-66.86377069749578,45.02880383386185],[-66.86377092838626,45.02883982369577],[-66.86377110155435,45.02886681607125],[-66.86378402048456,45.02890276497156],[-66.86379688170427,45.028929716411966],[-66.86380974293627,45.02895666785088],[-66.86383523450449,45.028974580890406],[-66.86387347188717,45.02900145043896],[-66.86389896349567,45.02901936346404],[-66.86392451286765,45.02904627394186],[-66.86395000451255,45.02906418695543],[-66.86397555392892,45.029091097421684],[-66.86400110336963,45.02911800788208],[-66.86401396474164,45.02914495929771],[-66.86402682612588,45.029171910711945],[-66.86405237562741,45.02919882116076],[-66.86406529481206,45.02923477002908],[-66.86406546812208,45.02926176240441],[-66.86407832955742,45.02928871381278],[-66.86407850287387,45.02931570618817],[-66.86407873396278,45.029351696021905],[-66.86407890727972,45.02937868839736],[-66.86406645021592,45.02941471919831],[-66.86405393536795,45.02944175253945],[-66.86404142050802,45.029468785879246],[-66.86401621746467,45.02949586017919],[-66.86397832621955,45.0295229754306],[-66.86395306536943,45.029541052257876],[-66.86391517406392,45.02956816748834],[-66.86387716724097,45.02957728778866],[-66.86383921814028,45.02959540553492],[-66.86380126901543,45.02961352326854],[-66.86376331986621,45.02963164098939],[-66.86373805889907,45.02964971776877],[-66.86367484870195,45.0296859122338],[-66.8636243843475,45.02973106320659],[-66.8635738622199,45.029767216697934],[-66.86352334002781,45.02980337016687],[-66.86347287544827,45.02984852107241],[-66.86342235311938,45.02988467449637],[-66.86335908479981,45.029911871326334],[-66.86333382357897,45.029929948015784],[-66.86330850469103,45.02993902724031],[-66.86327049752137,45.02994814733696],[-66.86324517861519,45.029957226547275],[-66.8632071714231,45.029966346622516],[-66.86318185249854,45.029975425818705],[-66.86315653356591,45.02998450500926],[-66.86311852634121,45.02999362505464],[-66.86309326500717,45.03001170169051],[-66.86308074956395,45.03003873492533],[-66.86306817649582,45.03005677069921],[-66.86305566103078,45.03008380393137],[-66.86305577625289,45.03010179885047],[-66.86305594908623,45.03012879122916],[-66.86305606430857,45.03014678614831],[-66.86305623714225,45.03017377852705],[-66.86306904069305,45.03019173259258],[-66.8630692135331,45.030218724971284],[-66.8630567556445,45.03025475566346],[-66.86306967444091,45.03029070464824],[-66.86306990489535,45.03032669448673],[-66.86307013535017,45.030362684325304],[-66.86307042341919,45.030407671623635],[-66.86307065387481,45.03044366146231],[-66.86305819593817,45.03047969215507],[-66.86304573798554,45.03051572284656],[-66.8630332800173,45.03055175353666],[-66.86300807601211,45.030578827614114],[-66.86298287198285,45.03060590168595],[-66.86295766792948,45.03063297575227],[-66.86293246385215,45.03066004981299],[-66.8628945713114,45.03068716470378],[-66.86418118915147,45.03147480949971],[-66.86717459440565,45.03129414679066],[-66.87000103947597,45.0288645408353],[-66.86704547774298,45.02702968307854],[-66.8670456524616,45.02705667544423],[-66.86703313955181,45.027083709109945],[-66.86702062663016,45.027110742774404],[-66.8670080554629,45.02712877898215],[-66.86698285487469,45.02715585393833],[-66.86695759603654,45.027173931433495],[-66.86691964952945,45.02719205021041],[-66.86688170299807,45.0272101689746],[-66.86684369823456,45.02721929027062],[-66.86681843932378,45.02723736773483],[-66.86678049272962,45.0272554864651],[-66.86675523378261,45.02727356391529],[-66.86673003300933,45.02730063881534],[-66.86671746170758,45.02731867499114],[-66.86670494858384,45.02734570862106],[-66.8666923772642,45.02736374479405],[-66.86667986411865,45.02739077842141],[-66.86665460507933,45.027408855849295],[-66.86662940419795,45.02743593072725],[-66.86660408695239,45.02744501068815],[-66.86656614015078,45.02746312934677],[-66.8665281351668,45.027472250536846],[-66.86649007201851,45.027472374258345],[-66.86646475473417,45.027481454188035],[-66.86641406200128,45.027490616574624],[-66.86638868656057,45.027490699031375],[-66.86631261836202,45.02749994382336],[-66.86624923786317,45.02750914735349],[-66.86618579923979,45.027509353392006],[-66.86610967289097,45.02750960059109],[-66.866046292348,45.02751880400726],[-66.8660082291669,45.027518927566135],[-66.86597022405518,45.02752804856843],[-66.86593216086767,45.02752817210166],[-66.86589415573745,45.0275372930783],[-66.86585609254347,45.02753741658585],[-66.86583083317576,45.02755549382989],[-66.86579288605252,45.027573612228856],[-66.86576762664856,45.02759168945873],[-66.86574236722845,45.027609766683035],[-66.865717165822,45.027636841358145],[-66.86570459412357,45.027654877421824],[-66.8656920804429,45.027681910940736],[-66.86567956675029,45.02770894445826],[-66.86565436526982,45.02773601911964],[-66.86564185154747,45.027763052633105],[-66.86564202560128,45.027790045002945],[-66.86562951186113,45.027817078515135],[-66.86561694009504,45.02783511456942],[-66.86561711413731,45.02786210693932],[-66.86561723016563,45.027880101852624],[-66.86563003400633,45.027898055625016],[-66.86563015003884,45.02791605053834],[-66.86563032408779,45.02794304290833],[-66.86563044012054,45.02796103782175],[-66.86563055615336,45.02797903273514],[-66.86563067218628,45.027997027648524],[-66.86561815839534,45.028024061159854],[-66.86560558657997,45.02804209721304],[-66.86558032690787,45.02806017440176],[-66.86555500921519,45.02806925412818],[-66.86552969151434,45.02807833384878],[-66.86550437380532,45.02808741356377],[-66.86546631024085,45.02808753694033],[-66.86544093453098,45.028087619184234],[-66.8654155588211,45.028087701422415],[-66.86539012513272,45.02807878619794],[-66.8653647494267,45.02807886842469],[-66.8653393157501,45.02806995318878],[-66.86531394004795,45.0280700354041],[-66.86528850638337,45.02806112015662],[-66.86526313068495,45.02806120236049],[-66.86523769703233,45.0280522871016],[-66.86521237928802,45.02806136675108],[-66.86513631013001,45.02807061075134],[-66.86506024094703,45.02807985470021],[-66.86498422965317,45.028098096055054]]]},"properties":{"SIZE_HA":"15.00","OBJECTID":"135","SITE_NUMBER":"MF-0276","AUTHORIZATION_TYPE":"Q09","AUTHORIZATION_HOLDER":"Kelly Cove Salmon Ltd.","AUTHORIZATION_EXPIRY_DATE":"March 31, 2043","SPECIES_CODE_DESCRIPTION":"4: Atlantic Salmon"},"id":135},{"type":"Feature","geometry":{"type":"Polygon","coordinates":[[[-67.03282051673682,45.09395900942471],[-67.03708309076595,45.0960442671877],[-67.0393726331582,45.09368493804965],[-67.03511015322182,45.09159976676147],[-67.03282051673682,45.09395900942471]]]},"properties":{"SIZE_HA":"12.90","OBJECTID":"136","SITE_NUMBER":"MF-0290","AUTHORIZATION_TYPE":"Q09","AUTHORIZATION_HOLDER":"Kelly Cove Salmon Ltd.","AUTHORIZATION_EXPIRY_DATE":"March 31, 2025","SPECIES_CODE_DESCRIPTION":"4: Atlantic Salmon"},"id":136},{"type":"Feature","geometry":{"type":"Polygon","coordinates":[[[-67.00279558367187,44.99559867621919],[-67.00654251610914,44.996704001157845],[-67.00958476696498,44.99151122713989],[-67.00584176706158,44.99040274749177],[-67.00279558367187,44.99559867621919]]]},"properties":{"SIZE_HA":"14.68","OBJECTID":"137","SITE_NUMBER":"MF-0320","AUTHORIZATION_TYPE":"Q09","AUTHORIZATION_HOLDER":"Kelly Cove Salmon Ltd.","AUTHORIZATION_EXPIRY_DATE":"March 31, 2025","SPECIES_CODE_DESCRIPTION":"4: Atlantic Salmon"},"id":137},{"type":"Feature","geometry":{"type":"Polygon","coordinates":[[[-66.86987909349845,44.606791508696176],[-66.87287778727922,44.60890496787892],[-66.87498378385942,44.60737740586504],[-66.87407906012578,44.60576989783536],[-66.87268714547447,44.60476682230159],[-66.86987909349845,44.606791508696176]]]},"properties":{"SIZE_HA":"9.80","OBJECTID":"138","SITE_NUMBER":"MF-0413","AUTHORIZATION_TYPE":"Q09","AUTHORIZATION_HOLDER":"Kelly Cove Salmon Ltd.","AUTHORIZATION_EXPIRY_DATE":"March 31, 2032","SPECIES_CODE_DESCRIPTION":"4: Atlantic Salmon"},"id":138},{"type":"Feature","geometry":{"type":"Polygon","coordinates":[[[-66.97385172950932,44.926712475906044],[-66.97381388421037,44.926730630343684],[-66.97370057306748,44.92681208551787],[-66.9735744465769,44.92687559919695],[-66.97349868062535,44.92690291056191],[-66.97341009962109,44.92691228047523],[-66.97332159349418,44.926930647631764],[-66.97327108273771,44.926948855101],[-66.97313214055173,44.92699442686867],[-66.97309421996368,44.92700358375269],[-66.97303111877113,44.92703084161538],[-66.97301852846894,44.92703989210888],[-66.97287958585706,44.92708546356609],[-66.97280389411583,44.92712177177875],[-66.97275345784026,44.92714897633026],[-66.97267791554451,44.92720327908572],[-66.9726148139301,44.9272305367163],[-66.97258955830908,44.92723964029594],[-66.97253934617727,44.927293836693266],[-66.97250164962665,44.92732998531992],[-66.97245121302159,44.927357189737066],[-66.97235056392879,44.92743859044612],[-66.97231279241419,44.92746574169628],[-66.97224998928623,44.9275289883803],[-66.9722628787806,44.92755592722852],[-66.97227644097106,44.92766384190288],[-66.97227718840037,44.927753815045115],[-66.97227793583261,44.9278437881879],[-66.97226549471357,44.927870833226976],[-66.97225327780143,44.92792487020786],[-66.97222839549278,44.92797896027966],[-66.97219107194132,44.92806009537763],[-66.9721535988353,44.92812323583469],[-66.97210368437578,44.928213421301734],[-66.9720285882758,44.92832170751798],[-66.97195349189032,44.92842999368546],[-66.97187839521943,44.92853827980425],[-66.97180329826304,44.92864656587424],[-66.97171575944274,44.928781896876316],[-66.97167828533556,44.928845037180096],[-66.97165355137324,44.92891712176103],[-66.97162881734863,44.9289892063369],[-66.97159141764604,44.92906134392872],[-66.97155409248028,44.92914247882443],[-66.97152928360495,44.92920556606413],[-66.97150454929853,44.929277650614594],[-66.97150581790663,44.92943060498508],[-66.97150723577275,44.92960155398908],[-66.97153308964714,44.92966442917651],[-66.97155901821218,44.929736301674275],[-66.97162242168477,44.92974503388818],[-66.97168589983005,44.929762763382314],[-66.97176226778691,44.9298074317494],[-66.97180048914615,44.92983426457145],[-66.97177627758953,44.929969330395956],[-66.9746090170116,44.9309471712445],[-66.97683655194425,44.9277166133451],[-66.97387683470487,44.92668537742039],[-66.97385172950932,44.926712475906044]]]},"properties":{"SIZE_HA":"12.17","OBJECTID":"139","SITE_NUMBER":"MF-0050","AUTHORIZATION_TYPE":"Q09","AUTHORIZATION_HOLDER":"Arctic Rose Inc.","AUTHORIZATION_EXPIRY_DATE":"March 31, 2026","SPECIES_CODE_DESCRIPTION":"4: Atlantic Salmon"},"id":139},{"type":"Feature","geometry":{"type":"Polygon","coordinates":[[[-66.87751494287546,45.0451103900447],[-66.87754441899061,45.045089295341235],[-66.87760751756598,45.045035098153484],[-66.87764535267345,45.04499898084222],[-66.87767043616068,45.04495390856736],[-66.87770821121472,45.04490879378088],[-66.87772072293785,45.04488175891001],[-66.87774586627857,45.04484568407316],[-66.87775843793693,45.044827646652585],[-66.87778346128769,45.04477357689876],[-66.87773013510531,45.04468748690454],[-66.87642139083663,45.04280454363724],[-66.8747288905687,45.04022815437693],[-66.87181000071568,45.04023815419489],[-66.87078083321612,45.04100648796226],[-66.87081166681888,45.045712043773264],[-66.87084851785797,45.046593407451844],[-66.87141327094697,45.046682013156484],[-66.87201791671119,45.04670858778551],[-66.87207092754068,45.046712486144486],[-66.87257564314314,45.04674959796491],[-66.87259741256874,45.04675088738956],[-66.87260549918443,45.046752292199294],[-66.87265638560514,45.046770119373],[-66.87271990492052,45.04677890711909],[-66.8727706730442,45.04677873932304],[-66.87284688441953,45.046787485045066],[-66.8729230366157,45.04678723325665],[-66.87294842068097,45.046787149315776],[-66.87297374553552,45.04677806791028],[-66.87302445443878,45.04676890254112],[-66.87304977927295,45.04675982111864],[-66.87307504487237,45.046741742231674],[-66.87309240644903,45.04671683687371],[-66.87310997110878,45.04670909386765],[-66.87312563525751,45.046714581899565],[-66.8731382088005,45.04669654498963],[-66.87314760878195,45.046683061494626],[-66.8731507823355,45.046678508078344],[-66.87313797185456,45.04666055515479],[-66.87313785338172,45.04664256023744],[-66.87315048614326,45.046633520784894],[-66.87316305966047,45.046615483872266],[-66.8731883844039,45.046606402418774],[-66.87323897461388,45.04657924203636],[-66.8732642993289,45.04657016056596],[-66.87327699131255,45.046570118557895],[-66.87328968329614,45.04657007654841],[-66.87330122792443,45.04657003833533],[-66.87331500264133,45.046560181696314],[-66.87331488947012,45.04654300014956],[-66.87331459314868,45.04649801285698],[-66.87331453388445,45.046489015398514],[-66.8733397992789,45.04647093645279],[-66.87336506465712,45.04645285750145],[-66.87340314052875,45.046452731439096],[-66.87341583248593,45.04645268941544],[-66.87342852444314,45.046452647390346],[-66.87341595104644,45.046470684332206],[-66.87341601032674,45.04647968179063],[-66.8734287615723,45.04648863722393],[-66.8734414535375,45.04648859519737],[-66.87345414550268,45.046488553169404],[-66.8734667781794,45.046479513681625],[-66.87347935156183,45.046461476734066],[-66.87349186564396,45.046434442326834],[-66.87351719025365,45.04642536079985],[-66.87356789875287,45.046416195187135],[-66.87358059070178,45.04641615314496],[-66.87359334195888,45.0464251085596],[-66.8735807093145,45.04643414806144],[-66.87358082792728,45.04645214297804],[-66.87361896311022,45.04646101430106],[-66.87363165506896,45.046460972253094],[-66.87364440634427,45.046469927661946],[-66.87364446566083,45.04647892512017],[-66.8736318330126,45.04648796462782],[-66.87359393504371,45.046515083142275],[-66.87356866971092,45.04653316214489],[-66.87356872901555,45.04654215960321],[-66.87358148029932,45.04655111501916],[-66.87359429089574,45.04656906789209],[-66.87360716081112,45.04659601822178],[-66.87364541472884,45.046622884452376],[-66.87365816604284,45.04663183985963],[-66.87368366868296,45.04664975066992],[-66.8737218040149,45.046658621957995],[-66.87379801537344,45.04666736703725],[-66.87383615073513,45.04667623828673],[-66.873886918762,45.04667606998833],[-66.87392499478196,45.04667594374953],[-66.87397576280814,45.04667577541114],[-66.8739884548147,45.046675733322964],[-66.87400831423983,45.04667801225282],[-66.87406466623679,45.04668447822191],[-66.87407735824516,45.04668443612373],[-66.87409005025349,45.04668439402413],[-66.87412818567196,45.04669326517469],[-66.87420427832737,45.046684015063406],[-66.87425504635965,45.04668384659929],[-66.87430575496968,45.04667468065457],[-66.87435646356319,45.046665514686936],[-66.87439453957452,45.046665388289625],[-66.87445799959283,45.04666517759888],[-66.8745087676071,45.04666500902057],[-66.87454713762436,45.04665943621458],[-66.87457216816033,45.04665580080798],[-66.87461024416433,45.04665567433785],[-66.87462293616575,45.04665563217826],[-66.87464826069204,45.046646550397384],[-66.87468627720737,45.04663742644409],[-66.8747369857056,45.04662826030563],[-66.8747750021943,45.04661913632249],[-66.87482571066167,45.04660997014411],[-66.87486372712381,45.04660084613111],[-66.8749143760419,45.0465826824557],[-66.87497765737977,45.046555479100974],[-66.8750029818043,45.0465463972405],[-66.8750409981951,45.046537273167885],[-66.87506632260136,45.04652819129332],[-66.87509164699942,45.04651910941307],[-66.8751423553257,45.04650994309266],[-66.87515498773733,45.04650090341625],[-66.8752056364726,45.04648273961033],[-66.87523102039637,45.04648265515586],[-66.87530699342588,45.04645540938748],[-66.87537039361362,45.046446200726834],[-66.87542104223058,45.04642803682437],[-66.87545905847433,45.04641891261113],[-66.87550791580287,45.046410080702955],[-66.87550976665104,45.046409746125796],[-66.87553515054152,45.046409661602944],[-66.87556041519063,45.046391582161014],[-66.87561088481213,45.04634642580351],[-66.87562357674308,45.04634638353146],[-66.87566159289929,45.04633725925008],[-66.87568691711633,45.0463281772366],[-66.87573750587751,45.04630101573591],[-66.87577528336674,45.04625590159023],[-66.8758005478707,45.04623782209486],[-66.87582581235863,45.04621974259386],[-66.87583838493211,45.046201705384746],[-66.87586364939185,45.046183625875344],[-66.87591417826296,45.046147466839564],[-66.87596470706956,45.046111307781395],[-66.87598997144875,45.046093228243826],[-66.87604061955125,45.04607506406434],[-66.87606594359033,45.04606598196605],[-66.87611665135239,45.046056815208644],[-66.87612934321794,45.046056772879766],[-66.87615460752025,45.04603869330556],[-66.87617987180639,45.046020613725645],[-66.87619256366372,45.046020571389676],[-66.87626841614549,45.04597533006378],[-66.87630637221018,45.04595720810984],[-66.87635702008942,45.0459390437887],[-66.876432932089,45.04590279980859],[-66.87650884399143,45.045866555777586],[-66.87654679990621,45.045848433743075],[-66.87658469601439,45.04582131424013],[-66.87666054791617,45.04577607265182],[-66.87669844392148,45.045748953110866],[-66.8767489718722,45.04571279370331],[-66.87678686779297,45.04568567413283],[-66.87685008740436,45.04564947227614],[-66.87691330693502,45.04561327038409],[-66.8769638346277,45.04557711088082],[-66.87701436225584,45.045540951355186],[-66.8770648898196,45.04550479180703],[-66.87714068104427,45.0454505524426],[-66.87715325302895,45.04543251508855],[-66.87720378040746,45.045396355478644],[-66.87724167589896,45.04536923575642],[-66.87726681976018,45.04533316102469],[-66.87729202348318,45.045306083742446],[-66.87730459538774,45.045288046371695],[-66.87735512254099,45.04525188669456],[-66.8773931835431,45.04521591087522],[-66.87748133174127,45.04514540175813],[-66.87751494287546,45.0451103900447]]]},"properties":{"SIZE_HA":"25.64","OBJECTID":"140","SITE_NUMBER":"MF-0037","AUTHORIZATION_TYPE":"Q09","AUTHORIZATION_HOLDER":"Kelly Cove Salmon Ltd.","AUTHORIZATION_EXPIRY_DATE":"March 31, 2043","SPECIES_CODE_DESCRIPTION":"4: Atlantic Salmon"},"id":140},{"type":"Feature","geometry":{"type":"Polygon","coordinates":[[[-66.71269950580161,44.685395060560396],[-66.71292713542876,44.68894859727034],[-66.71122462599222,44.68900579358174],[-66.71156809601734,44.69320692869849],[-66.71574255094326,44.693028044295446],[-66.71538629833994,44.688862935752965],[-66.71515851632091,44.685309404194236],[-66.71269950580161,44.685395060560396]]]},"properties":{"SIZE_HA":"23.13","OBJECTID":"141","SITE_NUMBER":"MF-0282","AUTHORIZATION_TYPE":"Q09","AUTHORIZATION_HOLDER":"Kelly Cove Salmon Ltd.","AUTHORIZATION_EXPIRY_DATE":"March 31, 2043","SPECIES_CODE_DESCRIPTION":"4: Atlantic Salmon"},"id":141},{"type":"Feature","geometry":{"type":"Polygon","coordinates":[[[-66.80498847098038,45.06936854856547],[-66.80609808330134,45.07028330294334],[-66.80664655417276,45.070740693293686],[-66.80672239790015,45.07067750355985],[-66.80672230045319,45.07065950853021],[-66.80673480299862,45.07062348394429],[-66.80676000295917,45.070587424827856],[-66.80683589509634,45.07053323253337],[-66.80696282052158,45.07052388956137],[-66.80710239453528,45.070505514364214],[-66.80717843262158,45.070478314383614],[-66.80726716803484,45.070451079765384],[-66.80736864958222,45.070432807994145],[-66.8074193903312,45.07042367207428],[-66.80754611999706,45.070378338389375],[-66.80767260508982,45.07028801699195],[-66.80777384176353,45.07022475728652],[-66.8078624786844,45.07017952717327],[-66.80791317021443,45.070161393517814],[-66.80800175799877,45.07010716578164],[-66.80809039455343,45.07006193549006],[-66.80821707391155,45.0700076035401],[-66.80826781414203,45.06999846723945],[-66.80836919658535,45.06996219954265],[-66.80848303116888,45.06988090946464],[-66.80857166698468,45.0698356787963],[-66.80866030265881,45.069790448058455],[-66.80877443076855,45.06976314276738],[-66.80890120693785,45.069726805077856],[-66.80892655233762,45.06971773802031],[-66.80902798294414,45.06969046724608],[-66.8091421106744,45.06966316158368],[-66.80920549854912,45.06964499255039],[-66.80930697802317,45.06962671903865],[-66.8094590496406,45.06957231606194],[-66.80956033221065,45.069518052271974],[-66.80958567741133,45.069508985066626],[-66.80963631860325,45.06948185312636],[-66.80973774844426,45.0694545817152],[-66.80977579076031,45.06944547960162],[-66.80981373463811,45.06941838245037],[-66.80988981918473,45.06940017815928],[-66.80992781220868,45.06938207848221],[-66.810029192483,45.069345809297246],[-66.81007993182659,45.069336672182885],[-66.81011787548586,45.0693095749298],[-66.81019395978815,45.06929137043392],[-66.81032068469429,45.069246033640205],[-66.81042211378221,45.069218761615026],[-66.81052354277222,45.0691914894987],[-66.81062502100593,45.069173214803186],[-66.81076454112899,45.06914583757002],[-66.81090386357401,45.06908247011814],[-66.81094185606017,45.06906437010043],[-66.81103038982017,45.069001142482804],[-66.81113166986141,45.068946877286564],[-66.81122020322583,45.0688836495208],[-66.81130878584219,45.06882941919718],[-66.81146065549669,45.06873902348458],[-66.81156188516701,45.0686757603927],[-66.8116758115951,45.06861246212844],[-66.81180243473784,45.068549128653295],[-66.81194155635372,45.06844976988178],[-66.81195415419744,45.06843173974714],[-66.81195380733634,45.06836875717262],[-66.81194101130848,45.06835079726467],[-66.8119153697317,45.068305879933774],[-66.81190262327357,45.068296917532095],[-66.8118769817516,45.068252000192494],[-66.81180045364526,45.06818922822414],[-66.81172392570856,45.06812645620378],[-66.81167264314384,45.068036621437635],[-66.81167214808055,45.06794664633094],[-66.8116589562048,45.06785670630591],[-66.81169650203836,45.06775762844093],[-66.81170909980678,45.06773959833427],[-66.81177223709433,45.06767644031142],[-66.81191135662392,45.06757708158357],[-66.81199988697954,45.067513853213406],[-66.81208846670926,45.06745962228443],[-66.81215160326198,45.067396464050915],[-66.81221478926561,45.06734230329253],[-66.81224003387592,45.067315240473334],[-66.81225263137323,45.06729721030659],[-66.81020058085522,45.06586324873242],[-66.80498847098038,45.06936854856547]]]},"properties":{"SIZE_HA":"14.40","OBJECTID":"145","SITE_NUMBER":"MF-0014","AUTHORIZATION_TYPE":"Q09","AUTHORIZATION_HOLDER":"Kelly Cove Salmon Ltd.","AUTHORIZATION_EXPIRY_DATE":"March 31, 2029","SPECIES_CODE_DESCRIPTION":"4: Atlantic Salmon"},"id":145},{"type":"Feature","geometry":{"type":"Polygon","coordinates":[[[-66.73472893259982,44.61993142675947],[-66.73524365018257,44.62563465711062],[-66.74187720082195,44.62420799000549],[-66.74024646381294,44.62288888140873],[-66.73932373115713,44.61913896483921],[-66.73472893259982,44.61993142675947]]]},"properties":{"SIZE_HA":"26.02","OBJECTID":"146","SITE_NUMBER":"MF-0316","AUTHORIZATION_TYPE":"Q09","AUTHORIZATION_HOLDER":"Kelly Cove Salmon Ltd.","AUTHORIZATION_EXPIRY_DATE":"March 31, 2029","SPECIES_CODE_DESCRIPTION":"4: Atlantic Salmon"},"id":146},{"type":"Feature","geometry":{"type":"Polygon","coordinates":[[[-66.99591204541264,45.07476816318018],[-67.00416583278441,45.07473148630835],[-67.0041419326087,45.07203228085599],[-66.99588841394238,45.07206922564096],[-66.99591204541264,45.07476816318018]]]},"properties":{"SIZE_HA":"25.04","OBJECTID":"147","SITE_NUMBER":"MF-0370","AUTHORIZATION_TYPE":"Q09","AUTHORIZATION_HOLDER":"Kelly Cove Salmon Ltd.","AUTHORIZATION_EXPIRY_DATE":"March 31, 2029","SPECIES_CODE_DESCRIPTION":"4: Atlantic Salmon"},"id":147},{"type":"Feature","geometry":{"type":"Polygon","coordinates":[[[-66.48375482743614,45.08461675989108],[-66.48864440412777,45.08560709580106],[-66.49107123757061,45.0795519177361],[-66.48618214124578,45.07856168727496],[-66.48375482743614,45.08461675989108]]]},"properties":{"SIZE_HA":"28.00","OBJECTID":"148","SITE_NUMBER":"MF-0404","AUTHORIZATION_TYPE":"Q09","AUTHORIZATION_HOLDER":"Kelly Cove Salmon Ltd.","AUTHORIZATION_EXPIRY_DATE":"March 31, 2029","SPECIES_CODE_DESCRIPTION":"4: Atlantic Salmon"},"id":148},{"type":"Feature","geometry":{"type":"Polygon","coordinates":[[[-66.72389444519645,44.613331513408205],[-66.7286628090005,44.6182524406206],[-66.7323841022839,44.61640935039052],[-66.72762816852423,44.611488556774766],[-66.72389444519645,44.613331513408205]]]},"properties":{"SIZE_HA":"23.94","OBJECTID":"149","SITE_NUMBER":"MF-0381","AUTHORIZATION_TYPE":"Q09","AUTHORIZATION_HOLDER":"Kelly Cove Salmon Ltd.","AUTHORIZATION_EXPIRY_DATE":"March 31, 2029","SPECIES_CODE_DESCRIPTION":"4: Atlantic Salmon"},"id":149},{"type":"Feature","geometry":{"type":"Polygon","coordinates":[[[-66.64475686082633,45.077704856998025],[-66.64050622234673,45.079149850996764],[-66.64351442266184,45.08353690466341],[-66.64773991318137,45.08209183017573],[-66.64888190635263,45.08170343097754],[-66.64880561159815,45.08166754114095],[-66.64874204058827,45.08164063210223],[-66.64867846963884,45.081613723027644],[-66.64860219874703,45.08158683064703],[-66.64853862792431,45.08155992149364],[-66.64846235717121,45.08153302901846],[-66.64838611006898,45.08151513408532],[-66.64830983944852,45.081488241506925],[-66.64824631598773,45.081479327375995],[-66.64818279254699,45.08147041320931],[-66.64811924559024,45.08145250141314],[-66.64805572219943,45.0814435871749],[-66.6479921753128,45.08142567530716],[-66.64792860496058,45.0813987658099],[-66.64787773462385,45.08137183963011],[-66.64783956428427,45.08134489678494],[-66.64780137049563,45.08130895633308],[-66.64776317675548,45.081273015868355],[-66.6477249830638,45.08123707539076],[-66.64768681288776,45.081210132493894],[-66.64764861928705,45.08117419199047],[-66.64761042573474,45.08113825147406],[-66.647572232231,45.08110231094477],[-66.64752136232994,45.08107538460434],[-66.64747049247718,45.08104845824089],[-66.64741962267288,45.08102153185458],[-66.64736875291686,45.080994605445255],[-66.64731788320935,45.08096767901307],[-66.64726701355005,45.08094075255788],[-66.6472034206964,45.08090484505824],[-66.64713987468359,45.080886932710264],[-66.64707630534106,45.08086002273273],[-66.64702543589328,45.08083309616859],[-66.64696186666536,45.08080618612657],[-66.64689829749791,45.080779276048695],[-66.64684742820735,45.08075234940428],[-66.64678383583124,45.08071644166809],[-66.64673294333616,45.08068051737831],[-66.64669475069809,45.08064457655206],[-66.64666928119786,45.080617616796154],[-66.64663108864265,45.08058167594841],[-66.64659287284296,45.08053673749393],[-66.64656738015086,45.08050078012131],[-66.64654188749128,45.0804648227429],[-66.64652907132535,45.08041985127023],[-66.64650357872648,45.080383893883244],[-66.64650346233327,45.08033890591441],[-66.64649064622648,45.08029393443753],[-66.64650322954752,45.08024892997697],[-66.64650311315499,45.08020394200835],[-66.64651569644627,45.0801589375467],[-66.64652830299997,45.08012293067724],[-66.64654088625326,45.08007792621286],[-66.64654076983133,45.08003293824463],[-66.64654063012529,45.07997895268286],[-66.64654051370388,45.07993396471487],[-66.64654037399848,45.0798799791533],[-66.64654025757756,45.079834991185415],[-66.64654011787276,45.07978100562408],[-66.64654000145235,45.07973601765638],[-66.64653986174817,45.07968203209525],[-66.6465397220443,45.079628046534225],[-66.64652688278841,45.07957407746918],[-66.64651402027724,45.07951111080934],[-66.64650118107244,45.07945714174158],[-66.64650104140627,45.07940315618097],[-66.64648817896291,45.07934018951859],[-66.64647533982173,45.07928622044822],[-66.64647520018082,45.07923223488791],[-66.64647503726682,45.0791692517344],[-66.64647492089996,45.07912426376768],[-66.64647478126004,45.07907027820775],[-66.64648736432298,45.0790252737514],[-66.64649992408874,45.07897127170042],[-66.64649978442553,45.07891728614084],[-66.64649966803977,45.07887229817464],[-66.6465122277601,45.0788182961226],[-66.64651211136476,45.07877330815659],[-66.64651197169064,45.07871932259744],[-66.6465245546464,45.078674318137566],[-66.64652441496078,45.07862033257879],[-66.64651159922798,45.07857536110712],[-66.64649876023873,45.07852139204096],[-66.64648594454877,45.07847642056658],[-66.64646042958312,45.07843146557897],[-66.64643491465796,45.07838651058564],[-66.64640939977329,45.07834155558671],[-66.64638388492929,45.07829660058196],[-66.64634569412222,45.07826065963986],[-66.64630748011737,45.07821572109173],[-66.64626926617322,45.078170782530826],[-66.64624379798948,45.078143822680644],[-66.64620560737443,45.07810788169126],[-66.64615474081394,45.078080954735704],[-66.64611657351357,45.078054011309234],[-66.64607838303975,45.07801807027671],[-66.64604021581808,45.077991126824394],[-66.64600202543514,45.07795518576614],[-66.64597653428228,45.077919228262715],[-66.6459637423352,45.07788325432282],[-66.64595092721508,45.07783828278837],[-66.64593813530254,45.07780230884565],[-66.64593801936633,45.07775732088055],[-66.64595060256552,45.07771231648635],[-66.64595050980886,45.07767632611441],[-66.64595039386316,45.0776313381496],[-66.6459376019979,45.07759536420701],[-66.64593746287574,45.07754137864948],[-66.64592460148431,45.0774784119268],[-66.64592446237496,45.0774244263694],[-66.6459116242075,45.07737045723849],[-66.6458987860646,45.07731648810614],[-66.64475686082633,45.077704856998025]]]},"properties":{"SIZE_HA":"24.00","OBJECTID":"150","SITE_NUMBER":"MF-0400","AUTHORIZATION_TYPE":"Q09","AUTHORIZATION_HOLDER":"Kelly Cove Salmon Ltd.","AUTHORIZATION_EXPIRY_DATE":"March 31, 2030","SPECIES_CODE_DESCRIPTION":"4: Atlantic Salmon"},"id":150},{"type":"Feature","geometry":{"type":"Polygon","coordinates":[[[-66.69588495252958,44.68089094018312],[-66.69890007535543,44.684835495307155],[-66.7027792024354,44.683334998918724],[-66.69976389160111,44.67939054860116],[-66.69588495252958,44.68089094018312]]]},"properties":{"SIZE_HA":"17.50","OBJECTID":"152","SITE_NUMBER":"MF-0298","AUTHORIZATION_TYPE":"Q09","AUTHORIZATION_HOLDER":"Kelly Cove Salmon Ltd.","AUTHORIZATION_EXPIRY_DATE":"March 31, 2029","SPECIES_CODE_DESCRIPTION":"4: Atlantic Salmon,82: Lumpfish"},"id":152},{"type":"Feature","geometry":{"type":"Polygon","coordinates":[[[-66.70879810668774,44.67730473261498],[-66.71342929864463,44.67817777710861],[-66.71440953056101,44.67391115498249],[-66.70961712301792,44.6736862632539],[-66.70879810668774,44.67730473261498]]]},"properties":{"SIZE_HA":"16.73","OBJECTID":"154","SITE_NUMBER":"MF-0300","AUTHORIZATION_TYPE":"Q09","AUTHORIZATION_HOLDER":"Kelly Cove Salmon Ltd.","AUTHORIZATION_EXPIRY_DATE":"March 31, 2029","SPECIES_CODE_DESCRIPTION":"4: Atlantic Salmon"},"id":154},{"type":"Feature","geometry":{"type":"Polygon","coordinates":[[[-66.57582696086928,45.100412963866134],[-66.5772863025082,45.105252696440175],[-66.58101387964506,45.10468862975227],[-66.58090218102238,45.10431935731916],[-66.57957274339657,45.09991191591335],[-66.5795542338649,45.09984894558988],[-66.57582696086928,45.100412963866134]]]},"properties":{"SIZE_HA":"16.50","OBJECTID":"155","SITE_NUMBER":"MF-0412","AUTHORIZATION_TYPE":"Q09","AUTHORIZATION_HOLDER":"Kelly Cove Salmon Ltd.","AUTHORIZATION_EXPIRY_DATE":"March 31, 2030","SPECIES_CODE_DESCRIPTION":"4: Atlantic Salmon"},"id":155},{"type":"Feature","geometry":{"type":"Polygon","coordinates":[[[-66.37257001561622,45.10275716260107],[-66.381727048321,45.10425174079912],[-66.38246861554929,45.10200310838001],[-66.37331194708838,45.10049959306796],[-66.37257001561622,45.10275716260107]]]},"properties":{"SIZE_HA":"26.27","OBJECTID":"156","SITE_NUMBER":"MF-0495","AUTHORIZATION_TYPE":"Q09","AUTHORIZATION_HOLDER":"Kelly Cove Salmon Ltd.","AUTHORIZATION_EXPIRY_DATE":"March 31, 2030","SPECIES_CODE_DESCRIPTION":"4: Atlantic Salmon"},"id":156},{"type":"Feature","geometry":{"type":"Polygon","coordinates":[[[-66.73342481970575,45.075171858296336],[-66.73346287816558,45.07516278190328],[-66.73350097370975,45.07516270305499],[-66.73355173066385,45.0751536003464],[-66.733589789091,45.07514452391059],[-66.733653207402,45.075126397303265],[-66.73371662567243,45.07510827066026],[-66.73377993247955,45.075063151309564],[-66.73384331348755,45.075036027038145],[-66.73389399595483,45.07500892906111],[-66.73398273662211,45.074972754493174],[-66.73402075767939,45.074954680355006],[-66.73407143998895,45.07492758229839],[-66.73414751916086,45.07490043150678],[-66.73418554011694,45.074882357313136],[-66.73422356104864,45.074864283106784],[-66.73426161917335,45.07485520644473],[-66.7342743176186,45.07485518007355],[-66.73429967728575,45.074846129769824],[-66.7343250369449,45.074837079460444],[-66.73437564453285,45.074791986153535],[-66.73440092967705,45.074764940713116],[-66.73442617755386,45.074728897710195],[-66.7344514626457,45.07470185225857],[-66.73447682221595,45.074692801915205],[-66.73450229354388,45.0747107442368],[-66.73454038878185,45.0747106650378],[-66.7345529381412,45.07467464840781],[-66.73459084700823,45.07462958140745],[-66.73462879309028,45.07459351195128],[-66.73466685096783,45.07458443515289],[-66.73470494612052,45.0745843558984],[-66.73470502069527,45.07460235101192],[-66.73469243416322,45.07462937010192],[-66.734705169845,45.074638341239066],[-66.73474322774045,45.07462926441482],[-66.73480657049737,45.074593142046865],[-66.73485725210698,45.074566043638406],[-66.73490815758588,45.07459293054714],[-66.73492093061522,45.074610899216644],[-66.73492096793693,45.07461989677327],[-66.73494636472098,45.07461984388117],[-66.7350227417623,45.07466467295367],[-66.73507361006229,45.07468256223105],[-66.73511166792817,45.07467348528255],[-66.73513691531163,45.074637442121094],[-66.73518759680249,45.07461034356429],[-66.73523831561698,45.07459224254116],[-66.73526367501205,45.074583192021144],[-66.73528903439906,45.07457414149542],[-66.7353144311621,45.07457408852042],[-66.73532709215733,45.07456506447434],[-66.7353397905368,45.074565037983305],[-66.7353651872957,45.074564984996925],[-66.7352612738223,45.070948152983156],[-66.72868407662845,45.07099766920263],[-66.72921530994704,45.07362389969403],[-66.72924066987382,45.07361485052779],[-66.72926606621498,45.07361479891493],[-66.7293168224665,45.07360569811305],[-66.7293676151403,45.0736055948473],[-66.72940570964542,45.07360551738298],[-66.72945646586615,45.07359641651828],[-66.72951995669744,45.07359628735396],[-66.72958344752836,45.073596158153855],[-66.72965963652499,45.073596003066605],[-66.72967237117797,45.07360497477258],[-66.72979946237923,45.073631708841425],[-66.72982496826083,45.07365864977912],[-66.7298884956819,45.07366751796603],[-66.72996486744063,45.07371235046631],[-66.73004120277456,45.07374818535611],[-66.73006663572413,45.0737571311216],[-66.73007937047778,45.07376610278164],[-66.73018121208416,45.073828878450975],[-66.73029575214827,45.073891628105144],[-66.73029600825228,45.07395461101573],[-66.73025805983535,45.073990679015736],[-66.73015683944453,45.074080861914474],[-66.73011889085446,45.07411692986799],[-66.7300556552798,45.07418004228193],[-66.73004317626146,45.07423405353139],[-66.73001788927102,45.074261097996164],[-66.73001818161109,45.074333078467646],[-66.73004365136639,45.07435102179722],[-66.73006919423933,45.07438696023894],[-66.7300946274803,45.074395905998195],[-66.7301453842978,45.07438680482259],[-66.73025966938452,45.074386571601565],[-66.73039935115563,45.07438628639641],[-66.73042478444825,45.07439523208117],[-66.73047557782714,45.07439512831587],[-66.7304883127891,45.07440409992969],[-66.73048864234556,45.07448507795846],[-66.73048900852076,45.07457505354633],[-66.73055279346755,45.074646904270026],[-66.73056552849843,45.07465587587518],[-66.73062909379351,45.07467374120305],[-66.7307306810494,45.074673533465095],[-66.7308449667111,45.07467329965054],[-66.73092108377895,45.07465514859255],[-66.73098453909583,45.07464602104414],[-66.73106036241492,45.0745558894239],[-66.73114899401993,45.074492724409225],[-66.73123788258229,45.07449254223411],[-66.73132677114396,45.074492359988994],[-66.73135220463043,45.0745013054645],[-66.73137767488359,45.07451924849256],[-66.73140314515284,45.074537191514864],[-66.73142861543832,45.074555134531465],[-66.73144138735599,45.074573103595895],[-66.7315050631705,45.07461796110498],[-66.73151779834551,45.07462693260242],[-66.7315432319225,45.07463587803479],[-66.73158140069859,45.0746537949517],[-66.73159413589379,45.074662766440525],[-66.73160683429772,45.074662740369654],[-66.73161953270161,45.074662714297375],[-66.73163223110546,45.07466268822364],[-66.73164492950934,45.0746626621485],[-66.73168295110624,45.07464458879794],[-66.7317463326528,45.07461746570471],[-66.73180964048376,45.07457234745955],[-66.73182226520856,45.074554326248176],[-66.7318603235114,45.07454525039609],[-66.73191111702087,45.07454514598428],[-66.73196194738165,45.074554039107774],[-66.73201285147776,45.07458092732437],[-66.73202566044823,45.07460789388054],[-66.73203850629467,45.074643857993436],[-66.73203869061395,45.0746888457839],[-66.73202610279023,45.07471586457769],[-66.73206441924492,45.07476977156352],[-66.73207726515288,45.074805735672186],[-66.73210280952095,45.07484167365268],[-66.73214101549281,45.074868587938205],[-66.7321665230454,45.07489552834618],[-66.73221746443812,45.07493141402851],[-66.73224289826219,45.07494035930297],[-66.73230646440406,45.074958223685066],[-66.73235733211214,45.07497611418807],[-66.73242086140522,45.074984980947555],[-66.73248439071807,45.07499384767126],[-66.73253525851429,45.075011738094034],[-66.73261159722412,45.07504757124302],[-66.73270059755855,45.07507438058838],[-66.73275146549534,45.07509227091352],[-66.73281499497998,45.07510113745091],[-66.73287848748672,45.07510100639464],[-66.73292931849758,45.07510989908168],[-66.73300554653484,45.07511873929044],[-66.73308177459582,45.07512757944774],[-66.73314530417147,45.07513644579899],[-66.7332088337669,45.07514531211448],[-66.73325966486911,45.075154204652634],[-66.73331049598734,45.07516309716786],[-66.73337398856187,45.07516296583262],[-66.73342481970575,45.075171858296336]]]},"properties":{"SIZE_HA":"19.95","OBJECTID":"157","SITE_NUMBER":"MF-0010","AUTHORIZATION_TYPE":"Q09","AUTHORIZATION_HOLDER":"Kelly Cove Salmon Ltd.","AUTHORIZATION_EXPIRY_DATE":"March 31, 2026","SPECIES_CODE_DESCRIPTION":"4: Atlantic Salmon"},"id":157},{"type":"Feature","geometry":{"type":"Polygon","coordinates":[[[-66.82470461832585,45.04450700670054],[-66.82470492759512,45.04456099165813],[-66.82473036231076,45.044569916064276],[-66.82486996974843,45.04456951398484],[-66.82492068450956,45.044560370238585],[-66.82497134766703,45.04454222897666],[-66.8250219591969,45.044515090199404],[-66.82508510742932,45.04446092233757],[-66.82512307888865,45.044442817591836],[-66.8251737418762,45.04442467623931],[-66.82524989119028,45.04442445664561],[-66.8252879142097,45.044415349337015],[-66.82536427010824,45.04445111963598],[-66.82538970487799,45.044460043893345],[-66.82547854579838,45.04445978752546],[-66.82551667215188,45.04446867512444],[-66.82564358777017,45.0444683087203],[-66.8257322735781,45.04444105967584],[-66.82577024481682,45.04442295471243],[-66.82582085585685,45.04439581557748],[-66.82589674645895,45.04435060808661],[-66.82593461410482,45.044314508084064],[-66.82599765774127,45.044242344729334],[-66.82604800972274,45.04417021803349],[-66.82609836157617,45.04409809131561],[-66.82613591829681,45.04400800629563],[-66.8261485062083,45.04398997460866],[-66.82616067991002,45.043899962986664],[-66.82617321601262,45.04387293380537],[-66.82617285357351,45.04380995136383],[-66.82617249113537,45.04374696892236],[-66.82618487186254,45.04369294726522],[-66.8261718698152,45.04363899902329],[-66.8261590231161,45.043612043254576],[-66.8260950486252,45.04352225184724],[-66.82605681930238,45.04349536946026],[-66.82604402444673,45.04347741117014],[-66.82598056774913,45.043477594613854],[-66.82594254547018,45.04348670215459],[-66.82581563205268,45.043487068892134],[-66.82568877033275,45.04349643297871],[-66.82563784988155,45.043469587101065],[-66.82563769480694,45.043442594625425],[-66.82562469333826,45.0433886463202],[-66.82561184695628,45.0433616904891],[-66.82561138177148,45.04328071306265],[-66.82561091658836,45.04319973563657],[-66.82562340111046,45.04316370902533],[-66.82561055478037,45.04313675319426],[-66.8255849655223,45.04310083651121],[-66.82558481047435,45.043073844036016],[-66.82557180914158,45.04301989572537],[-66.82559688150981,45.04296583749429],[-66.82563464504366,45.04291174261245],[-66.82567256359427,45.04288464019295],[-66.82577378297637,45.04283036199548],[-66.8258116496878,45.04279426203805],[-66.82586205235091,45.04273113292286],[-66.82589997067203,45.04270403042744],[-66.82595063185732,45.04268588872989],[-66.82597596243778,45.042676817872625],[-66.8260520576429,45.042667600249146],[-66.82610266698252,45.042640460992246],[-66.82621662843843,45.04259514319089],[-66.82634338444798,45.04256778353177],[-66.8264956780728,45.04256734272031],[-66.82653369964605,45.04255823499442],[-66.82664791984402,45.042557904212394],[-66.82676214004043,45.042557573314625],[-66.82687636023509,45.04255724230119],[-66.826914485526,45.04256612942833],[-66.82693981589816,45.04255705835487],[-66.8270029601186,45.042502889429535],[-66.82707895108341,45.04247567613276],[-66.8271931711103,45.042475344798675],[-66.82732008224949,45.04247497651404],[-66.8273326694448,45.04245694469713],[-66.82733251356721,45.04242995222621],[-66.82734510074863,45.042411920407986],[-66.8274209355073,45.04235771441058],[-66.82750956517039,45.042321466486605],[-66.82761093779415,45.04229417911573],[-66.8277378485237,45.04229381036151],[-66.82778866484635,45.04230266030979],[-66.82786507151224,45.04234742640383],[-66.82789050572933,45.042356350097066],[-66.82796665224919,45.042356128672786],[-66.82810620211842,45.042346725105034],[-66.82824580404493,45.0423463188543],[-66.82832200266537,45.04235509467974],[-66.82839825343751,45.04237286794317],[-66.8284745563978,45.04239963864457],[-66.8285634983771,45.04241737482998],[-66.82863969714168,45.04242615044058],[-66.82869056589747,45.042443997471565],[-66.82874153905088,45.04247983945821],[-66.82874169559963,45.04250683192628],[-66.82875475201448,45.04256977735555],[-66.82876780845847,45.04263272278344],[-66.82875543042259,45.04268674471779],[-66.82874289581285,45.042713774182566],[-66.82873030900976,45.042731806156624],[-66.82871813963514,45.042821818045134],[-66.82870555280034,45.04283985001656],[-66.82870570933342,45.04286684248515],[-66.8286680009349,45.042929935880686],[-66.82860490999556,45.042993103227474],[-66.82854171461176,45.043038275559944],[-66.82845313662932,45.043083521786706],[-66.82836445425758,45.04311077296439],[-66.82833912386704,45.04311984435811],[-66.82856756649359,45.04311917901807],[-66.8304965848349,45.04310454465015],[-66.83167134305357,45.04215634332281],[-66.83071605040648,45.04156530450251],[-66.82708605767817,45.03930848609517],[-66.82093492112665,45.04222339931503],[-66.82267007381095,45.04382902556789],[-66.82326980351984,45.04439415939642],[-66.82334595280376,45.04439394108836],[-66.8234728682754,45.04439357712728],[-66.82352368582059,45.044402428996506],[-66.82358724629995,45.04442024192105],[-66.82372685338086,45.044419841257245],[-66.82380289989355,45.04440162765352],[-66.82389158648607,45.04437438005551],[-66.82404388499297,45.0443739425483],[-66.82409495984848,45.04442778162658],[-66.82413313741881,45.044445667186956],[-66.82414588043295,45.044454628201905],[-66.82427295046156,45.044481255819974],[-66.8243490998567,45.04448103683441],[-66.82443794081692,45.044480781286246],[-66.82447606702235,45.0444896692372],[-66.82457759956262,45.04448937706211],[-66.824691823669,45.04448904825583],[-66.82470461832585,45.04450700670054]]]},"properties":{"SIZE_HA":"21.65","OBJECTID":"158","SITE_NUMBER":"MF-0026","AUTHORIZATION_TYPE":"Q09","AUTHORIZATION_HOLDER":"Kelly Cove Salmon Ltd.","AUTHORIZATION_EXPIRY_DATE":"March 31, 2043","SPECIES_CODE_DESCRIPTION":"4: Atlantic Salmon"},"id":158},{"type":"Feature","geometry":{"type":"Polygon","coordinates":[[[-66.96244420085375,44.92877534970001],[-66.96603578262928,44.92964231650325],[-66.96806511248953,44.9253600309173],[-66.96447384429162,44.92450212589588],[-66.96244420085375,44.92877534970001]]]},"properties":{"SIZE_HA":"15.00","OBJECTID":"159","SITE_NUMBER":"MF-0411","AUTHORIZATION_TYPE":"Q09","AUTHORIZATION_HOLDER":"Kelly Cove Salmon Ltd.","AUTHORIZATION_EXPIRY_DATE":"March 31, 2026","SPECIES_CODE_DESCRIPTION":"4: Atlantic Salmon"},"id":159},{"type":"Feature","geometry":{"type":"Polygon","coordinates":[[[-66.70428175562064,44.655575394673356],[-66.70612313035315,44.659350922760154],[-66.71018399125205,44.65980226656895],[-66.71128715110264,44.6547076928303],[-66.70461640743719,44.653982253908076],[-66.70428175562064,44.655575394673356]]]},"properties":{"SIZE_HA":"26.51","OBJECTID":"160","SITE_NUMBER":"MF-0503","AUTHORIZATION_TYPE":"Q09","AUTHORIZATION_HOLDER":"Benson Aquaculture Ltd.","AUTHORIZATION_EXPIRY_DATE":"March 31, 2031","SPECIES_CODE_DESCRIPTION":"4: Atlantic Salmon"},"id":160},{"type":"Feature","geometry":{"type":"Polygon","coordinates":[[[-66.80081256610428,44.609723890805114],[-66.80084089939376,44.615122214192404],[-66.80776888340831,44.61510344720639],[-66.80773989766725,44.60970512644994],[-66.80081256610428,44.609723890805114]]]},"properties":{"SIZE_HA":"33.00","OBJECTID":"161","SITE_NUMBER":"MF-0408","AUTHORIZATION_TYPE":"Q09","AUTHORIZATION_HOLDER":"Kelly Cove Salmon Ltd.","AUTHORIZATION_EXPIRY_DATE":"March 31, 2038","SPECIES_CODE_DESCRIPTION":"4: Atlantic Salmon"},"id":161},{"type":"Feature","geometry":{"type":"Polygon","coordinates":[[[-66.83512934462968,45.064631240968666],[-66.83520578724332,45.06467600208231],[-66.83520562752427,45.06464900960148],[-66.8352181638726,45.06462197938988],[-66.83524339626997,45.06459491144346],[-66.83526862864319,45.064567843491396],[-66.83534443214144,45.06450463458873],[-66.83536977095727,45.064495561601206],[-66.83544562752347,45.06444135012438],[-66.83549625177244,45.06441420660504],[-66.83552148394448,45.06438713859688],[-66.83559728691888,45.064323929525465],[-66.83560998291881,45.06432389175074],[-66.83568578570988,45.0642606826203],[-66.83569848169563,45.06426064483562],[-66.83574889236041,45.06419751123108],[-66.83576158833186,45.06419747343933],[-66.83579940957956,45.06415237259037],[-66.83581173219436,45.06408935234201],[-66.83582437480433,45.064080317050255],[-66.8358240014449,45.06401733459962],[-66.83583653735897,45.06399030432064],[-66.83584885989772,45.06392728406878],[-66.8358613957802,45.06390025378726],[-66.83588646750923,45.06384619322011],[-66.83589900335579,45.06381916293447],[-66.83589878996146,45.0637831729633],[-66.83591127243787,45.06374714518362],[-66.83587286476049,45.063693273648],[-66.83580901212947,45.06363048020463],[-66.8357962629531,45.063621520508775],[-66.83574510631624,45.06355868923231],[-66.83571955470035,45.06353177233176],[-66.83569378984635,45.06346886545414],[-66.83568098741102,45.063450908252406],[-66.83565527594618,45.063396998858856],[-66.83565516932755,45.063379003873216],[-66.83562956453044,45.06334308945956],[-66.83560379986267,45.063280182561655],[-66.83560374656169,45.06327118506881],[-66.83559089090086,45.06324423036404],[-66.83555243057745,45.06318136122675],[-66.83552682593506,45.0631454467898],[-66.8354758831497,45.063118605362746],[-66.83542499368494,45.063100761405494],[-66.83538690650687,45.06310087466181],[-66.83534876606825,45.06309199041228],[-66.83525962976863,45.0630472671321],[-66.83523407861443,45.063020350121505],[-66.83520847424668,45.06298443561215],[-66.8352081015826,45.062921453161394],[-66.83520783539458,45.06287646569672],[-66.83522031811246,45.062840437994566],[-66.8352199454366,45.062777455544285],[-66.83521989219729,45.06276845805141],[-66.83523221516023,45.06270543786955],[-66.83523216191905,45.06269644037666],[-66.83530812271935,45.062660223985326],[-66.83534610308301,45.06264211577052],[-66.83542211700872,45.06261489679542],[-66.83544750824299,45.062614821285024],[-66.83548548853162,45.06259671302346],[-66.83551066661653,45.062560647528365],[-66.8355357913804,45.06251558453512],[-66.83553541835698,45.062452602087234],[-66.83553525849014,45.062425609609626],[-66.83550949434714,45.062362702691864],[-66.83550912135442,45.06229972024417],[-66.83550896150072,45.06227272776671],[-66.83552149718163,45.06224569752507],[-66.83548309089632,45.06219182585826],[-66.8354193469338,45.06214702718023],[-66.8353429075698,45.06210226621159],[-66.83529201906066,45.06208442219379],[-66.83520315057143,45.06208468633145],[-66.8351396730785,45.06208487495839],[-66.83511422885954,45.062075952906376],[-66.83506328723236,45.062049111292566],[-66.83502482830885,45.06198624197657],[-66.8350119200114,45.061950289713806],[-66.83501154757589,45.061887307264854],[-66.83501149437089,45.06187830977215],[-66.83499842649819,45.06181536502995],[-66.83499805407897,45.06175238258125],[-66.8350104302754,45.06169835991898],[-66.83503544864008,45.061635302053716],[-66.83506046694913,45.0615722441831],[-66.8350600944633,45.06150926173532],[-66.83505977519053,45.06145527678035],[-66.83504697341284,45.06143731950721],[-66.83498333704478,45.06141051556757],[-66.83491975392654,45.061392709084544],[-66.83486886618806,45.06137486487526],[-66.83485606448905,45.06135690758044],[-66.83485579859142,45.06131192011749],[-66.83484289055605,45.06127596783602],[-66.83488081695883,45.06124886228754],[-66.83490604801982,45.06122179442225],[-66.8349186369466,45.06120376174131],[-66.83494365519655,45.06114070389788],[-66.83498142186322,45.06108660583857],[-66.83498104946999,45.06102362339178],[-66.834980996271,45.0610146258994],[-66.83498067707774,45.06096064094514],[-66.83498062387893,45.06095164345284],[-66.83498025148786,45.06088866100639],[-66.83499278711669,45.06086163082519],[-66.83501780513402,45.06079857296654],[-66.83501775192953,45.06078957547427],[-66.83504282309593,45.060735515102586],[-66.83505546508191,45.0607264798992],[-66.83505519903032,45.0606814924381],[-66.83500431188874,45.06066364828966],[-66.83491528606204,45.06063691972063],[-66.83482620714541,45.060601193588866],[-66.83481345880718,45.060592233781875],[-66.83473707518141,45.0605564698944],[-66.83472432686729,45.06054751007731],[-66.83467338680053,45.06052066828687],[-66.83463508878144,45.06048479131721],[-66.8346222873583,45.060466833996166],[-66.83462212793474,45.060439841518956],[-66.83460927338686,45.06041288670399],[-66.83460895455276,45.06035890174958],[-66.83459588748231,45.06029595696369],[-66.83459578120876,45.06027796197893],[-66.83458271417189,45.06021501719172],[-66.83458260790277,45.06019702220694],[-66.83455684583731,45.06013411507466],[-66.8345439913903,45.06010716025251],[-66.83453092445073,45.06004421545963],[-66.83451807003652,45.06001726063455],[-66.83449252060468,45.05999034345706],[-66.83444163426097,45.05997249905409],[-66.83442883301538,45.05995454171124],[-66.8344286736861,45.05992754923421],[-66.8344156069167,45.059864604428164],[-66.83441555380915,45.05985560693577],[-66.83442808948037,45.059828576818525],[-66.83444046580537,45.05977455422305],[-66.83445300144689,45.05974752410313],[-66.83374091677743,45.05955168507462],[-66.83220229753894,45.05912434011146],[-66.82967680965064,45.05926671491382],[-66.83003907963176,45.06043534977956],[-66.83008954563955,45.060381216206146],[-66.83011477860725,45.0603541494111],[-66.83014011640942,45.06034507760132],[-66.83024167731806,45.060344780287224],[-66.8302924053184,45.060335634100554],[-66.83030520534076,45.06035359191483],[-66.8303056249853,45.06042557187781],[-66.83029313966844,45.060461599035925],[-66.83026806408763,45.060515658357325],[-66.83021759813136,45.060569792010874],[-66.83011645622567,45.06064206926853],[-66.83060790379733,45.06218822554632],[-66.83512934462968,45.064631240968666]]]},"properties":{"SIZE_HA":"17.55","OBJECTID":"162","SITE_NUMBER":"MF-0020","AUTHORIZATION_TYPE":"Q09","AUTHORIZATION_HOLDER":"MOWI Canada East Inc.","AUTHORIZATION_EXPIRY_DATE":"March 31, 2031","SPECIES_CODE_DESCRIPTION":"4: Atlantic Salmon"},"id":162},{"type":"Feature","geometry":{"type":"Polygon","coordinates":[[[-66.79382281496864,44.64424720905256],[-66.79380328541845,44.64781021601037],[-66.80013025768893,44.64779349526456],[-66.80008628560336,44.644212661554754],[-66.79382281496864,44.64424720905256]]]},"properties":{"SIZE_HA":"19.84","OBJECTID":"163","SITE_NUMBER":"MF-0303","AUTHORIZATION_TYPE":"Q09","AUTHORIZATION_HOLDER":"Kelly Cove Salmon Ltd.","AUTHORIZATION_EXPIRY_DATE":"March 31, 2031","SPECIES_CODE_DESCRIPTION":"4: Atlantic Salmon"},"id":163}]}