{"type":"FeatureCollection","features":[{"type":"Feature","geometry":{"type":"Polygon","coordinates":[[[-65.0229512483287,47.26983647053444],[-65.02364552377166,47.27006126721559],[-65.02504754509157,47.268109083198375],[-65.02385572089025,47.267715997036895],[-65.02245366668319,47.26966816659766],[-65.0229512483287,47.26983647053444]]]},"properties":{"SIZE_HA":"2.42","OBJECTID":"4","SITE_NUMBER":"MS-0095","AUTHORIZATION_TYPE":"Q09","AUTHORIZATION_HOLDER":"Jamoso Oyster Farm Inc.","AUTHORIZATION_EXPIRY_DATE":"","CULTIVATION_METHOD":"Bottom culture,Off-bottom culture,Suspended culture","SPECIES_CODE_DESCRIPTION":""},"id":4},{"type":"Feature","geometry":{"type":"Polygon","coordinates":[[[-64.93774400679605,47.372396873784076],[-64.9393853956605,47.37292122699654],[-64.94144148371757,47.36995033168332],[-64.9398000304045,47.36942609578759],[-64.93774400679605,47.372396873784076]]]},"properties":{"SIZE_HA":"5.00","OBJECTID":"10","SITE_NUMBER":"MS-1178","AUTHORIZATION_TYPE":"Q09","AUTHORIZATION_HOLDER":"Brantville Acquaculture Ltee.","AUTHORIZATION_EXPIRY_DATE":"March 31, 2032","CULTIVATION_METHOD":"Bottom culture,Not Applicable,Off-bottom culture,Suspended culture","SPECIES_CODE_DESCRIPTION":"2: American oyster"},"id":10},{"type":"Feature","geometry":{"type":"Polygon","coordinates":[[[-65.02988896668691,47.7849771169501],[-65.03315007966303,47.78576496124247],[-65.03464205597517,47.782986538837335],[-65.0316646925215,47.781599696563006],[-65.0300160628305,47.78472688240347],[-65.02988896668691,47.7849771169501]]]},"properties":{"SIZE_HA":"9.47","OBJECTID":"13","SITE_NUMBER":"MS-0796","AUTHORIZATION_TYPE":"Q09","AUTHORIZATION_HOLDER":"Joanne Cormier,FERME OSTREICOLE GAETAN DUGAS LTEE","AUTHORIZATION_EXPIRY_DATE":"March 31, 2032","CULTIVATION_METHOD":"Bottom culture,Off-bottom culture,Suspended culture","SPECIES_CODE_DESCRIPTION":"2: American oyster"},"id":13},{"type":"Feature","geometry":{"type":"Polygon","coordinates":[[[-64.76230693968165,46.67860532771161],[-64.76132110129804,46.67958911025823],[-64.76196464909182,46.6799047944519],[-64.76296354835011,46.67892120449579],[-64.76230693968165,46.67860532771161]]]},"properties":{"SIZE_HA":"0.81","OBJECTID":"15","SITE_NUMBER":"MS-0034","AUTHORIZATION_TYPE":"Q09","AUTHORIZATION_HOLDER":"Fernand Poirier and Jason Poirier","AUTHORIZATION_EXPIRY_DATE":"March 31, 2032","CULTIVATION_METHOD":"Bottom culture","SPECIES_CODE_DESCRIPTION":"2: American oyster"},"id":15},{"type":"Feature","geometry":{"type":"Polygon","coordinates":[[[-64.67529903190777,47.8619089916689],[-64.67901890205943,47.86603303839878],[-64.68237972561731,47.86432276476688],[-64.68154494723171,47.863725030000936],[-64.67621114182984,47.85989052128684],[-64.67465576427226,47.861188290785684],[-64.67529903190777,47.8619089916689]]]},"properties":{"SIZE_HA":"16.11","OBJECTID":"17","SITE_NUMBER":"MS-0623","AUTHORIZATION_TYPE":"Q09","AUTHORIZATION_HOLDER":"Etienne Beaudin","AUTHORIZATION_EXPIRY_DATE":"March 31, 2032","CULTIVATION_METHOD":"Bottom culture,Not Applicable","SPECIES_CODE_DESCRIPTION":"2: American oyster,7: Bar clam,34: Quahog"},"id":17},{"type":"Feature","geometry":{"type":"Polygon","coordinates":[[[-64.68828562894498,47.76781029058315],[-64.68884022585198,47.768754439219585],[-64.69327005164807,47.7675822554972],[-64.69212135583417,47.76567539172426],[-64.68771864468022,47.76683896004985],[-64.68828562894498,47.76781029058315]]]},"properties":{"SIZE_HA":"8.13","OBJECTID":"20","SITE_NUMBER":"MS-0755","AUTHORIZATION_TYPE":"Q09","AUTHORIZATION_HOLDER":"Pêcheries Nicholas C. Ltée","AUTHORIZATION_EXPIRY_DATE":"March 1, 2032","CULTIVATION_METHOD":"Bottom culture","SPECIES_CODE_DESCRIPTION":"2: American oyster"},"id":20},{"type":"Feature","geometry":{"type":"Polygon","coordinates":[[[-65.04358761328005,47.797310500532305],[-65.04549821236256,47.796282130694316],[-65.04444171092959,47.795387419088534],[-65.04315489953228,47.79606383227663],[-65.0425180290042,47.79640661289938],[-65.04188115019905,47.79674938993617],[-65.04059377427882,47.79744375662321],[-65.04166359522442,47.79833867028435],[-65.04358761328005,47.797310500532305]]]},"properties":{"SIZE_HA":"4.68","OBJECTID":"22","SITE_NUMBER":"MS-1292","AUTHORIZATION_TYPE":"Q09","AUTHORIZATION_HOLDER":"Clarence Poirier,Andréa Doiron","AUTHORIZATION_EXPIRY_DATE":"March 31, 2032","CULTIVATION_METHOD":"Bottom culture","SPECIES_CODE_DESCRIPTION":"2: American oyster"},"id":22},{"type":"Feature","geometry":{"type":"Polygon","coordinates":[[[-64.6793430607688,47.811142846321765],[-64.6805273845281,47.812033937110726],[-64.68112766351513,47.81166556767396],[-64.67877239747781,47.8098835955472],[-64.67815877706869,47.81025174341636],[-64.6793430607688,47.811142846321765]]]},"properties":{"SIZE_HA":"1.62","OBJECTID":"24","SITE_NUMBER":"MS-0323","AUTHORIZATION_TYPE":"Q09","AUTHORIZATION_HOLDER":"Armel Guignard","AUTHORIZATION_EXPIRY_DATE":"March 31, 2032","CULTIVATION_METHOD":"Bottom culture","SPECIES_CODE_DESCRIPTION":"2: American oyster,7: Bar clam,34: Quahog,52: Soft shell clam"},"id":24},{"type":"Feature","geometry":{"type":"Polygon","coordinates":[[[-64.85104855504854,46.69785790467831],[-64.84879420896215,46.696304867281476],[-64.84695091151515,46.69757393220418],[-64.84920525657782,46.69912700545777],[-64.85104855504854,46.69785790467831]]]},"properties":{"SIZE_HA":"4.85","OBJECTID":"27","SITE_NUMBER":"MS-0939","AUTHORIZATION_TYPE":"Q09","AUTHORIZATION_HOLDER":"Huîtres Aquador Inc./ Aquador Oysters Inc.","AUTHORIZATION_EXPIRY_DATE":"March 31, 2033","CULTIVATION_METHOD":"Bottom culture","SPECIES_CODE_DESCRIPTION":"2: American oyster"},"id":27},{"type":"Feature","geometry":{"type":"Polygon","coordinates":[[[-64.75890582807656,46.689674778509264],[-64.7560341592569,46.68626599089094],[-64.7532791739315,46.68736672657158],[-64.75751507715542,46.69022948638095],[-64.75890582807656,46.689674778509264]]]},"properties":{"SIZE_HA":"7.98","OBJECTID":"29","SITE_NUMBER":"MS-1200","AUTHORIZATION_TYPE":"Q09","AUTHORIZATION_HOLDER":"King Aquaculture Inc.","AUTHORIZATION_EXPIRY_DATE":"March 31, 2043","CULTIVATION_METHOD":"Bottom culture,Off-bottom culture,Suspended culture","SPECIES_CODE_DESCRIPTION":"2: American oyster"},"id":29},{"type":"Feature","geometry":{"type":"Polygon","coordinates":[[[-64.94178242737155,47.358656571676825],[-64.94629771159333,47.359691343358904],[-64.94672065784496,47.358839099808854],[-64.94220543719781,47.35780434478472],[-64.94178242737155,47.358656571676825]]]},"properties":{"SIZE_HA":"3.60","OBJECTID":"31","SITE_NUMBER":"MS-1227","AUTHORIZATION_TYPE":"Q09","AUTHORIZATION_HOLDER":"Sylvain Benoit et Aldrice Benoit","AUTHORIZATION_EXPIRY_DATE":"March 31, 2043","CULTIVATION_METHOD":"Bottom culture,Off-bottom culture,Suspended culture","SPECIES_CODE_DESCRIPTION":"2: American oyster"},"id":31},{"type":"Feature","geometry":{"type":"Polygon","coordinates":[[[-64.94111712294453,47.365197035464476],[-64.94157520644717,47.364275028076534],[-64.94093930197423,47.36412925255217],[-64.9392571613645,47.36374371312121],[-64.93879903464735,47.36466598101706],[-64.94111712294453,47.365197035464476]]]},"properties":{"SIZE_HA":"2.00","OBJECTID":"33","SITE_NUMBER":"MS-1218","AUTHORIZATION_TYPE":"Q09","AUTHORIZATION_HOLDER":"Vernon Thibodeau et Jessica Thibodeau","AUTHORIZATION_EXPIRY_DATE":"March 31, 2033","CULTIVATION_METHOD":"Bottom culture,Off-bottom culture,Suspended culture","SPECIES_CODE_DESCRIPTION":"2: American oyster"},"id":33},{"type":"Feature","geometry":{"type":"Polygon","coordinates":[[[-64.54656371850974,46.2754081048119],[-64.54516685445458,46.27673396479778],[-64.54707866603381,46.27771155283049],[-64.54847550953896,46.276385669455834],[-64.54656371850974,46.2754081048119]]]},"properties":{"SIZE_HA":"3.32","OBJECTID":"35","SITE_NUMBER":"MS-0103","AUTHORIZATION_TYPE":"Q09","AUTHORIZATION_HOLDER":"Raoul Gaudet","AUTHORIZATION_EXPIRY_DATE":"March 31, 2033","CULTIVATION_METHOD":"Bottom culture","SPECIES_CODE_DESCRIPTION":"2: American oyster,34: Quahog"},"id":35},{"type":"Feature","geometry":{"type":"Polygon","coordinates":[[[-65.06257770428051,47.2491067528983],[-65.06555972981477,47.25023241852595],[-65.06636540685443,47.24922697074801],[-65.06376758740203,47.24824456197612],[-65.06339744826815,47.248100421162675],[-65.06257770428051,47.2491067528983]]]},"properties":{"SIZE_HA":"3.28","OBJECTID":"37","SITE_NUMBER":"MS-0648","AUTHORIZATION_TYPE":"Q09","AUTHORIZATION_HOLDER":"Émile Basque","AUTHORIZATION_EXPIRY_DATE":"March 31, 2033","CULTIVATION_METHOD":"Bottom culture","SPECIES_CODE_DESCRIPTION":"2: American oyster,7: Bar clam,34: Quahog"},"id":37},{"type":"Feature","geometry":{"type":"Polygon","coordinates":[[[-65.2533526359054,47.12490740449932],[-65.2544677137253,47.12570213698471],[-65.25828245605385,47.123188447581285],[-65.25716737320943,47.12239375148669],[-65.2533526359054,47.12490740449932]]]},"properties":{"SIZE_HA":"4.86","OBJECTID":"39","SITE_NUMBER":"MS-0367","AUTHORIZATION_TYPE":"Q09","AUTHORIZATION_HOLDER":"Philippe Breau","AUTHORIZATION_EXPIRY_DATE":"March 31, 2044","CULTIVATION_METHOD":"Bottom culture","SPECIES_CODE_DESCRIPTION":"2: American oyster"},"id":39},{"type":"Feature","geometry":{"type":"Polygon","coordinates":[[[-65.08885629448987,47.8440109818775],[-65.08889196173764,47.84666471186555],[-65.09864831198688,47.84656709255089],[-65.0986355101226,47.84403956407464],[-65.08885629448987,47.8440109818775]]]},"properties":{"SIZE_HA":"21.09","OBJECTID":"41","SITE_NUMBER":"MS-0709","AUTHORIZATION_TYPE":"Q09","AUTHORIZATION_HOLDER":"Denis Doiron","AUTHORIZATION_EXPIRY_DATE":"March 31, 2033","CULTIVATION_METHOD":"Bottom culture,Off-bottom culture,Suspended culture","SPECIES_CODE_DESCRIPTION":"2: American oyster,9: Blue mussel,15: Deep-Sea scallop"},"id":41},{"type":"Feature","geometry":{"type":"Polygon","coordinates":[[[-65.06683532032818,47.233401671243264],[-65.06613596094026,47.232638742606156],[-65.06307173975063,47.23369351114572],[-65.06377106639974,47.234456547912224],[-65.06683532032818,47.233401671243264]]]},"properties":{"SIZE_HA":"2.59","OBJECTID":"43","SITE_NUMBER":"MS-1296","AUTHORIZATION_TYPE":"Q09","AUTHORIZATION_HOLDER":"Archie Allain","AUTHORIZATION_EXPIRY_DATE":"March 31, 2043","CULTIVATION_METHOD":"Bottom culture","SPECIES_CODE_DESCRIPTION":"2: American oyster"},"id":43},{"type":"Feature","geometry":{"type":"Polygon","coordinates":[[[-65.08052447145623,47.23497149776775],[-65.08233132605064,47.23556948340815],[-65.08572614682501,47.23256153407957],[-65.08605631095962,47.2290661234999],[-65.08479887349569,47.22967141681341],[-65.08482385037524,47.22972569981633],[-65.08401397629407,47.22988667711157],[-65.08387398845359,47.22968704396067],[-65.08209484710298,47.2300430028565],[-65.0822213881818,47.230251468818146],[-65.0811460146167,47.23046313588618],[-65.07908425070448,47.23449495267884],[-65.08052447145623,47.23497149776775]]]},"properties":{"SIZE_HA":"22.02","OBJECTID":"44","SITE_NUMBER":"MS-1007","AUTHORIZATION_TYPE":"Q09","AUTHORIZATION_HOLDER":"La Maison Beausoleil (2010) Inc.","AUTHORIZATION_EXPIRY_DATE":"March 31, 2033","CULTIVATION_METHOD":"Bottom culture,Off-bottom culture,Suspended culture","SPECIES_CODE_DESCRIPTION":"2: American oyster"},"id":44},{"type":"Feature","geometry":{"type":"Polygon","coordinates":[[[-65.03494111275509,47.247103536381296],[-65.03417782393176,47.2460322966091],[-65.02981856973278,47.24746113008867],[-65.03223521172038,47.25086545085795],[-65.03372850937916,47.25037168012469],[-65.03302901280594,47.24938220988122],[-65.03589514335488,47.24844707523093],[-65.03494111275509,47.247103536381296]]]},"properties":{"SIZE_HA":"12.40","OBJECTID":"46","SITE_NUMBER":"MS-0930","AUTHORIZATION_TYPE":"Q09","AUTHORIZATION_HOLDER":"La Maison Beausoleil (2010) Inc.","AUTHORIZATION_EXPIRY_DATE":"March 31, 2034","CULTIVATION_METHOD":"Bottom culture,Off-bottom culture,Suspended culture","SPECIES_CODE_DESCRIPTION":"2: American oyster,9: Blue mussel,34: Quahog,52: Soft shell clam"},"id":46},{"type":"Feature","geometry":{"type":"Polygon","coordinates":[[[-64.79873483809743,47.810230257451266],[-64.79926899880917,47.80981534000803],[-64.79988465242795,47.81018415543402],[-64.80122654265179,47.80915143656688],[-64.79926095611748,47.80799828779407],[-64.79791905735944,47.80903098430518],[-64.79738489413894,47.809445895635456],[-64.79873483809743,47.810230257451266]]]},"properties":{"SIZE_HA":"3.76","OBJECTID":"48","SITE_NUMBER":"MS-1193","AUTHORIZATION_TYPE":"Q09","AUTHORIZATION_HOLDER":"Eric Doiron","AUTHORIZATION_EXPIRY_DATE":"March 31, 2033","CULTIVATION_METHOD":"Bottom culture","SPECIES_CODE_DESCRIPTION":"2: American oyster"},"id":48},{"type":"Feature","geometry":{"type":"Polygon","coordinates":[[[-64.66361560194616,47.789639801286015],[-64.66593362835468,47.79091779928956],[-64.67285917420904,47.7852073893623],[-64.67055456584329,47.783929738165334],[-64.66361560194616,47.789639801286015]]]},"properties":{"SIZE_HA":"18.38","OBJECTID":"49","SITE_NUMBER":"MS-0100","AUTHORIZATION_TYPE":"Q09","AUTHORIZATION_HOLDER":"L2 - Recherche & Production Aquacole Inc.","AUTHORIZATION_EXPIRY_DATE":"March 31, 2043","CULTIVATION_METHOD":"Bottom culture,Off-bottom culture,Suspended culture","SPECIES_CODE_DESCRIPTION":"2: American oyster,8: Bay scallop"},"id":49},{"type":"Feature","geometry":{"type":"Polygon","coordinates":[[[-64.67953397563095,47.77705498484134],[-64.68005154511954,47.77906899641576],[-64.68155220128453,47.77889465456513],[-64.68644275950788,47.77832362244245],[-64.69229814098871,47.77763250842809],[-64.69413369438392,47.777418250960615],[-64.69361529259146,47.7754132877206],[-64.69232908978977,47.77556414391784],[-64.68017726871359,47.776975134730876],[-64.67953397563095,47.77705498484134]]]},"properties":{"SIZE_HA":"24.30","OBJECTID":"51","SITE_NUMBER":"MS-0698","AUTHORIZATION_TYPE":"Q09","AUTHORIZATION_HOLDER":"L2 - Recherche & Production Aquacole Inc.","AUTHORIZATION_EXPIRY_DATE":"March 31, 2033","CULTIVATION_METHOD":"Bottom culture,Off-bottom culture,Suspended culture","SPECIES_CODE_DESCRIPTION":"2: American oyster,9: Blue mussel,15: Deep-Sea scallop"},"id":51},{"type":"Feature","geometry":{"type":"Polygon","coordinates":[[[-64.68465693155015,47.782901105234814],[-64.68508913902104,47.78507566067094],[-64.68641468301723,47.784952483384956],[-64.68596908296811,47.782777723723854],[-64.68465693155015,47.782901105234814]]]},"properties":{"SIZE_HA":"2.43","OBJECTID":"54","SITE_NUMBER":"MS-0112","AUTHORIZATION_TYPE":"Q09","AUTHORIZATION_HOLDER":"Eymard Noël et Rose-Mai Noël","AUTHORIZATION_EXPIRY_DATE":"March 31, 2033","CULTIVATION_METHOD":"Bottom culture","SPECIES_CODE_DESCRIPTION":"2: American oyster"},"id":54},{"type":"Feature","geometry":{"type":"Polygon","coordinates":[[[-64.67553803977616,47.78570202314271],[-64.67531257092769,47.78593054548658],[-64.67572327803734,47.78611465936135],[-64.67504756075161,47.78679933742774],[-64.67758748167878,47.78793712494249],[-64.67826318098405,47.787252432236976],[-64.67848862731121,47.78702435372296],[-64.67553803977616,47.78570202314271]]]},"properties":{"SIZE_HA":"3.24","OBJECTID":"57","SITE_NUMBER":"MS-1315","AUTHORIZATION_TYPE":"Q09","AUTHORIZATION_HOLDER":"Gaëtan Duguay","AUTHORIZATION_EXPIRY_DATE":"March 31, 2034","CULTIVATION_METHOD":"Bottom culture","SPECIES_CODE_DESCRIPTION":"2: American oyster"},"id":57},{"type":"Feature","geometry":{"type":"Polygon","coordinates":[[[-64.89523385285962,47.55523017226532],[-64.89076585145413,47.55686722807954],[-64.89252124437927,47.5590627656487],[-64.8940099353637,47.55851736778212],[-64.89481568421658,47.55952506152646],[-64.89779516517079,47.558433407525584],[-64.89523385285962,47.55523017226532]]]},"properties":{"SIZE_HA":"13.80","OBJECTID":"61","SITE_NUMBER":"MS-1046","AUTHORIZATION_TYPE":"Q09","AUTHORIZATION_HOLDER":"Zoël McLaughlin et Stéphane McLaughlin","AUTHORIZATION_EXPIRY_DATE":"March 31, 2044","CULTIVATION_METHOD":"Bottom culture,Off-bottom culture,Suspended culture","SPECIES_CODE_DESCRIPTION":"2: American oyster"},"id":61},{"type":"Feature","geometry":{"type":"Polygon","coordinates":[[[-65.06201024043361,47.249800105831575],[-65.06346944173131,47.25035194384319],[-65.0649870044854,47.2509259001528],[-65.06555972981477,47.25023241852595],[-65.06257770428051,47.2491067528983],[-65.06201024043361,47.249800105831575]]]},"properties":{"SIZE_HA":"2.28","OBJECTID":"62","SITE_NUMBER":"MS-0827","AUTHORIZATION_TYPE":"Q09","AUTHORIZATION_HOLDER":"Émile Basque","AUTHORIZATION_EXPIRY_DATE":"March 31, 2024","CULTIVATION_METHOD":"Bottom culture","SPECIES_CODE_DESCRIPTION":"2: American oyster,7: Bar clam"},"id":62},{"type":"Feature","geometry":{"type":"Polygon","coordinates":[[[-64.9398000304045,47.36942609578759],[-64.94144148371757,47.36995033168332],[-64.94186507177925,47.37008667063769],[-64.94299456331336,47.36903221595997],[-64.94236834939959,47.3680412388962],[-64.93956368628538,47.368313441172525],[-64.9398000304045,47.36942609578759]]]},"properties":{"SIZE_HA":"4.00","OBJECTID":"66","SITE_NUMBER":"MS-1217","AUTHORIZATION_TYPE":"Q09","AUTHORIZATION_HOLDER":"Martial Thibodeau et Sabine Thibodeau","AUTHORIZATION_EXPIRY_DATE":"March 31, 2044","CULTIVATION_METHOD":"Bottom culture,Off-bottom culture,Suspended culture","SPECIES_CODE_DESCRIPTION":"2: American oyster"},"id":66},{"type":"Feature","geometry":{"type":"Polygon","coordinates":[[[-64.95945237955397,47.34644935162363],[-64.95689029989578,47.34465291012749],[-64.95292115196095,47.34591973085245],[-64.95500363837296,47.34714903563452],[-64.95777686669183,47.34877723758672],[-64.95945237955397,47.34644935162363]]]},"properties":{"SIZE_HA":"11.14","OBJECTID":"68","SITE_NUMBER":"MS-1212","AUTHORIZATION_TYPE":"Q09","AUTHORIZATION_HOLDER":"Brantville Acquaculture Ltee.","AUTHORIZATION_EXPIRY_DATE":"March 31, 2044","CULTIVATION_METHOD":"Bottom culture,Off-bottom culture,Suspended culture","SPECIES_CODE_DESCRIPTION":"2: American oyster"},"id":68},{"type":"Feature","geometry":{"type":"Polygon","coordinates":[[[-63.88867595892011,46.154140020910766],[-63.888589049978144,46.15354268764727],[-63.88647990193188,46.15197433656877],[-63.88723233581353,46.15112760661328],[-63.886647554310805,46.15089819730223],[-63.885915434082996,46.15186238796487],[-63.884891722936565,46.154601857075576],[-63.886164358862004,46.15485245735177],[-63.88712625629245,46.15411997151206],[-63.88867595892011,46.154140020910766]]]},"properties":{"SIZE_HA":"5.87","OBJECTID":"72","SITE_NUMBER":"MS-0240","AUTHORIZATION_TYPE":"Q09","AUTHORIZATION_HOLDER":"Little Shemogue Oyster Company LTD.","AUTHORIZATION_EXPIRY_DATE":"March 31, 2025","CULTIVATION_METHOD":"Bottom culture","SPECIES_CODE_DESCRIPTION":"2: American oyster"},"id":72},{"type":"Feature","geometry":{"type":"Polygon","coordinates":[[[-64.7729594592229,47.74240575979773],[-64.77612364042221,47.744332820322484],[-64.77754544809429,47.7432655699513],[-64.77438127787529,47.74133854757729],[-64.7729594592229,47.74240575979773]]]},"properties":{"SIZE_HA":"5.10","OBJECTID":"74","SITE_NUMBER":"MS-0115","AUTHORIZATION_TYPE":"Q09","AUTHORIZATION_HOLDER":"Huître M.D. Oysters Inc.","AUTHORIZATION_EXPIRY_DATE":"March 31, 2025","CULTIVATION_METHOD":"Bottom culture,Off-bottom culture,Suspended culture","SPECIES_CODE_DESCRIPTION":"2: American oyster,8: Bay scallop"},"id":74},{"type":"Feature","geometry":{"type":"Polygon","coordinates":[[[-65.24826280250042,47.127820896366245],[-65.24729906730697,47.12844913859469],[-65.24634848786918,47.129077516044646],[-65.24746354726102,47.129872315392035],[-65.24841412791235,47.129243928875326],[-65.2493778645183,47.12861567745348],[-65.24826280250042,47.127820896366245]]]},"properties":{"SIZE_HA":"2.42","OBJECTID":"76","SITE_NUMBER":"MS-1184","AUTHORIZATION_TYPE":"Q09","AUTHORIZATION_HOLDER":"La Maison Beausoleil (2010) Inc.","AUTHORIZATION_EXPIRY_DATE":"March 31, 2025","CULTIVATION_METHOD":"Bottom culture","SPECIES_CODE_DESCRIPTION":"2: American oyster"},"id":76},{"type":"Feature","geometry":{"type":"Polygon","coordinates":[[[-64.95723900686382,47.33702175116286],[-64.95627312232803,47.33655903562573],[-64.95402683244598,47.3387239649657],[-64.95529263168528,47.33888485316024],[-64.95723900686382,47.33702175116286]]]},"properties":{"SIZE_HA":"2.43","OBJECTID":"84","SITE_NUMBER":"MS-1186","AUTHORIZATION_TYPE":"Q09","AUTHORIZATION_HOLDER":"Alvain Thibodeau","AUTHORIZATION_EXPIRY_DATE":"March 31, 2035","CULTIVATION_METHOD":"Bottom culture,Off-bottom culture,Suspended culture","SPECIES_CODE_DESCRIPTION":"2: American oyster"},"id":84},{"type":"Feature","geometry":{"type":"Polygon","coordinates":[[[-64.78202384771686,47.71837091253329],[-64.7821128670698,47.71891193502182],[-64.7847934427319,47.718870694988794],[-64.78470439592859,47.71832967437621],[-64.78202384771686,47.71837091253329]]]},"properties":{"SIZE_HA":"1.21","OBJECTID":"87","SITE_NUMBER":"MS-0621","AUTHORIZATION_TYPE":"Q09","AUTHORIZATION_HOLDER":"R.M.L. PECHE LTEE","AUTHORIZATION_EXPIRY_DATE":"March 31, 2035","CULTIVATION_METHOD":"Bottom culture,Off-bottom culture,Suspended culture","SPECIES_CODE_DESCRIPTION":"2: American oyster"},"id":87},{"type":"Feature","geometry":{"type":"Polygon","coordinates":[[[-65.03995687044674,47.797786522824616],[-65.0410266873916,47.79868144222626],[-65.04166359522442,47.79833867028435],[-65.04059377427882,47.79744375662321],[-65.03995687044674,47.797786522824616]]]},"properties":{"SIZE_HA":"0.78","OBJECTID":"89","SITE_NUMBER":"MS-0573","AUTHORIZATION_TYPE":"Q09","AUTHORIZATION_HOLDER":"Michel Doiron","AUTHORIZATION_EXPIRY_DATE":"March 31, 2025","CULTIVATION_METHOD":"Bottom culture","SPECIES_CODE_DESCRIPTION":"2: American oyster"},"id":89},{"type":"Feature","geometry":{"type":"Polygon","coordinates":[[[-64.66185951979337,46.49614850320036],[-64.66102625701215,46.49398177273324],[-64.6558595304789,46.49492623888137],[-64.65669286478375,46.49709291951511],[-64.66185951979337,46.49614850320036]]]},"properties":{"SIZE_HA":"10.25","OBJECTID":"96","SITE_NUMBER":"MS-1322","AUTHORIZATION_TYPE":"Q09","AUTHORIZATION_HOLDER":"LCJ Oyster Aquaculture Inc.","AUTHORIZATION_EXPIRY_DATE":"March 31, 2035","CULTIVATION_METHOD":"Bottom culture,Off-bottom culture,Suspended culture","SPECIES_CODE_DESCRIPTION":"2: American oyster"},"id":96},{"type":"Feature","geometry":{"type":"Polygon","coordinates":[[[-64.66269285059074,46.498315137332916],[-64.66185951979337,46.49614850320036],[-64.65669286478375,46.49709291951511],[-64.65752626407748,46.49925959374644],[-64.66269285059074,46.498315137332916]]]},"properties":{"SIZE_HA":"10.25","OBJECTID":"98","SITE_NUMBER":"MS-1323","AUTHORIZATION_TYPE":"Q09","AUTHORIZATION_HOLDER":"Bouctouche Bay Oysters Inc.","AUTHORIZATION_EXPIRY_DATE":"March 31, 2025","CULTIVATION_METHOD":"Bottom culture,Off-bottom culture,Suspended culture","SPECIES_CODE_DESCRIPTION":"2: American oyster,7: Bar clam,9: Blue mussel,34: Quahog"},"id":98},{"type":"Feature","geometry":{"type":"Polygon","coordinates":[[[-64.96242049902511,47.31658016395859],[-64.96415666552511,47.31692714781175],[-64.96497879607958,47.31593953835816],[-64.96076942180532,47.31511878810466],[-64.95994748615004,47.31609737490685],[-64.96242049902511,47.31658016395859]]]},"properties":{"SIZE_HA":"4.05","OBJECTID":"107","SITE_NUMBER":"MS-0220","AUTHORIZATION_TYPE":"Q09","AUTHORIZATION_HOLDER":"Alvain Thibodeau","AUTHORIZATION_EXPIRY_DATE":"March 31, 2035","CULTIVATION_METHOD":"Bottom culture,Off-bottom culture,Suspended culture","SPECIES_CODE_DESCRIPTION":"2: American oyster"},"id":107},{"type":"Feature","geometry":{"type":"Polygon","coordinates":[[[-65.06782996570576,47.24552226155084],[-65.07004766211439,47.246360966335196],[-65.07050023724057,47.24581377415624],[-65.06827707751746,47.24496754327627],[-65.06782996570576,47.24552226155084]]]},"properties":{"SIZE_HA":"1.21","OBJECTID":"109","SITE_NUMBER":"MS-0832","AUTHORIZATION_TYPE":"Q09","AUTHORIZATION_HOLDER":"La Maison Beausoleil (2010) Inc.","AUTHORIZATION_EXPIRY_DATE":"March 31, 2035","CULTIVATION_METHOD":"Bottom culture,Off-bottom culture,Suspended culture","SPECIES_CODE_DESCRIPTION":"2: American oyster,7: Bar clam,34: Quahog"},"id":109},{"type":"Feature","geometry":{"type":"Polygon","coordinates":[[[-65.13744836811948,47.189454887302325],[-65.13834944286268,47.190347158248386],[-65.14052662014335,47.189320329535924],[-65.13962552601441,47.188428075264305],[-65.13744836811948,47.189454887302325]]]},"properties":{"SIZE_HA":"2.42","OBJECTID":"112","SITE_NUMBER":"","AUTHORIZATION_TYPE":"Q09","AUTHORIZATION_HOLDER":"Jason MacKnight","AUTHORIZATION_EXPIRY_DATE":"March 31, 2025","CULTIVATION_METHOD":"Not Applicable","SPECIES_CODE_DESCRIPTION":""},"id":112},{"type":"Feature","geometry":{"type":"Polygon","coordinates":[[[-64.66551831248347,46.49780567594965],[-64.66386144747517,46.49345577376717],[-64.66102715387593,46.493970629520035],[-64.66268380723174,46.49832057085025],[-64.66551831248347,46.49780567594965]]]},"properties":{"SIZE_HA":"11.25","OBJECTID":"118","SITE_NUMBER":"MS-1330","AUTHORIZATION_TYPE":"Q09","AUTHORIZATION_HOLDER":"Mauril Bastarache","AUTHORIZATION_EXPIRY_DATE":"March 31, 2028","CULTIVATION_METHOD":"Bottom culture,Off-bottom culture,Suspended culture","SPECIES_CODE_DESCRIPTION":"2: American oyster"},"id":118},{"type":"Feature","geometry":{"type":"Polygon","coordinates":[[[-64.88000284922133,47.82092815585449],[-64.87913486794957,47.81658963690992],[-64.87105968956492,47.81732200046926],[-64.87194008682393,47.82166975273157],[-64.88000284922133,47.82092815585449]]]},"properties":{"SIZE_HA":"29.76","OBJECTID":"126","SITE_NUMBER":"MS-0382","AUTHORIZATION_TYPE":"Q09","AUTHORIZATION_HOLDER":"La Maison Beausoleil (2010) Inc.","AUTHORIZATION_EXPIRY_DATE":"March 31, 2026","CULTIVATION_METHOD":"Bottom culture,Off-bottom culture,Suspended culture","SPECIES_CODE_DESCRIPTION":"2: American oyster,9: Blue mussel,34: Quahog"},"id":126},{"type":"Feature","geometry":{"type":"Polygon","coordinates":[[[-64.73458769139886,47.793870736479924],[-64.73586114942158,47.79771904986135],[-64.7437799049439,47.797393197487494],[-64.74250314171525,47.79354285663942],[-64.73458769139886,47.793870736479924]]]},"properties":{"SIZE_HA":"25.77","OBJECTID":"128","SITE_NUMBER":"MS-1188","AUTHORIZATION_TYPE":"Q09","AUTHORIZATION_HOLDER":"La Maison Beausoleil (2010) Inc.","AUTHORIZATION_EXPIRY_DATE":"March 31, 2026","CULTIVATION_METHOD":"Bottom culture,Off-bottom culture,Suspended culture","SPECIES_CODE_DESCRIPTION":"2: American oyster,8: Bay scallop,9: Blue mussel,15: Deep-Sea scallop"},"id":128},{"type":"Feature","geometry":{"type":"Polygon","coordinates":[[[-65.01775183375325,47.27288236754977],[-65.02043679726859,47.27377147448315],[-65.02158156360176,47.273003505614284],[-65.0188968685236,47.272105432433165],[-65.01775183375325,47.27288236754977]]]},"properties":{"SIZE_HA":"2.75","OBJECTID":"138","SITE_NUMBER":"MS-0075","AUTHORIZATION_TYPE":"Q09","AUTHORIZATION_HOLDER":"Jean-Marcial Comeau & Analiza Comeau","AUTHORIZATION_EXPIRY_DATE":"March 31, 2026","CULTIVATION_METHOD":"Bottom culture,Off-bottom culture,Suspended culture","SPECIES_CODE_DESCRIPTION":"2: American oyster,34: Quahog"},"id":138},{"type":"Feature","geometry":{"type":"Polygon","coordinates":[[[-64.60435608646924,46.379981602245955],[-64.60443230232023,46.377031410818326],[-64.60117059871659,46.37698622915926],[-64.60110720140858,46.37993663313904],[-64.60435608646924,46.379981602245955]]]},"properties":{"SIZE_HA":"8.20","OBJECTID":"140","SITE_NUMBER":"MS-1337","AUTHORIZATION_TYPE":"Q09","AUTHORIZATION_HOLDER":"J&S Oysters Inc.","AUTHORIZATION_EXPIRY_DATE":"March 31, 2026","CULTIVATION_METHOD":"Bottom culture,Off-bottom culture,Suspended culture","SPECIES_CODE_DESCRIPTION":"2: American oyster"},"id":140},{"type":"Feature","geometry":{"type":"Polygon","coordinates":[[[-64.94464706917537,47.35277834836697],[-64.94351925378935,47.35247860159129],[-64.94219999138252,47.35477085662859],[-64.94332784752693,47.355070616331396],[-64.94367732824381,47.35446333940585],[-64.94464706917537,47.35277834836697]]]},"properties":{"SIZE_HA":"2.50","OBJECTID":"144","SITE_NUMBER":"MS-1199","AUTHORIZATION_TYPE":"Q11","AUTHORIZATION_HOLDER":"Pêcheries Thibodeau et Fils Ltée","AUTHORIZATION_EXPIRY_DATE":"March 31, 2025","CULTIVATION_METHOD":"Bottom culture,Off-bottom culture","SPECIES_CODE_DESCRIPTION":"2: American oyster,52: Soft shell clam"},"id":144},{"type":"Feature","geometry":{"type":"Polygon","coordinates":[[[-64.76465135432377,47.71687967831526],[-64.76505226850709,47.71806403695953],[-64.76611067866821,47.717899980464566],[-64.76564756254446,47.716579768376356],[-64.76460249999901,47.71674402043991],[-64.76465135432377,47.71687967831526]]]},"properties":{"SIZE_HA":"1.21","OBJECTID":"146","SITE_NUMBER":"MS-0235","AUTHORIZATION_TYPE":"Q09","AUTHORIZATION_HOLDER":"Guy Breault","AUTHORIZATION_EXPIRY_DATE":"March 31, 2026","CULTIVATION_METHOD":"Bottom culture","SPECIES_CODE_DESCRIPTION":"2: American oyster"},"id":146},{"type":"Feature","geometry":{"type":"Polygon","coordinates":[[[-64.77586538072296,47.72650458202669],[-64.77340978047502,47.72747222100014],[-64.7738633094906,47.72838117917868],[-64.77394248879845,47.72885414759034],[-64.77410088091595,47.729799184973885],[-64.77425927847234,47.730744221856106],[-64.77658058351975,47.72986766588071],[-64.77673299586264,47.730776899768095],[-64.77754419949625,47.73171427765276],[-64.77719343406464,47.731852443449064],[-64.77759904601467,47.73232108645068],[-64.77746277826222,47.72587521192452],[-64.77586538072296,47.72650458202669]]]},"properties":{"SIZE_HA":"12.32","OBJECTID":"150","SITE_NUMBER":"MS-1371","AUTHORIZATION_TYPE":"Q09","AUTHORIZATION_HOLDER":"L'ETANG RUISSEAU BAR LIMITEE","AUTHORIZATION_EXPIRY_DATE":"March 31, 2027","CULTIVATION_METHOD":"Bottom culture,Off-bottom culture,Suspended culture","SPECIES_CODE_DESCRIPTION":"2: American oyster,8: Bay scallop"},"id":150},{"type":"Feature","geometry":{"type":"Polygon","coordinates":[[[-64.76951382987473,47.71736618249473],[-64.7680246840245,47.72050119665349],[-64.76957349902851,47.72083017121925],[-64.77106226808543,47.71770412765511],[-64.76951382987473,47.71736618249473]]]},"properties":{"SIZE_HA":"4.45","OBJECTID":"156","SITE_NUMBER":"MS-0489","AUTHORIZATION_TYPE":"Q09","AUTHORIZATION_HOLDER":"L'ETANG RUISSEAU BAR LIMITEE","AUTHORIZATION_EXPIRY_DATE":"March 31, 2026","CULTIVATION_METHOD":"Bottom culture,Off-bottom culture,Suspended culture","SPECIES_CODE_DESCRIPTION":"2: American oyster"},"id":156},{"type":"Feature","geometry":{"type":"Polygon","coordinates":[[[-65.0261181711626,47.79664896652993],[-65.03016667600784,47.80008307502195],[-65.03144082907757,47.79940106821348],[-65.02739229249612,47.79596700316431],[-65.0261181711626,47.79664896652993]]]},"properties":{"SIZE_HA":"5.95","OBJECTID":"158","SITE_NUMBER":"MS-1177","AUTHORIZATION_TYPE":"Q09","AUTHORIZATION_HOLDER":"Conchyliculture Gloucester Shellfish Company Inc.","AUTHORIZATION_EXPIRY_DATE":"March 31, 2027","CULTIVATION_METHOD":"Bottom culture,Off-bottom culture,Suspended culture","SPECIES_CODE_DESCRIPTION":"2: American oyster,7: Bar clam,9: Blue mussel,34: Quahog,36: Razor clam"},"id":158},{"type":"Feature","geometry":{"type":"Polygon","coordinates":[[[-65.25032840047288,47.127987274704054],[-65.25065261387304,47.12821569656366],[-65.2544677137253,47.12570213698471],[-65.2533526359054,47.12490740449932],[-65.24953754109117,47.12742092768611],[-65.25032840047288,47.127987274704054]]]},"properties":{"SIZE_HA":"4.91","OBJECTID":"163","SITE_NUMBER":"MS-0457","AUTHORIZATION_TYPE":"Q09","AUTHORIZATION_HOLDER":"Dave Loten","AUTHORIZATION_EXPIRY_DATE":"March 31, 2027","CULTIVATION_METHOD":"Bottom culture,Off-bottom culture,Suspended culture","SPECIES_CODE_DESCRIPTION":"2: American oyster"},"id":163},{"type":"Feature","geometry":{"type":"Polygon","coordinates":[[[-65.26803521795722,47.110590695304424],[-65.2690703494318,47.1114204187175],[-65.27291325084671,47.10990511808423],[-65.2718780885913,47.109075428750984],[-65.26803521795722,47.110590695304424]]]},"properties":{"SIZE_HA":"4.05","OBJECTID":"165","SITE_NUMBER":"MS-0369","AUTHORIZATION_TYPE":"Q09","AUTHORIZATION_HOLDER":"Dave Loten","AUTHORIZATION_EXPIRY_DATE":"March 31, 2027","CULTIVATION_METHOD":"Bottom culture","SPECIES_CODE_DESCRIPTION":"2: American oyster"},"id":165},{"type":"Feature","geometry":{"type":"Polygon","coordinates":[[[-65.26154500382455,47.12002996777879],[-65.26238796528233,47.120623781851805],[-65.26338291985503,47.11977084608469],[-65.2625529290788,47.11918617471025],[-65.26154500382455,47.12002996777879]]]},"properties":{"SIZE_HA":"1.01","OBJECTID":"167","SITE_NUMBER":"MS-0622","AUTHORIZATION_TYPE":"Q09","AUTHORIZATION_HOLDER":"Dave Loten","AUTHORIZATION_EXPIRY_DATE":"March 31, 2027","CULTIVATION_METHOD":"Bottom culture","SPECIES_CODE_DESCRIPTION":"2: American oyster"},"id":167},{"type":"Feature","geometry":{"type":"Polygon","coordinates":[[[-65.06066544261189,47.25237462642834],[-65.06228682707635,47.253245343208306],[-65.0635534317905,47.25392198036372],[-65.06591612428389,47.25245032274229],[-65.0645629858275,47.25196056050128],[-65.06528706085038,47.25103866683838],[-65.0649870044854,47.2509259001528],[-65.06346944173131,47.25035194384319],[-65.06201024043361,47.249800105831575],[-65.05889843097678,47.25226636791638],[-65.05995739986548,47.25281558457407],[-65.06066544261189,47.25237462642834]]]},"properties":{"SIZE_HA":"12.33","OBJECTID":"170","SITE_NUMBER":"MS-1390","AUTHORIZATION_TYPE":"Q09","AUTHORIZATION_HOLDER":"Émile Basque","AUTHORIZATION_EXPIRY_DATE":"March 31, 2027","CULTIVATION_METHOD":"Bottom culture,Off-bottom culture,Suspended culture","SPECIES_CODE_DESCRIPTION":"2: American oyster,7: Bar clam,8: Bay scallop,34: Quahog,52: Soft shell clam"},"id":170},{"type":"Feature","geometry":{"type":"Polygon","coordinates":[[[-64.6125469722078,46.399809343267044],[-64.61313311192687,46.402317583433444],[-64.61399207723164,46.40233329676308],[-64.61390214435299,46.401237619187405],[-64.61433089946087,46.39967098467972],[-64.61316780916486,46.398051792562605],[-64.61196691019725,46.39781968144195],[-64.6125469722078,46.399809343267044]]]},"properties":{"SIZE_HA":"4.93","OBJECTID":"173","SITE_NUMBER":"MS-0729","AUTHORIZATION_TYPE":"Q09","AUTHORIZATION_HOLDER":"Sylvio LeBlanc","AUTHORIZATION_EXPIRY_DATE":"March 31, 2027","CULTIVATION_METHOD":"Bottom culture,Off-bottom culture,Suspended culture","SPECIES_CODE_DESCRIPTION":"2: American oyster,9: Blue mussel,34: Quahog"},"id":173},{"type":"Feature","geometry":{"type":"Polygon","coordinates":[[[-64.67002226512398,47.867969295174824],[-64.66679523008604,47.87004111637925],[-64.66780365727026,47.87255757114936],[-64.67258794834227,47.869916604169426],[-64.67002226512398,47.867969295174824]]]},"properties":{"SIZE_HA":"10.96","OBJECTID":"175","SITE_NUMBER":"MS-0361","AUTHORIZATION_TYPE":"Q09","AUTHORIZATION_HOLDER":"Michel Savoie et Philippe Doiron","AUTHORIZATION_EXPIRY_DATE":"March 31, 2027","CULTIVATION_METHOD":"Bottom culture","SPECIES_CODE_DESCRIPTION":"2: American oyster,7: Bar clam"},"id":175},{"type":"Feature","geometry":{"type":"Polygon","coordinates":[[[-65.0261181711626,47.79664896652993],[-65.02484511960853,47.797334437411585],[-65.02888734349976,47.80076770052775],[-65.03016667600784,47.80008307502195],[-65.0261181711626,47.79664896652993]]]},"properties":{"SIZE_HA":"5.95","OBJECTID":"178","SITE_NUMBER":"MS-0524","AUTHORIZATION_TYPE":"Q09","AUTHORIZATION_HOLDER":"Manon Lanteigne et Benoit Lebeau","AUTHORIZATION_EXPIRY_DATE":"March 31, 2027","CULTIVATION_METHOD":"Bottom culture,Off-bottom culture,Suspended culture","SPECIES_CODE_DESCRIPTION":"2: American oyster"},"id":178},{"type":"Feature","geometry":{"type":"Polygon","coordinates":[[[-64.55879227164526,46.260936128762886],[-64.55519012565341,46.2608265439872],[-64.55485627958022,46.263316604105476],[-64.55845858808267,46.26342620064388],[-64.55879227164526,46.260936128762886]]]},"properties":{"SIZE_HA":"7.72","OBJECTID":"180","SITE_NUMBER":"MS-1346","AUTHORIZATION_TYPE":"Q09","AUTHORIZATION_HOLDER":"Donald Caissie","AUTHORIZATION_EXPIRY_DATE":"March 31, 2027","CULTIVATION_METHOD":"Bottom culture,Off-bottom culture,Suspended culture","SPECIES_CODE_DESCRIPTION":"2: American oyster,9: Blue mussel,34: Quahog"},"id":180},{"type":"Feature","geometry":{"type":"Polygon","coordinates":[[[-64.8226109976154,46.69344127806053],[-64.81623956152156,46.69354578120388],[-64.81596302764414,46.69445046975591],[-64.82233484843438,46.6943369892401],[-64.8226109976154,46.69344127806053]]]},"properties":{"SIZE_HA":"4.85","OBJECTID":"181","SITE_NUMBER":"MS-1324","AUTHORIZATION_TYPE":"Q09","AUTHORIZATION_HOLDER":"Huîtres Aquador Inc./ Aquador Oysters Inc.","AUTHORIZATION_EXPIRY_DATE":"March 31, 2027","CULTIVATION_METHOD":"Bottom culture,Off-bottom culture,Suspended culture","SPECIES_CODE_DESCRIPTION":"2: American oyster"},"id":181},{"type":"Feature","geometry":{"type":"Polygon","coordinates":[[[-64.88827731984554,47.461328171588],[-64.88832208706204,47.464225400728125],[-64.8903256695456,47.4642083541461],[-64.8902675340695,47.46131094036343],[-64.88827731984554,47.461328171588]]]},"properties":{"SIZE_HA":"4.86","OBJECTID":"182","SITE_NUMBER":"MS-0804","AUTHORIZATION_TYPE":"Q09","AUTHORIZATION_HOLDER":"Frederick Benoit","AUTHORIZATION_EXPIRY_DATE":"March 31, 2027","CULTIVATION_METHOD":"Bottom culture,Off-bottom culture,Suspended culture","SPECIES_CODE_DESCRIPTION":"2: American oyster,34: Quahog,36: Razor clam,52: Soft shell clam"},"id":182},{"type":"Feature","geometry":{"type":"Polygon","coordinates":[[[-64.96053469135224,47.31161414915682],[-64.96011546878995,47.31038311952344],[-64.95782219254644,47.310744346367095],[-64.95824149444981,47.31197547560129],[-64.96053469135224,47.31161414915682]]]},"properties":{"SIZE_HA":"2.50","OBJECTID":"187","SITE_NUMBER":"MS-1376","AUTHORIZATION_TYPE":"Q09","AUTHORIZATION_HOLDER":"Benoît Brideau","AUTHORIZATION_EXPIRY_DATE":"March 31, 2027","CULTIVATION_METHOD":"Bottom culture,Off-bottom culture,Suspended culture","SPECIES_CODE_DESCRIPTION":"2: American oyster,8: Bay scallop,34: Quahog"},"id":187},{"type":"Feature","geometry":{"type":"Polygon","coordinates":[[[-64.83021346773185,46.69285050410111],[-64.83453938766117,46.69249957277577],[-64.83407999732133,46.69127822901964],[-64.83223768315956,46.69123343504084],[-64.82968128933709,46.69144813069597],[-64.82987435260506,46.69197280160332],[-64.83021346773185,46.69285050410111]]]},"properties":{"SIZE_HA":"5.21","OBJECTID":"189","SITE_NUMBER":"MS-0063","AUTHORIZATION_TYPE":"Q09","AUTHORIZATION_HOLDER":"Indian Island First Nation","AUTHORIZATION_EXPIRY_DATE":"March 31, 2027","CULTIVATION_METHOD":"Bottom culture,Off-bottom culture,Suspended culture","SPECIES_CODE_DESCRIPTION":"2: American oyster"},"id":189},{"type":"Feature","geometry":{"type":"Polygon","coordinates":[[[-64.68828562894498,47.76781029058315],[-64.68771864468022,47.76683896004985],[-64.68337050728842,47.76798504768327],[-64.68393675014175,47.76895656797338],[-64.68828562894498,47.76781029058315]]]},"properties":{"SIZE_HA":"4.05","OBJECTID":"191","SITE_NUMBER":"MS-1299","AUTHORIZATION_TYPE":"Q09","AUTHORIZATION_HOLDER":"Eymard Noël et Rose-Mai Noël","AUTHORIZATION_EXPIRY_DATE":"March 31, 2027","CULTIVATION_METHOD":"Bottom culture","SPECIES_CODE_DESCRIPTION":"2: American oyster"},"id":191},{"type":"Feature","geometry":{"type":"Polygon","coordinates":[[[-65.06642067334141,47.24498945002072],[-65.06782996570576,47.24552226155084],[-65.06827707751746,47.24496754327627],[-65.06872781026057,47.24441538709475],[-65.06917829292297,47.24387222205594],[-65.06776603434322,47.24333291255133],[-65.06642067334141,47.24498945002072]]]},"properties":{"SIZE_HA":"2.56","OBJECTID":"193","SITE_NUMBER":"MS-1395","AUTHORIZATION_TYPE":"Q09","AUTHORIZATION_HOLDER":"Les Huîtres de Néguac Ltée / Neguac Oysters Ltd.","AUTHORIZATION_EXPIRY_DATE":"March 31, 2027","CULTIVATION_METHOD":"Bottom culture,Off-bottom culture,Suspended culture","SPECIES_CODE_DESCRIPTION":"2: American oyster"},"id":193},{"type":"Feature","geometry":{"type":"Polygon","coordinates":[[[-64.95404219688051,47.32450158530921],[-64.95811266862118,47.32557260431647],[-64.95868480377202,47.324545714981795],[-64.95462736288876,47.32348388586178],[-64.95404219688051,47.32450158530921]]]},"properties":{"SIZE_HA":"4.05","OBJECTID":"195","SITE_NUMBER":"MS-0409","AUTHORIZATION_TYPE":"Q09","AUTHORIZATION_HOLDER":"Eric Savoie","AUTHORIZATION_EXPIRY_DATE":"March 31, 2027","CULTIVATION_METHOD":"Bottom culture,Off-bottom culture,Suspended culture","SPECIES_CODE_DESCRIPTION":"2: American oyster,7: Bar clam,34: Quahog"},"id":195},{"type":"Feature","geometry":{"type":"Polygon","coordinates":[[[-64.81025763663911,47.663305501849706],[-64.81455644427766,47.66444766683113],[-64.81491434432377,47.662022560969056],[-64.81061559221888,47.66088040756413],[-64.81025763663911,47.663305501849706]]]},"properties":{"SIZE_HA":"9.05","OBJECTID":"197","SITE_NUMBER":"MS-1081","AUTHORIZATION_TYPE":"Q09","AUTHORIZATION_HOLDER":"Martial Power","AUTHORIZATION_EXPIRY_DATE":"March 31, 2027","CULTIVATION_METHOD":"Bottom culture,Off-bottom culture,Suspended culture","SPECIES_CODE_DESCRIPTION":"2: American oyster"},"id":197},{"type":"Feature","geometry":{"type":"Polygon","coordinates":[[[-65.0590538822736,47.2533808490481],[-65.06056132408433,47.254317275773275],[-65.0613539369211,47.253832389384876],[-65.05983352896324,47.25288681488922],[-65.0590538822736,47.2533808490481]]]},"properties":{"SIZE_HA":"1.21","OBJECTID":"199","SITE_NUMBER":"MS-0632","AUTHORIZATION_TYPE":"Q09","AUTHORIZATION_HOLDER":"Sebastian Savoie","AUTHORIZATION_EXPIRY_DATE":"March 31, 2027","CULTIVATION_METHOD":"Bottom culture","SPECIES_CODE_DESCRIPTION":"2: American oyster"},"id":199},{"type":"Feature","geometry":{"type":"Polygon","coordinates":[[[-65.05889843097678,47.25226636791638],[-65.05709834393974,47.2533833764043],[-65.0577237004632,47.25420084401155],[-65.05826125550145,47.25386571960794],[-65.0590538822736,47.2533808490481],[-65.05983352896324,47.25288681488922],[-65.05995739986548,47.25281558457407],[-65.05889843097678,47.25226636791638]]]},"properties":{"SIZE_HA":"2.10","OBJECTID":"202","SITE_NUMBER":"MS-0772","AUTHORIZATION_TYPE":"Q09","AUTHORIZATION_HOLDER":"Sebastian Savoie","AUTHORIZATION_EXPIRY_DATE":"March 31, 2027","CULTIVATION_METHOD":"Bottom culture","SPECIES_CODE_DESCRIPTION":"2: American oyster"},"id":202},{"type":"Feature","geometry":{"type":"Polygon","coordinates":[[[-64.84022433337978,47.7485367777526],[-64.83946259918051,47.750668532380956],[-64.84396035051209,47.74905624478949],[-64.84519448150562,47.74723172539799],[-64.84022433337978,47.7485367777526]]]},"properties":{"SIZE_HA":"6.60","OBJECTID":"206","SITE_NUMBER":"MS-1120","AUTHORIZATION_TYPE":"Q09","AUTHORIZATION_HOLDER":"L'ETANG RUISSEAU BAR LIMITEE","AUTHORIZATION_EXPIRY_DATE":"March 27, 2027","CULTIVATION_METHOD":"Bottom culture,Off-bottom culture,Suspended culture","SPECIES_CODE_DESCRIPTION":"2: American oyster"},"id":206},{"type":"Feature","geometry":{"type":"Polygon","coordinates":[[[-64.82190323613449,47.74986198815544],[-64.82376377182511,47.75049156893515],[-64.82521002836505,47.75072835392898],[-64.82532667622777,47.75041521873304],[-64.8269218903023,47.74595880553801],[-64.82547575631774,47.74572204226365],[-64.82500806039734,47.7470105481388],[-64.82314763184193,47.746380987212675],[-64.8227238694824,47.74754419124934],[-64.82190323613449,47.74986198815544]]]},"properties":{"SIZE_HA":"12.15","OBJECTID":"208","SITE_NUMBER":"MS-1219","AUTHORIZATION_TYPE":"Q09","AUTHORIZATION_HOLDER":"L'ETANG RUISSEAU BAR LIMITEE","AUTHORIZATION_EXPIRY_DATE":"March 31, 2027","CULTIVATION_METHOD":"Bottom culture,Off-bottom culture,Suspended culture","SPECIES_CODE_DESCRIPTION":"2: American oyster,8: Bay scallop"},"id":208},{"type":"Feature","geometry":{"type":"Polygon","coordinates":[[[-64.79478710439818,47.75196678800385],[-64.79551211438005,47.75305684225375],[-64.79996989052465,47.751728102934585],[-64.79924480587076,47.750638075573576],[-64.79478710439818,47.75196678800385]]]},"properties":{"SIZE_HA":"4.86","OBJECTID":"210","SITE_NUMBER":"MS-1017","AUTHORIZATION_TYPE":"Q09","AUTHORIZATION_HOLDER":"L'ETANG RUISSEAU BAR LIMITEE","AUTHORIZATION_EXPIRY_DATE":"March 31, 2027","CULTIVATION_METHOD":"Bottom culture,Off-bottom culture,Suspended culture","SPECIES_CODE_DESCRIPTION":"2: American oyster"},"id":210},{"type":"Feature","geometry":{"type":"Polygon","coordinates":[[[-65.07801771399575,47.23039759186],[-65.07848780142594,47.23109608722447],[-65.08007039384043,47.23068378597195],[-65.07960028922467,47.229985296887754],[-65.07801771399575,47.23039759186]]]},"properties":{"SIZE_HA":"1.09","OBJECTID":"212","SITE_NUMBER":"MS-0770","AUTHORIZATION_TYPE":"Q09","AUTHORIZATION_HOLDER":"Mélodia Benoit et Sébastien Benoit","AUTHORIZATION_EXPIRY_DATE":"March 31, 2027","CULTIVATION_METHOD":"Bottom culture","SPECIES_CODE_DESCRIPTION":"2: American oyster,7: Bar clam,34: Quahog,52: Soft shell clam"},"id":212},{"type":"Feature","geometry":{"type":"Polygon","coordinates":[[[-64.67002226512398,47.867969295174824],[-64.67048805814046,47.86831672964944],[-64.67336830365477,47.86588900417229],[-64.67209514403679,47.864485028491075],[-64.66886328161408,47.867087519922315],[-64.67002226512398,47.867969295174824]]]},"properties":{"SIZE_HA":"6.38","OBJECTID":"214","SITE_NUMBER":"MS-1379","AUTHORIZATION_TYPE":"Q09","AUTHORIZATION_HOLDER":"Jean-Baptiste Savoie","AUTHORIZATION_EXPIRY_DATE":"March 31, 2027","CULTIVATION_METHOD":"Bottom culture","SPECIES_CODE_DESCRIPTION":"2: American oyster,7: Bar clam,34: Quahog"},"id":214},{"type":"Feature","geometry":{"type":"Polygon","coordinates":[[[-64.95827377080828,47.320914850272054],[-64.95881207521487,47.32105698277512],[-64.95822701598853,47.322074704809054],[-64.95985519734248,47.32250127208788],[-64.96042700580796,47.32148336527823],[-64.96154203363285,47.319519129174715],[-64.96017399606653,47.31924898903084],[-64.95931910958281,47.31907564698271],[-64.95827377080828,47.320914850272054]]]},"properties":{"SIZE_HA":"5.58","OBJECTID":"216","SITE_NUMBER":"MS-1269","AUTHORIZATION_TYPE":"Q09","AUTHORIZATION_HOLDER":"Jean-Claude Breau","AUTHORIZATION_EXPIRY_DATE":"March 31, 2027","CULTIVATION_METHOD":"Bottom culture","SPECIES_CODE_DESCRIPTION":"2: American oyster"},"id":216},{"type":"Feature","geometry":{"type":"Polygon","coordinates":[[[-65.03484824703344,47.80051936343939],[-65.03590443625606,47.8014231516867],[-65.03717837643012,47.80073766189873],[-65.0339962974108,47.79803512455762],[-65.0327223820422,47.79872058021037],[-65.03484824703344,47.80051936343939]]]},"properties":{"SIZE_HA":"4.86","OBJECTID":"218","SITE_NUMBER":"MS-0373","AUTHORIZATION_TYPE":"Q09","AUTHORIZATION_HOLDER":"Pêcheries Germain Landry Inc.","AUTHORIZATION_EXPIRY_DATE":"March 31, 2027","CULTIVATION_METHOD":"Bottom culture","SPECIES_CODE_DESCRIPTION":"2: American oyster"},"id":218},{"type":"Feature","geometry":{"type":"Polygon","coordinates":[[[-64.72303792381227,47.76119721988462],[-64.72377702207848,47.76143342296394],[-64.72472943480892,47.76008977030587],[-64.72399035094098,47.759853573279784],[-64.72303792381227,47.76119721988462]]]},"properties":{"SIZE_HA":"1.01","OBJECTID":"220","SITE_NUMBER":"MS-0695","AUTHORIZATION_TYPE":"Q09","AUTHORIZATION_HOLDER":"Michel Savoie","AUTHORIZATION_EXPIRY_DATE":"March 31, 2027","CULTIVATION_METHOD":"Bottom culture","SPECIES_CODE_DESCRIPTION":"2: American oyster"},"id":220},{"type":"Feature","geometry":{"type":"Polygon","coordinates":[[[-64.61121331566268,46.36699704219399],[-64.6066437255569,46.366941620792446],[-64.60660860064105,46.36832507526092],[-64.6111795343937,46.36837880954888],[-64.61121331566268,46.36699704219399]]]},"properties":{"SIZE_HA":"5.41","OBJECTID":"222","SITE_NUMBER":"MS-1357","AUTHORIZATION_TYPE":"Q09","AUTHORIZATION_HOLDER":"Cocagne Aquaculture Inc.","AUTHORIZATION_EXPIRY_DATE":"March 31, 2028","CULTIVATION_METHOD":"Bottom culture,Cage Culture,Not Applicable,Off-bottom culture","SPECIES_CODE_DESCRIPTION":"2: American oyster"},"id":222},{"type":"Feature","geometry":{"type":"Polygon","coordinates":[[[-64.55514563591277,46.286640917519804],[-64.55238513311657,46.28589077827316],[-64.55144917801961,46.28754564827813],[-64.55130412689483,46.28770820447787],[-64.55411252227147,46.28847160366796],[-64.55514563591277,46.286640917519804]]]},"properties":{"SIZE_HA":"5.00","OBJECTID":"223","SITE_NUMBER":"MS-1360","AUTHORIZATION_TYPE":"Q09","AUTHORIZATION_HOLDER":"David Richard","AUTHORIZATION_EXPIRY_DATE":"March 31, 2028","CULTIVATION_METHOD":"Bottom culture,Off-bottom culture,Suspended culture","SPECIES_CODE_DESCRIPTION":"2: American oyster"},"id":223},{"type":"Feature","geometry":{"type":"Polygon","coordinates":[[[-64.60127402903923,46.373095441602246],[-64.60125053287608,46.37397859935143],[-64.60451205734957,46.374023777401675],[-64.60453550091766,46.37314061859203],[-64.60127402903923,46.373095441602246]]]},"properties":{"SIZE_HA":"2.46","OBJECTID":"224","SITE_NUMBER":"MS-1405","AUTHORIZATION_TYPE":"Q09","AUTHORIZATION_HOLDER":"Melanson Oyster Growers Inc.","AUTHORIZATION_EXPIRY_DATE":"March 31, 2028","CULTIVATION_METHOD":"Bottom culture,Off-bottom culture,Suspended culture","SPECIES_CODE_DESCRIPTION":"2: American oyster"},"id":224},{"type":"Feature","geometry":{"type":"Polygon","coordinates":[[[-64.55284085399391,46.284731625059095],[-64.55175999077257,46.284437820134144],[-64.55103494852096,46.28457724386924],[-64.54953595158597,46.2872275277711],[-64.55130412689483,46.28770820447787],[-64.55144917801961,46.28754564827813],[-64.55238513311657,46.28589077827316],[-64.55221184261785,46.28584363753362],[-64.55284085399391,46.284731625059095]]]},"properties":{"SIZE_HA":"5.00","OBJECTID":"226","SITE_NUMBER":"MS-1355","AUTHORIZATION_TYPE":"Q09","AUTHORIZATION_HOLDER":"ANCHOROCK ENTERPRISE INC.","AUTHORIZATION_EXPIRY_DATE":"March 31, 2043","CULTIVATION_METHOD":"Bottom culture,Off-bottom culture,Suspended culture","SPECIES_CODE_DESCRIPTION":"2: American oyster"},"id":226},{"type":"Feature","geometry":{"type":"Polygon","coordinates":[[[-64.66155448040323,46.487397899710665],[-64.66103664090367,46.48603778730613],[-64.65703758516827,46.48676415456205],[-64.65755546151524,46.488124286328144],[-64.66155448040323,46.487397899710665]]]},"properties":{"SIZE_HA":"4.96","OBJECTID":"227","SITE_NUMBER":"MS-1382","AUTHORIZATION_TYPE":"Q09","AUTHORIZATION_HOLDER":"LeBlanc Oyster Bay Ltd.","AUTHORIZATION_EXPIRY_DATE":"March 31, 2028","CULTIVATION_METHOD":"Bottom culture,Off-bottom culture,Suspended culture","SPECIES_CODE_DESCRIPTION":"2: American oyster"},"id":227},{"type":"Feature","geometry":{"type":"Polygon","coordinates":[[[-64.60472351827129,46.366049526497285],[-64.60146246861501,46.366004358015225],[-64.60144648391486,46.366607522521775],[-64.60470756947993,46.36665269172625],[-64.60472351827129,46.366049526497285]]]},"properties":{"SIZE_HA":"1.68","OBJECTID":"228","SITE_NUMBER":"MS-1406","AUTHORIZATION_TYPE":"Q09","AUTHORIZATION_HOLDER":"M & R Oyster Farm Inc.","AUTHORIZATION_EXPIRY_DATE":"March 31, 2028","CULTIVATION_METHOD":"Bottom culture,Off-bottom culture,Suspended culture","SPECIES_CODE_DESCRIPTION":"2: American oyster"},"id":228},{"type":"Feature","geometry":{"type":"Polygon","coordinates":[[[-64.61123052721659,46.366148062730204],[-64.60666514018631,46.36609343092044],[-64.6066437255569,46.366941620792446],[-64.61121331566268,46.36699704219399],[-64.61123052721659,46.366148062730204]]]},"properties":{"SIZE_HA":"3.32","OBJECTID":"230","SITE_NUMBER":"MS-1361","AUTHORIZATION_TYPE":"Q09","AUTHORIZATION_HOLDER":"M & R Oyster Farm Inc.","AUTHORIZATION_EXPIRY_DATE":"March 31, 2028","CULTIVATION_METHOD":"Bottom culture,Off-bottom culture,Suspended culture","SPECIES_CODE_DESCRIPTION":"2: American oyster"},"id":230},{"type":"Feature","geometry":{"type":"Polygon","coordinates":[[[-64.59374144268915,46.36745783251241],[-64.5943874303329,46.365820561367435],[-64.59106362963452,46.365197342401416],[-64.59041755364962,46.36683450427249],[-64.59374144268915,46.36745783251241]]]},"properties":{"SIZE_HA":"5.00","OBJECTID":"231","SITE_NUMBER":"MS-1380","AUTHORIZATION_TYPE":"Q09","AUTHORIZATION_HOLDER":"Southeast Aquaculture Sud-Est Inc.","AUTHORIZATION_EXPIRY_DATE":"March 31, 2028","CULTIVATION_METHOD":"Bottom culture,Off-bottom culture,Suspended culture","SPECIES_CODE_DESCRIPTION":"2: American oyster"},"id":231},{"type":"Feature","geometry":{"type":"Polygon","coordinates":[[[-64.66207234827243,46.48875791970823],[-64.66155448040323,46.487397899710665],[-64.65755546151524,46.488124286328144],[-64.65807323603347,46.48948432358987],[-64.66207234827243,46.48875791970823]]]},"properties":{"SIZE_HA":"4.96","OBJECTID":"236","SITE_NUMBER":"MS-1383","AUTHORIZATION_TYPE":"Q09","AUTHORIZATION_HOLDER":"Norm's Oyster Farm Ltd.","AUTHORIZATION_EXPIRY_DATE":"March 31, 2028","CULTIVATION_METHOD":"Bottom culture,Off-bottom culture,Suspended culture","SPECIES_CODE_DESCRIPTION":"2: American oyster"},"id":236},{"type":"Feature","geometry":{"type":"Polygon","coordinates":[[[-64.55608765161769,46.284965244813286],[-64.55315664467608,46.28416839564624],[-64.5522015821988,46.285843822331145],[-64.55514563591277,46.286640917519804],[-64.55608765161769,46.284965244813286]]]},"properties":{"SIZE_HA":"4.86","OBJECTID":"239","SITE_NUMBER":"MS-0967","AUTHORIZATION_TYPE":"Q09","AUTHORIZATION_HOLDER":"ANCHOROCK ENTERPRISE INC.","AUTHORIZATION_EXPIRY_DATE":"March 31, 2043","CULTIVATION_METHOD":"Bottom culture,Off-bottom culture,Suspended culture","SPECIES_CODE_DESCRIPTION":"2: American oyster"},"id":239},{"type":"Feature","geometry":{"type":"Polygon","coordinates":[[[-64.52971779677239,47.86752488161172],[-64.53117608851754,47.86820626322982],[-64.53210551590338,47.867304544594646],[-64.5306472367538,47.8666231745164],[-64.5299536681049,47.86729501767529],[-64.52971779677239,47.86752488161172]]]},"properties":{"SIZE_HA":"1.62","OBJECTID":"240","SITE_NUMBER":"MS-0276","AUTHORIZATION_TYPE":"Q09","AUTHORIZATION_HOLDER":"Luc Bussière","AUTHORIZATION_EXPIRY_DATE":"March 31, 2028","CULTIVATION_METHOD":"Bottom culture","SPECIES_CODE_DESCRIPTION":"2: American oyster"},"id":240},{"type":"Feature","geometry":{"type":"Polygon","coordinates":[[[-64.65807323603347,46.48948432358987],[-64.65755546151524,46.488124286328144],[-64.65355620792732,46.48885053012808],[-64.65407388908191,46.49021058465008],[-64.65807323603347,46.48948432358987]]]},"properties":{"SIZE_HA":"4.96","OBJECTID":"242","SITE_NUMBER":"MS-1384","AUTHORIZATION_TYPE":"Q09","AUTHORIZATION_HOLDER":"ALLAIN AQUACULTURE INC.","AUTHORIZATION_EXPIRY_DATE":"March 31, 2028","CULTIVATION_METHOD":"Bottom culture,Off-bottom culture,Suspended culture","SPECIES_CODE_DESCRIPTION":"2: American oyster"},"id":242},{"type":"Feature","geometry":{"type":"Polygon","coordinates":[[[-64.75267058664096,47.75384008646044],[-64.75326642403262,47.75196012325398],[-64.75168685972332,47.75172942221911],[-64.75107793545585,47.75360018546922],[-64.75267058664096,47.75384008646044]]]},"properties":{"SIZE_HA":"2.42","OBJECTID":"244","SITE_NUMBER":"MS-1402","AUTHORIZATION_TYPE":"Q09","AUTHORIZATION_HOLDER":"Hugues Chiasson","AUTHORIZATION_EXPIRY_DATE":"March 31, 2028","CULTIVATION_METHOD":"Bottom culture","SPECIES_CODE_DESCRIPTION":"2: American oyster"},"id":244},{"type":"Feature","geometry":{"type":"Polygon","coordinates":[[[-64.7752536500762,47.711302207200475],[-64.77598995007129,47.71211966512174],[-64.77802780572722,47.71128959517466],[-64.78203719936336,47.70965463076843],[-64.78067234379009,47.70915611425933],[-64.7752536500762,47.711302207200475]]]},"properties":{"SIZE_HA":"5.14","OBJECTID":"246","SITE_NUMBER":"MS-1075","AUTHORIZATION_TYPE":"Q09","AUTHORIZATION_HOLDER":"L'ETANG RUISSEAU BAR LIMITEE","AUTHORIZATION_EXPIRY_DATE":"March 31, 2028","CULTIVATION_METHOD":"Bottom culture,Off-bottom culture,Suspended culture","SPECIES_CODE_DESCRIPTION":"2: American oyster"},"id":246},{"type":"Feature","geometry":{"type":"Polygon","coordinates":[[[-64.77598627399908,47.712122039085365],[-64.77738093667985,47.71364370230291],[-64.77973777160354,47.71268269943324],[-64.77806843012927,47.71132303102037],[-64.77802780572722,47.71128959517466],[-64.77598627399908,47.712122039085365]]]},"properties":{"SIZE_HA":"3.84","OBJECTID":"248","SITE_NUMBER":"MS-1076","AUTHORIZATION_TYPE":"Q09","AUTHORIZATION_HOLDER":"L'ETANG RUISSEAU BAR LIMITEE","AUTHORIZATION_EXPIRY_DATE":"March 31, 2028","CULTIVATION_METHOD":"Bottom culture,Off-bottom culture,Suspended culture","SPECIES_CODE_DESCRIPTION":"2: American oyster"},"id":248},{"type":"Feature","geometry":{"type":"Polygon","coordinates":[[[-64.60448992970782,46.375368033235276],[-64.60453010225113,46.3740995730246],[-64.60126771595239,46.37404538285047],[-64.60122863724884,46.37531386079496],[-64.60448992970782,46.375368033235276]]]},"properties":{"SIZE_HA":"3.42","OBJECTID":"250","SITE_NUMBER":"MS-1347","AUTHORIZATION_TYPE":"Q09","AUTHORIZATION_HOLDER":"Jean-Marc Poirier","AUTHORIZATION_EXPIRY_DATE":"March 31, 2028","CULTIVATION_METHOD":"Bottom culture,Off-bottom culture,Suspended culture","SPECIES_CODE_DESCRIPTION":"2: American oyster,9: Blue mussel,34: Quahog"},"id":250},{"type":"Feature","geometry":{"type":"Polygon","coordinates":[[[-64.58455269832353,46.33817012360394],[-64.58378265278994,46.336447590320596],[-64.58053204511904,46.337144713500926],[-64.58130200068138,46.3388671778913],[-64.58455269832353,46.33817012360394]]]},"properties":{"SIZE_HA":"5.25","OBJECTID":"252","SITE_NUMBER":"MS-1381","AUTHORIZATION_TYPE":"Q09","AUTHORIZATION_HOLDER":"King Aquaculture Inc.","AUTHORIZATION_EXPIRY_DATE":"March 31, 2028","CULTIVATION_METHOD":"Bottom culture,Off-bottom culture,Suspended culture","SPECIES_CODE_DESCRIPTION":"2: American oyster"},"id":252},{"type":"Feature","geometry":{"type":"Polygon","coordinates":[[[-64.66103664090367,46.48603778730613],[-64.66051882674161,46.484677672427345],[-64.65651986131837,46.4854041123529],[-64.65703758516827,46.48676415456205],[-64.66103664090367,46.48603778730613]]]},"properties":{"SIZE_HA":"4.96","OBJECTID":"254","SITE_NUMBER":"MS-1393","AUTHORIZATION_TYPE":"Q09","AUTHORIZATION_HOLDER":"Buctouche MicMac Band","AUTHORIZATION_EXPIRY_DATE":"March 31, 2028","CULTIVATION_METHOD":"Bottom culture,Off-bottom culture,Suspended culture","SPECIES_CODE_DESCRIPTION":"2: American oyster"},"id":254},{"type":"Feature","geometry":{"type":"Polygon","coordinates":[[[-64.96089447066444,47.34338120333639],[-64.96033427250364,47.34256859619209],[-64.95591870341245,47.34397151676347],[-64.95689029989578,47.34465291012749],[-64.96089447066444,47.34338120333639]]]},"properties":{"SIZE_HA":"3.50","OBJECTID":"256","SITE_NUMBER":"MS-1221","AUTHORIZATION_TYPE":"Q11","AUTHORIZATION_HOLDER":"Everard Thibodeau","AUTHORIZATION_EXPIRY_DATE":"March 31, 2023","CULTIVATION_METHOD":"Bottom culture,Off-bottom culture,Suspended culture","SPECIES_CODE_DESCRIPTION":"2: American oyster"},"id":256},{"type":"Feature","geometry":{"type":"Polygon","coordinates":[[[-64.80619284204569,46.700346888263354],[-64.80682925336714,46.69843531616306],[-64.80277647793778,46.69779664143601],[-64.80359974072573,46.69532397574078],[-64.80281793854452,46.695200739710124],[-64.80135807298005,46.69958485416843],[-64.80619284204569,46.700346888263354]]]},"properties":{"SIZE_HA":"10.00","OBJECTID":"259","SITE_NUMBER":"MS-1387","AUTHORIZATION_TYPE":"Q09","AUTHORIZATION_HOLDER":"Indian Island First Nation","AUTHORIZATION_EXPIRY_DATE":"March 31, 2028","CULTIVATION_METHOD":"Bottom culture,Off-bottom culture,Suspended culture","SPECIES_CODE_DESCRIPTION":"2: American oyster"},"id":259},{"type":"Feature","geometry":{"type":"Polygon","coordinates":[[[-65.06974544413124,47.24918808467862],[-65.06991928472773,47.24905566109454],[-65.06980044296786,47.24666376401994],[-65.07004766211439,47.246360966335196],[-65.06642067334141,47.24498945002072],[-65.0645886235871,47.24723796798995],[-65.06974544413124,47.24918808467862]]]},"properties":{"SIZE_HA":"10.80","OBJECTID":"260","SITE_NUMBER":"MS-1412","AUTHORIZATION_TYPE":"Q09","AUTHORIZATION_HOLDER":"Archie Allain","AUTHORIZATION_EXPIRY_DATE":"March 31, 2028","CULTIVATION_METHOD":"Bottom culture,Off-bottom culture,Suspended culture","SPECIES_CODE_DESCRIPTION":"2: American oyster,7: Bar clam"},"id":260},{"type":"Feature","geometry":{"type":"Polygon","coordinates":[[[-64.96033427250364,47.34256859619209],[-64.96089447066444,47.34338120333639],[-64.96110271539803,47.344557496123386],[-64.96123676872203,47.34531017148821],[-64.964086960703,47.34507448991373],[-64.96336284852913,47.34437189525158],[-64.9622365031744,47.34327135476185],[-64.96283872290475,47.34247649484008],[-64.96243132545871,47.341903875025785],[-64.96033427250364,47.34256859619209]]]},"properties":{"SIZE_HA":"5.36","OBJECTID":"262","SITE_NUMBER":"MS-1365","AUTHORIZATION_TYPE":"Q09","AUTHORIZATION_HOLDER":"Les Huîtres Maroma Inc.","AUTHORIZATION_EXPIRY_DATE":"March 31, 2028","CULTIVATION_METHOD":"Bottom culture,Off-bottom culture,Suspended culture","SPECIES_CODE_DESCRIPTION":"2: American oyster"},"id":262},{"type":"Feature","geometry":{"type":"Polygon","coordinates":[[[-64.8841762184194,47.560815450985004],[-64.88268442136123,47.5613613093961],[-64.8842973409493,47.56338082715247],[-64.88578917879666,47.56283494855234],[-64.8841762184194,47.560815450985004]]]},"properties":{"SIZE_HA":"3.24","OBJECTID":"264","SITE_NUMBER":"MS-0522","AUTHORIZATION_TYPE":"Q09","AUTHORIZATION_HOLDER":"Anthony McGraw","AUTHORIZATION_EXPIRY_DATE":"March 31, 2028","CULTIVATION_METHOD":"Bottom culture,Off-bottom culture,Suspended culture","SPECIES_CODE_DESCRIPTION":"2: American oyster"},"id":264},{"type":"Feature","geometry":{"type":"Polygon","coordinates":[[[-65.06974544413124,47.24918808467862],[-65.0645886235871,47.24723796798995],[-65.06376758740203,47.24824456197612],[-65.068236511326,47.24993419384059],[-65.06875865858798,47.24947963222088],[-65.06915628309319,47.249629404417135],[-65.06974544413124,47.24918808467862]]]},"properties":{"SIZE_HA":"5.32","OBJECTID":"266","SITE_NUMBER":"MS-1413","AUTHORIZATION_TYPE":"Q09","AUTHORIZATION_HOLDER":"Les Huîtres de Néguac Ltée / Neguac Oysters Ltd.","AUTHORIZATION_EXPIRY_DATE":"March 31, 2028","CULTIVATION_METHOD":"Bottom culture,Off-bottom culture,Suspended culture","SPECIES_CODE_DESCRIPTION":"2: American oyster,7: Bar clam"},"id":266},{"type":"Feature","geometry":{"type":"Polygon","coordinates":[[[-64.54092319064847,47.91367826015864],[-64.54254775924379,47.91388555628484],[-64.54413189229632,47.914101143135355],[-64.54448230978716,47.91295571606566],[-64.54288483884588,47.91273990875092],[-64.54126030423451,47.9125326174963],[-64.54092319064847,47.91367826015864]]]},"properties":{"SIZE_HA":"3.24","OBJECTID":"268","SITE_NUMBER":"MS-0046","AUTHORIZATION_TYPE":"Q09","AUTHORIZATION_HOLDER":"Mario Duguay","AUTHORIZATION_EXPIRY_DATE":"March 31, 2028","CULTIVATION_METHOD":"Bottom culture","SPECIES_CODE_DESCRIPTION":"2: American oyster"},"id":268},{"type":"Feature","geometry":{"type":"Polygon","coordinates":[[[-65.07546172474386,47.23561972100287],[-65.07473567764838,47.23362261803887],[-65.07371685930761,47.233690978792666],[-65.07345902310259,47.232959107356244],[-65.07045564743551,47.233155790931775],[-65.070972928778,47.234556594518594],[-65.07396317789224,47.23435973459192],[-65.07420974236565,47.235019496689006],[-65.07321754420924,47.235079186452836],[-65.0734638627276,47.235747943054875],[-65.07546172474386,47.23561972100287]]]},"properties":{"SIZE_HA":"5.94","OBJECTID":"270","SITE_NUMBER":"MS-1372","AUTHORIZATION_TYPE":"Q09","AUTHORIZATION_HOLDER":"Gilles Allain","AUTHORIZATION_EXPIRY_DATE":"March 31, 2028","CULTIVATION_METHOD":"Bottom culture","SPECIES_CODE_DESCRIPTION":"2: American oyster"},"id":270},{"type":"Feature","geometry":{"type":"Polygon","coordinates":[[[-64.82228227890663,46.710970838935246],[-64.81967590183892,46.71112079430648],[-64.81987195623842,46.71273431254724],[-64.82247854118691,46.71258435518617],[-64.82228227890663,46.710970838935246]]]},"properties":{"SIZE_HA":"3.60","OBJECTID":"272","SITE_NUMBER":"MS-1327","AUTHORIZATION_TYPE":"Q09","AUTHORIZATION_HOLDER":"Indian Island First Nation","AUTHORIZATION_EXPIRY_DATE":"March 31, 2028","CULTIVATION_METHOD":"Bottom culture,Off-bottom culture,Suspended culture","SPECIES_CODE_DESCRIPTION":"2: American oyster"},"id":272},{"type":"Feature","geometry":{"type":"Polygon","coordinates":[[[-64.80227345453986,46.691054333548074],[-64.80093239057592,46.69003572589317],[-64.79835901599695,46.6907893260697],[-64.79970004965492,46.691807963486234],[-64.80227345453986,46.691054333548074]]]},"properties":{"SIZE_HA":"3.24","OBJECTID":"275","SITE_NUMBER":"MS-0172","AUTHORIZATION_TYPE":"Q09","AUTHORIZATION_HOLDER":"Indian Island First Nation","AUTHORIZATION_EXPIRY_DATE":"March 31, 2028","CULTIVATION_METHOD":"Bottom culture","SPECIES_CODE_DESCRIPTION":"2: American oyster"},"id":275},{"type":"Feature","geometry":{"type":"Polygon","coordinates":[[[-64.55033204196488,47.868574658806466],[-64.55153007982068,47.86871171455248],[-64.55272812411766,47.86884875796946],[-64.55286761680262,47.86760980199382],[-64.55302945524343,47.86612835770528],[-64.55244365528176,47.866064558111816],[-64.55183147201934,47.8659913176997],[-64.55064685422566,47.86585448978123],[-64.55033204196488,47.868574658806466]]]},"properties":{"SIZE_HA":"5.55","OBJECTID":"276","SITE_NUMBER":"MS-0114","AUTHORIZATION_TYPE":"Q09","AUTHORIZATION_HOLDER":"Sylvain Larocque et Marilyn Larocque","AUTHORIZATION_EXPIRY_DATE":"March 31, 2028","CULTIVATION_METHOD":"Bottom culture,Off-bottom culture,Suspended culture","SPECIES_CODE_DESCRIPTION":"2: American oyster,8: Bay scallop"},"id":276},{"type":"Feature","geometry":{"type":"Polygon","coordinates":[[[-65.04928395617273,47.17520788813499],[-65.04606345726233,47.17768622388101],[-65.0471183967292,47.17868012372798],[-65.0503518531497,47.17621091838651],[-65.04928395617273,47.17520788813499]]]},"properties":{"SIZE_HA":"4.86","OBJECTID":"278","SITE_NUMBER":"MS-1018","AUTHORIZATION_TYPE":"Q09","AUTHORIZATION_HOLDER":"Gilles Allain","AUTHORIZATION_EXPIRY_DATE":"March 31, 2028","CULTIVATION_METHOD":"Bottom culture,Off-bottom culture,Suspended culture","SPECIES_CODE_DESCRIPTION":"2: American oyster,34: Quahog"},"id":278},{"type":"Feature","geometry":{"type":"Polygon","coordinates":[[[-65.0215628150034,47.2717708111654],[-65.02154910460139,47.27178862739291],[-65.02275421470958,47.27218190663324],[-65.02415632507152,47.27022973515405],[-65.02364552377166,47.27006126721559],[-65.0229512483287,47.26983647053444],[-65.0215628150034,47.2717708111654]]]},"properties":{"SIZE_HA":"2.43","OBJECTID":"280","SITE_NUMBER":"MS-0083","AUTHORIZATION_TYPE":"Q09","AUTHORIZATION_HOLDER":"Philippe Breau","AUTHORIZATION_EXPIRY_DATE":"March 31, 2028","CULTIVATION_METHOD":"Bottom culture","SPECIES_CODE_DESCRIPTION":"2: American oyster"},"id":280},{"type":"Feature","geometry":{"type":"Polygon","coordinates":[[[-65.05709426100174,47.25500260879543],[-65.05786007859534,47.25600175344579],[-65.05870678852168,47.25547258181856],[-65.0577237004632,47.25420084401155],[-65.05709834393974,47.2533833764043],[-65.0562516515736,47.25391253663211],[-65.05709426100174,47.25500260879543]]]},"properties":{"SIZE_HA":"2.19","OBJECTID":"281","SITE_NUMBER":"MS-0028","AUTHORIZATION_TYPE":"Q09","AUTHORIZATION_HOLDER":"Philippe Breau","AUTHORIZATION_EXPIRY_DATE":"March 31, 2028","CULTIVATION_METHOD":"Bottom culture,Off-bottom culture,Suspended culture","SPECIES_CODE_DESCRIPTION":"2: American oyster"},"id":281},{"type":"Feature","geometry":{"type":"Polygon","coordinates":[[[-64.7821128670698,47.71891193502182],[-64.78220077246914,47.71944628447774],[-64.7848892113583,47.71941001591328],[-64.7847934427319,47.718870694988794],[-64.7821128670698,47.71891193502182]]]},"properties":{"SIZE_HA":"1.21","OBJECTID":"286","SITE_NUMBER":"MS-0480","AUTHORIZATION_TYPE":"Q09","AUTHORIZATION_HOLDER":"R.M.L. PECHE LTEE","AUTHORIZATION_EXPIRY_DATE":"March 31, 2029","CULTIVATION_METHOD":"Bottom culture","SPECIES_CODE_DESCRIPTION":"2: American oyster"},"id":286},{"type":"Feature","geometry":{"type":"Polygon","coordinates":[[[-64.81310306192194,46.696009967631625],[-64.81419240566724,46.69419949635046],[-64.81175556694996,46.69350679962538],[-64.81021129858392,46.69354702062919],[-64.80937000342665,46.6949472276457],[-64.81310306192194,46.696009967631625]]]},"properties":{"SIZE_HA":"6.48","OBJECTID":"288","SITE_NUMBER":"MS-1353","AUTHORIZATION_TYPE":"Q09","AUTHORIZATION_HOLDER":"La Maison Beausoleil (2010) Inc.","AUTHORIZATION_EXPIRY_DATE":"March 31, 2029","CULTIVATION_METHOD":"Bottom culture,Off-bottom culture,Suspended culture","SPECIES_CODE_DESCRIPTION":"2: American oyster"},"id":288},{"type":"Feature","geometry":{"type":"Polygon","coordinates":[[[-64.53210551590338,47.867304544594646],[-64.53506092217418,47.86870386567446],[-64.53653146482849,47.86727157769878],[-64.53372300082019,47.86480438454492],[-64.53286892778972,47.8640523234412],[-64.53035872905346,47.86647435874718],[-64.5306472367538,47.8666231745164],[-64.53210551590338,47.867304544594646]]]},"properties":{"SIZE_HA":"11.86","OBJECTID":"289","SITE_NUMBER":"MS-0634","AUTHORIZATION_TYPE":"Q09","AUTHORIZATION_HOLDER":"Eric Larocque","AUTHORIZATION_EXPIRY_DATE":"March 31, 2029","CULTIVATION_METHOD":"Bottom culture","SPECIES_CODE_DESCRIPTION":"2: American oyster"},"id":289},{"type":"Feature","geometry":{"type":"Polygon","coordinates":[[[-64.60443261389854,46.377022417644916],[-64.60448931905951,46.37538565986011],[-64.60122802555114,46.37533148739459],[-64.60117122294423,46.37696824283827],[-64.60443261389854,46.377022417644916]]]},"properties":{"SIZE_HA":"4.46","OBJECTID":"291","SITE_NUMBER":"MS-1338","AUTHORIZATION_TYPE":"Q09","AUTHORIZATION_HOLDER":"Benic Oysters Inc.","AUTHORIZATION_EXPIRY_DATE":"March 31, 2029","CULTIVATION_METHOD":"Bottom culture,Off-bottom culture,Suspended culture","SPECIES_CODE_DESCRIPTION":"2: American oyster,34: Quahog,52: Soft shell clam"},"id":291},{"type":"Feature","geometry":{"type":"Polygon","coordinates":[[[-64.66928129191801,46.495166375750536],[-64.66754675198959,46.495243241415416],[-64.66809732981513,46.4965941265672],[-64.66983179694743,46.49651680112799],[-64.66928129191801,46.495166375750536]]]},"properties":{"SIZE_HA":"2.03","OBJECTID":"293","SITE_NUMBER":"MS-1377","AUTHORIZATION_TYPE":"Q09","AUTHORIZATION_HOLDER":"King Aquaculture Inc.","AUTHORIZATION_EXPIRY_DATE":"March 31, 2029","CULTIVATION_METHOD":"Bottom culture,Off-bottom culture,Suspended culture","SPECIES_CODE_DESCRIPTION":"2: American oyster"},"id":293},{"type":"Feature","geometry":{"type":"Polygon","coordinates":[[[-64.85481651514955,47.584878816265274],[-64.85956501376243,47.585090082005834],[-64.85981707890781,47.58382441223403],[-64.85506868976887,47.58361324735876],[-64.85481651514955,47.584878816265274]]]},"properties":{"SIZE_HA":"5.07","OBJECTID":"295","SITE_NUMBER":"MS-1158","AUTHORIZATION_TYPE":"Q09","AUTHORIZATION_HOLDER":"Sonia Losier","AUTHORIZATION_EXPIRY_DATE":"March 31, 2029","CULTIVATION_METHOD":"Bottom culture,Off-bottom culture,Suspended culture","SPECIES_CODE_DESCRIPTION":"2: American oyster"},"id":295},{"type":"Feature","geometry":{"type":"Polygon","coordinates":[[[-64.86003210990998,46.704366028088245],[-64.8604657839438,46.70246305979967],[-64.85568943043482,46.70193125816732],[-64.85510721581278,46.70440557712069],[-64.86003210990998,46.704366028088245]]]},"properties":{"SIZE_HA":"9.07","OBJECTID":"297","SITE_NUMBER":"MS-1352","AUTHORIZATION_TYPE":"Q09","AUTHORIZATION_HOLDER":"La Maison Beausoleil (2010) Inc.","AUTHORIZATION_EXPIRY_DATE":"March 31, 2029","CULTIVATION_METHOD":"Bottom culture,Off-bottom culture,Suspended culture","SPECIES_CODE_DESCRIPTION":"2: American oyster"},"id":297},{"type":"Feature","geometry":{"type":"Polygon","coordinates":[[[-64.88010284949658,46.71943425375138],[-64.87917748669783,46.72106769945124],[-64.8762729615814,46.72107157908747],[-64.87491572339384,46.71703049684659],[-64.87362693751342,46.71812789819028],[-64.87494568167952,46.72214145735164],[-64.87667273769229,46.722138936553925],[-64.88029685978506,46.72213621930841],[-64.88159542970108,46.719833229110385],[-64.88010284949658,46.71943425375138]]]},"properties":{"SIZE_HA":"12.29","OBJECTID":"298","SITE_NUMBER":"MS-0825","AUTHORIZATION_TYPE":"Q09","AUTHORIZATION_HOLDER":"La Maison Beausoleil (2010) Inc.","AUTHORIZATION_EXPIRY_DATE":"March 31, 2029","CULTIVATION_METHOD":"Bottom culture,Off-bottom culture,Suspended culture","SPECIES_CODE_DESCRIPTION":"2: American oyster"},"id":298},{"type":"Feature","geometry":{"type":"Polygon","coordinates":[[[-64.82335963799646,46.69723182842922],[-64.82310966205917,46.69598183260759],[-64.81680422670702,46.69653739230395],[-64.8170540595522,46.69778740079558],[-64.82335963799646,46.69723182842922]]]},"properties":{"SIZE_HA":"6.79","OBJECTID":"300","SITE_NUMBER":"MS-1394","AUTHORIZATION_TYPE":"Q09","AUTHORIZATION_HOLDER":"Huîtres Aquador Inc./ Aquador Oysters Inc.","AUTHORIZATION_EXPIRY_DATE":"March 31, 2029","CULTIVATION_METHOD":"Bottom culture,Off-bottom culture,Suspended culture","SPECIES_CODE_DESCRIPTION":"2: American oyster"},"id":300},{"type":"Feature","geometry":{"type":"Polygon","coordinates":[[[-64.90273483381873,47.54971909126318],[-64.90206171310882,47.54883373054244],[-64.89741625896109,47.55006316610502],[-64.89837110162004,47.55131901842325],[-64.90273483381873,47.54971909126318]]]},"properties":{"SIZE_HA":"5.00","OBJECTID":"301","SITE_NUMBER":"MS-1404","AUTHORIZATION_TYPE":"Q09","AUTHORIZATION_HOLDER":"Serge Thomas et Jessey Thomas","AUTHORIZATION_EXPIRY_DATE":"March 31, 2029","CULTIVATION_METHOD":"Bottom culture,Off-bottom culture,Suspended culture","SPECIES_CODE_DESCRIPTION":"2: American oyster"},"id":301},{"type":"Feature","geometry":{"type":"Polygon","coordinates":[[[-64.90206171310882,47.54883373054244],[-64.90043026904243,47.54669374797015],[-64.8967199022817,47.547673329762944],[-64.89834914367044,47.54981630290581],[-64.90206171310882,47.54883373054244]]]},"properties":{"SIZE_HA":"8.00","OBJECTID":"303","SITE_NUMBER":"MS-1403","AUTHORIZATION_TYPE":"Q09","AUTHORIZATION_HOLDER":"Yves Arseneau","AUTHORIZATION_EXPIRY_DATE":"March 31, 2029","CULTIVATION_METHOD":"Bottom culture,Off-bottom culture,Suspended culture","SPECIES_CODE_DESCRIPTION":"2: American oyster"},"id":303},{"type":"Feature","geometry":{"type":"Polygon","coordinates":[[[-64.82256497067682,46.69361038785499],[-64.8222918928683,46.69449552677996],[-64.8238777328062,46.6944688872867],[-64.82415078465579,46.69358374440772],[-64.82256497067682,46.69361038785499]]]},"properties":{"SIZE_HA":"1.19","OBJECTID":"305","SITE_NUMBER":"MS-1399","AUTHORIZATION_TYPE":"Q09","AUTHORIZATION_HOLDER":"Jean-Marc Poirier","AUTHORIZATION_EXPIRY_DATE":"March 31, 2029","CULTIVATION_METHOD":"Bottom culture,Off-bottom culture,Suspended culture","SPECIES_CODE_DESCRIPTION":"2: American oyster,34: Quahog"},"id":305},{"type":"Feature","geometry":{"type":"Polygon","coordinates":[[[-64.60997638536196,46.37098597146566],[-64.60654215423,46.37094429352018],[-64.60650317304426,46.37248407452794],[-64.60910845076214,46.372515630575265],[-64.60997638536196,46.37098597146566]]]},"properties":{"SIZE_HA":"3.97","OBJECTID":"306","SITE_NUMBER":"MS-1391","AUTHORIZATION_TYPE":"Q09","AUTHORIZATION_HOLDER":"M Poirier Aquaculture Inc.\r\n","AUTHORIZATION_EXPIRY_DATE":"March 31, 2029","CULTIVATION_METHOD":"Bottom culture,Off-bottom culture,Suspended culture","SPECIES_CODE_DESCRIPTION":"2: American oyster"},"id":306},{"type":"Feature","geometry":{"type":"Polygon","coordinates":[[[-64.61186764220204,46.37254742221986],[-64.61273952536074,46.37101411876801],[-64.60997156271547,46.370986341572255],[-64.60911259535244,46.37251983843306],[-64.61186764220204,46.37254742221986]]]},"properties":{"SIZE_HA":"3.64","OBJECTID":"308","SITE_NUMBER":"MS-1283","AUTHORIZATION_TYPE":"Q09","AUTHORIZATION_HOLDER":"Allain Oyster Grow Ltd.","AUTHORIZATION_EXPIRY_DATE":"March 31, 2029","CULTIVATION_METHOD":"Bottom culture,Off-bottom culture,Suspended culture","SPECIES_CODE_DESCRIPTION":"2: American oyster,7: Bar clam,9: Blue mussel,15: Deep-Sea scallop,34: Quahog"},"id":308},{"type":"Feature","geometry":{"type":"Polygon","coordinates":[[[-64.60430042867615,46.38233824333934],[-64.60429678313628,46.38206823270309],[-64.6010238247483,46.38240979154599],[-64.6010376678392,46.382688970300514],[-64.60430042867615,46.38233824333934]]]},"properties":{"SIZE_HA":"0.76","OBJECTID":"310","SITE_NUMBER":"MS-1339","AUTHORIZATION_TYPE":"Q09","AUTHORIZATION_HOLDER":"Paul Martin","AUTHORIZATION_EXPIRY_DATE":"March 31, 2029","CULTIVATION_METHOD":"Bottom culture,Off-bottom culture,Suspended culture","SPECIES_CODE_DESCRIPTION":"2: American oyster"},"id":310},{"type":"Feature","geometry":{"type":"Polygon","coordinates":[[[-64.52856681468832,47.86862970144331],[-64.53002512170575,47.86931109735246],[-64.53117608851754,47.86820626322982],[-64.52971779677239,47.86752488161172],[-64.52856681468832,47.86862970144331]]]},"properties":{"SIZE_HA":"2.02","OBJECTID":"311","SITE_NUMBER":"MS-0277","AUTHORIZATION_TYPE":"Q09","AUTHORIZATION_HOLDER":"Nicolas Filiatrault","AUTHORIZATION_EXPIRY_DATE":"March 31, 2029","CULTIVATION_METHOD":"Bottom culture","SPECIES_CODE_DESCRIPTION":"2: American oyster"},"id":311},{"type":"Feature","geometry":{"type":"Polygon","coordinates":[[[-64.75813129217313,47.772244962464676],[-64.74419496223919,47.77963542223822],[-64.74519385179968,47.78049606615937],[-64.75912997561255,47.773114479653465],[-64.75813129217313,47.772244962464676]]]},"properties":{"SIZE_HA":"16.22","OBJECTID":"313","SITE_NUMBER":"MS-0917","AUTHORIZATION_TYPE":"Q09","AUTHORIZATION_HOLDER":"L2 - Recherche & Production Aquacole Inc.","AUTHORIZATION_EXPIRY_DATE":"March 31, 2029","CULTIVATION_METHOD":"Suspended culture","SPECIES_CODE_DESCRIPTION":"2: American oyster,9: Blue mussel"},"id":313},{"type":"Feature","geometry":{"type":"Polygon","coordinates":[[[-64.94112365355862,47.366611903663156],[-64.94081156621453,47.36512795772652],[-64.93783102079763,47.364444897835796],[-64.93747505853813,47.36696603006354],[-64.94112365355862,47.366611903663156]]]},"properties":{"SIZE_HA":"5.58","OBJECTID":"315","SITE_NUMBER":"MS-1416","AUTHORIZATION_TYPE":"Q09","AUTHORIZATION_HOLDER":"Noël Benoît et Stéphanie Vienneau","AUTHORIZATION_EXPIRY_DATE":"March 31, 2029","CULTIVATION_METHOD":"Bottom culture,Off-bottom culture,Suspended culture","SPECIES_CODE_DESCRIPTION":"2: American oyster,8: Bay scallop"},"id":315},{"type":"Feature","geometry":{"type":"Polygon","coordinates":[[[-65.059054615429,47.25337815940673],[-65.05864674940565,47.25363259554491],[-65.0601043261824,47.25460528835157],[-65.06056458985351,47.25431866595421],[-65.059054615429,47.25337815940673]]]},"properties":{"SIZE_HA":"0.69","OBJECTID":"317","SITE_NUMBER":"MS-0819","AUTHORIZATION_TYPE":"Q09","AUTHORIZATION_HOLDER":"Philippe Levesque Allain","AUTHORIZATION_EXPIRY_DATE":"March 31, 2029","CULTIVATION_METHOD":"Bottom culture,Off-bottom culture,Suspended culture","SPECIES_CODE_DESCRIPTION":"2: American oyster"},"id":317},{"type":"Feature","geometry":{"type":"Polygon","coordinates":[[[-64.82233970960432,46.69434047947346],[-64.81596587298317,46.6944472724545],[-64.81582702438739,46.69489717856465],[-64.82220091404157,46.694790393663915],[-64.82233970960432,46.69434047947346]]]},"properties":{"SIZE_HA":"2.37","OBJECTID":"319","SITE_NUMBER":"MS-1414","AUTHORIZATION_TYPE":"Q09","AUTHORIZATION_HOLDER":"Huîtres Aquador Inc./ Aquador Oysters Inc.","AUTHORIZATION_EXPIRY_DATE":"March 31, 2029","CULTIVATION_METHOD":"Bottom culture,Off-bottom culture,Suspended culture","SPECIES_CODE_DESCRIPTION":"2: American oyster"},"id":319},{"type":"Feature","geometry":{"type":"Polygon","coordinates":[[[-65.00308690856761,47.77665603575517],[-65.00768906401335,47.77777537204049],[-65.00874618291341,47.7756586146917],[-65.00635569252762,47.775259065134215],[-65.00403524992784,47.774743440525626],[-65.00308690856761,47.77665603575517]]]},"properties":{"SIZE_HA":"8.33","OBJECTID":"322","SITE_NUMBER":"MS-0225","AUTHORIZATION_TYPE":"Q09","AUTHORIZATION_HOLDER":"Denis Doiron","AUTHORIZATION_EXPIRY_DATE":"March 31, 2029","CULTIVATION_METHOD":"Bottom culture,Off-bottom culture,Suspended culture","SPECIES_CODE_DESCRIPTION":"2: American oyster,7: Bar clam,34: Quahog,52: Soft shell clam"},"id":322},{"type":"Feature","geometry":{"type":"Polygon","coordinates":[[[-64.54862829294852,46.29069597505405],[-64.54927754099077,46.28996019684213],[-64.54298927570336,46.28611812744186],[-64.5407514798107,46.28844634613295],[-64.54862829294852,46.29069597505405]]]},"properties":{"SIZE_HA":"13.10","OBJECTID":"324","SITE_NUMBER":"MS-0737","AUTHORIZATION_TYPE":"Q09","AUTHORIZATION_HOLDER":"Maurice Daigle","AUTHORIZATION_EXPIRY_DATE":"March 31, 2029","CULTIVATION_METHOD":"Bottom culture,Off-bottom culture,Suspended culture","SPECIES_CODE_DESCRIPTION":"2: American oyster,7: Bar clam,9: Blue mussel,34: Quahog"},"id":324},{"type":"Feature","geometry":{"type":"Polygon","coordinates":[[[-64.52722165793702,47.86992010279959],[-64.5286525880446,47.870619039915766],[-64.53002512170575,47.86931109735246],[-64.52856681468832,47.86862970144331],[-64.52722165793702,47.86992010279959]]]},"properties":{"SIZE_HA":"2.43","OBJECTID":"327","SITE_NUMBER":"MS-0630","AUTHORIZATION_TYPE":"Q09","AUTHORIZATION_HOLDER":"Dave Hébert","AUTHORIZATION_EXPIRY_DATE":"March 31, 2029","CULTIVATION_METHOD":"Bottom culture","SPECIES_CODE_DESCRIPTION":"2: American oyster"},"id":327},{"type":"Feature","geometry":{"type":"Polygon","coordinates":[[[-64.67137463150857,46.49794230288144],[-64.66871477919595,46.49805747560072],[-64.67007077795736,46.50115265382929],[-64.67166039141463,46.50107820037751],[-64.67137463150857,46.49794230288144]]]},"properties":{"SIZE_HA":"5.73","OBJECTID":"328","SITE_NUMBER":"MS-1407","AUTHORIZATION_TYPE":"Q09","AUTHORIZATION_HOLDER":"Acadian Bay Sea Products Inc.","AUTHORIZATION_EXPIRY_DATE":"March 31, 2029","CULTIVATION_METHOD":"Bottom culture,Off-bottom culture,Suspended culture","SPECIES_CODE_DESCRIPTION":"2: American oyster"},"id":328},{"type":"Feature","geometry":{"type":"Polygon","coordinates":[[[-64.67420509859048,46.50096588865918],[-64.67390617001308,46.49782978845765],[-64.67137463150857,46.49794230288144],[-64.67166039141463,46.50107820037751],[-64.67420509859048,46.50096588865918]]]},"properties":{"SIZE_HA":"6.80","OBJECTID":"330","SITE_NUMBER":"MS-1194","AUTHORIZATION_TYPE":"Q09","AUTHORIZATION_HOLDER":"Acadian Bay Sea Products Inc.","AUTHORIZATION_EXPIRY_DATE":"March 31, 2029","CULTIVATION_METHOD":"Bottom culture,Off-bottom culture,Suspended culture","SPECIES_CODE_DESCRIPTION":"2: American oyster,8: Bay scallop"},"id":330},{"type":"Feature","geometry":{"type":"Polygon","coordinates":[[[-64.6526206914923,46.460361630837205],[-64.65152313416128,46.45970501885783],[-64.65021154561671,46.46075458321634],[-64.65130910788727,46.461411207711194],[-64.6526206914923,46.460361630837205]]]},"properties":{"SIZE_HA":"1.70","OBJECTID":"333","SITE_NUMBER":"MS-1367","AUTHORIZATION_TYPE":"Q09","AUTHORIZATION_HOLDER":"Acadian Bay Sea Products Inc.","AUTHORIZATION_EXPIRY_DATE":"March 31, 2029","CULTIVATION_METHOD":"Bottom culture,Off-bottom culture,Suspended culture","SPECIES_CODE_DESCRIPTION":"2: American oyster,7: Bar clam,34: Quahog"},"id":333},{"type":"Feature","geometry":{"type":"Polygon","coordinates":[[[-64.57780679921215,46.35110293558199],[-64.5775423489291,46.34864191450968],[-64.57449618671677,46.348797549272],[-64.57476050061678,46.351258576298086],[-64.57780679921215,46.35110293558199]]]},"properties":{"SIZE_HA":"6.47","OBJECTID":"335","SITE_NUMBER":"MS-1344","AUTHORIZATION_TYPE":"Q09","AUTHORIZATION_HOLDER":"Acadian Bay Sea Products Inc.","AUTHORIZATION_EXPIRY_DATE":"March 31, 2029","CULTIVATION_METHOD":"Bottom culture,Off-bottom culture,Suspended culture","SPECIES_CODE_DESCRIPTION":"2: American oyster,34: Quahog"},"id":335},{"type":"Feature","geometry":{"type":"Polygon","coordinates":[[[-65.08067589780651,47.22976465107971],[-65.0811460146167,47.23046313588618],[-65.0822213881818,47.230251468818146],[-65.08209484710298,47.2300430028565],[-65.08387398845359,47.22968704396067],[-65.08401397629407,47.22988667711157],[-65.08482385037524,47.22972569981633],[-65.08479887349569,47.22967141681341],[-65.08605631095962,47.2290661234999],[-65.08545055234292,47.22850093477376],[-65.08436713207573,47.229018398684204],[-65.08067589780651,47.22976465107971]]]},"properties":{"SIZE_HA":"3.00","OBJECTID":"337","SITE_NUMBER":"MS-1214","AUTHORIZATION_TYPE":"Q09","AUTHORIZATION_HOLDER":"Roger Rousselle","AUTHORIZATION_EXPIRY_DATE":"March 31, 2029","CULTIVATION_METHOD":"Bottom culture,Off-bottom culture,Suspended culture","SPECIES_CODE_DESCRIPTION":"2: American oyster"},"id":337},{"type":"Feature","geometry":{"type":"Polygon","coordinates":[[[-65.07719210899779,47.23511932488232],[-65.07675307089139,47.23573463119337],[-65.07884776805982,47.23643518196928],[-65.0789853064807,47.2362299688875],[-65.07928678800064,47.23581986770311],[-65.07719210899779,47.23511932488232]]]},"properties":{"SIZE_HA":"1.34","OBJECTID":"339","SITE_NUMBER":"MS-0076","AUTHORIZATION_TYPE":"Q09","AUTHORIZATION_HOLDER":"Roger Rousselle","AUTHORIZATION_EXPIRY_DATE":"March 31, 2029","CULTIVATION_METHOD":"Bottom culture","SPECIES_CODE_DESCRIPTION":"2: American oyster"},"id":339},{"type":"Feature","geometry":{"type":"Polygon","coordinates":[[[-64.80529967162866,46.70258855875103],[-64.80602404757421,46.7004125047368],[-64.80211077085903,46.69979584439146],[-64.80138611895345,46.7019717810846],[-64.80529967162866,46.70258855875103]]]},"properties":{"SIZE_HA":"7.62","OBJECTID":"341","SITE_NUMBER":"MS-1351","AUTHORIZATION_TYPE":"Q09","AUTHORIZATION_HOLDER":"King Aquaculture Inc.","AUTHORIZATION_EXPIRY_DATE":"March 31, 2029","CULTIVATION_METHOD":"Bottom culture,Off-bottom culture,Suspended culture","SPECIES_CODE_DESCRIPTION":"2: American oyster"},"id":341},{"type":"Feature","geometry":{"type":"Polygon","coordinates":[[[-64.80815845640413,46.692284064785525],[-64.80545868126326,46.690804561896876],[-64.80254172964267,46.691256254530494],[-64.80715158403055,46.69396073571574],[-64.80815845640413,46.692284064785525]]]},"properties":{"SIZE_HA":"6.79","OBJECTID":"343","SITE_NUMBER":"MS-0740","AUTHORIZATION_TYPE":"Q09","AUTHORIZATION_HOLDER":"Indian Island First Nation","AUTHORIZATION_EXPIRY_DATE":"March 31, 2029","CULTIVATION_METHOD":"Bottom culture","SPECIES_CODE_DESCRIPTION":"2: American oyster"},"id":343},{"type":"Feature","geometry":{"type":"Polygon","coordinates":[[[-64.6737009521931,47.86319465333786],[-64.67539167267358,47.86506903596377],[-64.67699241022576,47.86378042526858],[-64.67529903190777,47.8619089916689],[-64.6737009521931,47.86319465333786]]]},"properties":{"SIZE_HA":"4.31","OBJECTID":"345","SITE_NUMBER":"MS-1425","AUTHORIZATION_TYPE":"Q09","AUTHORIZATION_HOLDER":"Albenie Dugas","AUTHORIZATION_EXPIRY_DATE":"March 31, 2029","CULTIVATION_METHOD":"Bottom culture","SPECIES_CODE_DESCRIPTION":"2: American oyster"},"id":345},{"type":"Feature","geometry":{"type":"Polygon","coordinates":[[[-64.6737009521931,47.86319465333786],[-64.67210028626481,47.86448322059827],[-64.67379099007351,47.86635762551939],[-64.67539167267358,47.86506903596377],[-64.6737009521931,47.86319465333786]]]},"properties":{"SIZE_HA":"4.31","OBJECTID":"347","SITE_NUMBER":"MS-1426","AUTHORIZATION_TYPE":"Q09","AUTHORIZATION_HOLDER":"Succession Alma Dugas","AUTHORIZATION_EXPIRY_DATE":"March 31, 2029","CULTIVATION_METHOD":"Bottom culture","SPECIES_CODE_DESCRIPTION":"2: American oyster"},"id":347},{"type":"Feature","geometry":{"type":"Polygon","coordinates":[[[-65.07908425070448,47.23449495267884],[-65.07850794180632,47.23530648610941],[-65.0794375270161,47.235614816787816],[-65.07993497518468,47.235782875693715],[-65.08052447145623,47.23497149776775],[-65.07908425070448,47.23449495267884]]]},"properties":{"SIZE_HA":"1.21","OBJECTID":"349","SITE_NUMBER":"MS-0514","AUTHORIZATION_TYPE":"Q09","AUTHORIZATION_HOLDER":"Roger Rousselle","AUTHORIZATION_EXPIRY_DATE":"March 31, 2030","CULTIVATION_METHOD":"Bottom culture,Off-bottom culture,Suspended culture","SPECIES_CODE_DESCRIPTION":"2: American oyster"},"id":349},{"type":"Feature","geometry":{"type":"Polygon","coordinates":[[[-64.66097064020344,46.493815133409726],[-64.66013731381352,46.49164848394706],[-64.65497069241057,46.49256510602983],[-64.65580395667004,46.49473179350347],[-64.66097064020344,46.493815133409726]]]},"properties":{"SIZE_HA":"10.25","OBJECTID":"351","SITE_NUMBER":"MS-1321","AUTHORIZATION_TYPE":"Q09","AUTHORIZATION_HOLDER":"Acadian Bay Sea Products Inc.","AUTHORIZATION_EXPIRY_DATE":"March 31, 2029","CULTIVATION_METHOD":"Bottom culture,Off-bottom culture,Suspended culture","SPECIES_CODE_DESCRIPTION":"2: American oyster,8: Bay scallop,9: Blue mussel,34: Quahog"},"id":351},{"type":"Feature","geometry":{"type":"Polygon","coordinates":[[[-65.04391240153818,47.2596767236677],[-65.04485218358407,47.261559761341395],[-65.0469665379336,47.261073656708646],[-65.04603989907467,47.25919080224002],[-65.04391240153818,47.2596767236677]]]},"properties":{"SIZE_HA":"3.72","OBJECTID":"354","SITE_NUMBER":"MS-1159","AUTHORIZATION_TYPE":"Q09","AUTHORIZATION_HOLDER":"Patrick LeBreton","AUTHORIZATION_EXPIRY_DATE":"March 31, 2030","CULTIVATION_METHOD":"Bottom culture,Off-bottom culture,Suspended culture","SPECIES_CODE_DESCRIPTION":"2: American oyster,34: Quahog"},"id":354},{"type":"Feature","geometry":{"type":"Polygon","coordinates":[[[-64.90841059915633,46.728441296109885],[-64.90794806829734,46.728596825917975],[-64.90831483059301,46.7294746630436],[-64.90879018343932,46.729328307072564],[-64.90841059915633,46.728441296109885]]]},"properties":{"SIZE_HA":"0.40","OBJECTID":"356","SITE_NUMBER":"MS-0152","AUTHORIZATION_TYPE":"Q09","AUTHORIZATION_HOLDER":"Huîtres Aquador Inc./ Aquador Oysters Inc.","AUTHORIZATION_EXPIRY_DATE":"March 31, 2030","CULTIVATION_METHOD":"Bottom culture,Off-bottom culture,Suspended culture","SPECIES_CODE_DESCRIPTION":"2: American oyster"},"id":356},{"type":"Feature","geometry":{"type":"Polygon","coordinates":[[[-64.87491572339384,46.71703049684659],[-64.87527821869219,46.71672072580251],[-64.87475893999581,46.716587399918076],[-64.87310764954822,46.71799456480427],[-64.87362693751342,46.71812789819028],[-64.87491572339384,46.71703049684659]]]},"properties":{"SIZE_HA":"0.81","OBJECTID":"358","SITE_NUMBER":"MS-0579","AUTHORIZATION_TYPE":"Q09","AUTHORIZATION_HOLDER":"Huîtres Aquador Inc./ Aquador Oysters Inc.","AUTHORIZATION_EXPIRY_DATE":"March 31, 2030","CULTIVATION_METHOD":"Bottom culture,Off-bottom culture,Suspended culture","SPECIES_CODE_DESCRIPTION":"2: American oyster"},"id":358},{"type":"Feature","geometry":{"type":"Polygon","coordinates":[[[-64.8737655232112,46.716342525450195],[-64.87272469191127,46.716065028260445],[-64.87103730492662,46.71745320655033],[-64.87207815393586,46.71773071909664],[-64.8737655232112,46.716342525450195]]]},"properties":{"SIZE_HA":"1.62","OBJECTID":"360","SITE_NUMBER":"MS-0168","AUTHORIZATION_TYPE":"Q09","AUTHORIZATION_HOLDER":"Huîtres Aquador Inc./ Aquador Oysters Inc.","AUTHORIZATION_EXPIRY_DATE":"March 31, 2030","CULTIVATION_METHOD":"Bottom culture,Off-bottom culture,Suspended culture","SPECIES_CODE_DESCRIPTION":"2: American oyster"},"id":360},{"type":"Feature","geometry":{"type":"Polygon","coordinates":[[[-64.85868133746784,46.71053694710297],[-64.85764380205,46.710675041049214],[-64.85849615641872,46.71319754251078],[-64.85897155145152,46.71521078204752],[-64.8599565951597,46.71508092191398],[-64.85868133746784,46.71053694710297]]]},"properties":{"SIZE_HA":"3.83","OBJECTID":"362","SITE_NUMBER":"MS-1244","AUTHORIZATION_TYPE":"Q09","AUTHORIZATION_HOLDER":"Huîtres Aquador Inc./ Aquador Oysters Inc.","AUTHORIZATION_EXPIRY_DATE":"March 31, 2030","CULTIVATION_METHOD":"Bottom culture,Off-bottom culture,Suspended culture","SPECIES_CODE_DESCRIPTION":"2: American oyster"},"id":362},{"type":"Feature","geometry":{"type":"Polygon","coordinates":[[[-64.95602671753457,47.322674994476195],[-64.95926988199403,47.32352799148498],[-64.95985519734248,47.32250127208788],[-64.95822701598853,47.322074704809054],[-64.95659886092375,47.32164811465042],[-64.95602671753457,47.322674994476195]]]},"properties":{"SIZE_HA":"3.24","OBJECTID":"366","SITE_NUMBER":"MS-0080","AUTHORIZATION_TYPE":"Q09","AUTHORIZATION_HOLDER":"Livain Benoit et Alberto Benoit","AUTHORIZATION_EXPIRY_DATE":"March 31, 2030","CULTIVATION_METHOD":"Bottom culture,Off-bottom culture,Suspended culture","SPECIES_CODE_DESCRIPTION":"2: American oyster,7: Bar clam"},"id":366},{"type":"Feature","geometry":{"type":"Polygon","coordinates":[[[-64.95462736288876,47.32348388586178],[-64.95868480377202,47.324545714981795],[-64.95926988199403,47.32352799148498],[-64.95602671753457,47.322674994476195],[-64.95521276680232,47.32245719052761],[-64.95462736288876,47.32348388586178]]]},"properties":{"SIZE_HA":"4.05","OBJECTID":"368","SITE_NUMBER":"MS-0860","AUTHORIZATION_TYPE":"Q09","AUTHORIZATION_HOLDER":"Martin Thibodeau","AUTHORIZATION_EXPIRY_DATE":"March 31, 2030","CULTIVATION_METHOD":"Bottom culture,Off-bottom culture,Suspended culture","SPECIES_CODE_DESCRIPTION":"2: American oyster"},"id":368},{"type":"Feature","geometry":{"type":"Polygon","coordinates":[[[-64.80587852302043,47.749167689094755],[-64.80467238439206,47.74934794024282],[-64.8034546428198,47.74947403957319],[-64.80415634473039,47.75087852008414],[-64.80538773750838,47.750743617882925],[-64.80658317194901,47.75056949916874],[-64.80587852302043,47.749167689094755]]]},"properties":{"SIZE_HA":"3.00","OBJECTID":"370","SITE_NUMBER":"MS-1015","AUTHORIZATION_TYPE":"Q09","AUTHORIZATION_HOLDER":"R.M.L. PECHE LTEE","AUTHORIZATION_EXPIRY_DATE":"March 31, 2031","CULTIVATION_METHOD":"Bottom culture,Off-bottom culture,Suspended culture","SPECIES_CODE_DESCRIPTION":"2: American oyster"},"id":370},{"type":"Feature","geometry":{"type":"Polygon","coordinates":[[[-64.80073964085908,47.75019226629064],[-64.80145141916901,47.7512820892595],[-64.80368699674845,47.75061322792639],[-64.80297518087156,47.74952341818606],[-64.80073964085908,47.75019226629064]]]},"properties":{"SIZE_HA":"2.43","OBJECTID":"372","SITE_NUMBER":"MS-1016","AUTHORIZATION_TYPE":"Q09","AUTHORIZATION_HOLDER":"R.M.L. PECHE LTEE","AUTHORIZATION_EXPIRY_DATE":"March 31, 2031","CULTIVATION_METHOD":"Bottom culture,Off-bottom culture,Suspended culture","SPECIES_CODE_DESCRIPTION":"2: American oyster"},"id":372},{"type":"Feature","geometry":{"type":"Polygon","coordinates":[[[-64.8211070911023,47.7497335245255],[-64.82190323613449,47.74986198815544],[-64.8227238694824,47.74754419124934],[-64.82194108780509,47.74741592636856],[-64.8211070911023,47.7497335245255]]]},"properties":{"SIZE_HA":"1.62","OBJECTID":"374","SITE_NUMBER":"MS-1370","AUTHORIZATION_TYPE":"Q09","AUTHORIZATION_HOLDER":"R.M.L. PECHE LTEE","AUTHORIZATION_EXPIRY_DATE":"March 31, 2031","CULTIVATION_METHOD":"Bottom culture,Off-bottom culture,Suspended culture","SPECIES_CODE_DESCRIPTION":"2: American oyster"},"id":374},{"type":"Feature","geometry":{"type":"Polygon","coordinates":[[[-64.75395290599477,47.75499277741914],[-64.75554591037557,47.75522364866069],[-64.7555909651777,47.75507141239452],[-64.75602102762804,47.753764619400414],[-64.75522439576723,47.75365368509154],[-64.7544280650733,47.75353375483939],[-64.75395290599477,47.75499277741914]]]},"properties":{"SIZE_HA":"3.24","OBJECTID":"375","SITE_NUMBER":"MS-0509","AUTHORIZATION_TYPE":"Q09","AUTHORIZATION_HOLDER":"André Robichaud","AUTHORIZATION_EXPIRY_DATE":"March 31, 2030","CULTIVATION_METHOD":"Bottom culture","SPECIES_CODE_DESCRIPTION":"2: American oyster"},"id":375},{"type":"Feature","geometry":{"type":"Polygon","coordinates":[[[-64.8946981267457,47.54038183799214],[-64.89449093453878,47.53898529857437],[-64.89028854726386,47.53927355730034],[-64.89049576250441,47.54067010529744],[-64.8946981267457,47.54038183799214]]]},"properties":{"SIZE_HA":"4.97","OBJECTID":"377","SITE_NUMBER":"MS-1408","AUTHORIZATION_TYPE":"Q09","AUTHORIZATION_HOLDER":"Lawrence Bulger et Nathalie Bulger","AUTHORIZATION_EXPIRY_DATE":"March 31, 2030","CULTIVATION_METHOD":"Bottom culture,Off-bottom culture,Suspended culture","SPECIES_CODE_DESCRIPTION":"2: American oyster,34: Quahog"},"id":377},{"type":"Feature","geometry":{"type":"Polygon","coordinates":[[[-64.93747505853813,47.36696603006354],[-64.93779437588468,47.368485076596286],[-64.94144307044348,47.368131030791375],[-64.94112365355862,47.366611903663156],[-64.93747505853813,47.36696603006354]]]},"properties":{"SIZE_HA":"3.56","OBJECTID":"379","SITE_NUMBER":"MS-1415","AUTHORIZATION_TYPE":"Q09","AUTHORIZATION_HOLDER":"Bruno Benoit","AUTHORIZATION_EXPIRY_DATE":"March 31, 2030","CULTIVATION_METHOD":"Suspended culture","SPECIES_CODE_DESCRIPTION":"2: American oyster,8: Bay scallop"},"id":379},{"type":"Feature","geometry":{"type":"Polygon","coordinates":[[[-64.94176524838073,47.36431429724015],[-64.94201873244216,47.36379595887574],[-64.93951869742082,47.36322243028677],[-64.9392571613645,47.36374371312121],[-64.94176524838073,47.36431429724015]]]},"properties":{"SIZE_HA":"1.22","OBJECTID":"381","SITE_NUMBER":"MS-1421","AUTHORIZATION_TYPE":"Q09","AUTHORIZATION_HOLDER":"Allison Thibodeau","AUTHORIZATION_EXPIRY_DATE":"March 31, 2030","CULTIVATION_METHOD":"Bottom culture,Off-bottom culture,Suspended culture","SPECIES_CODE_DESCRIPTION":"2: American oyster"},"id":381},{"type":"Feature","geometry":{"type":"Polygon","coordinates":[[[-64.94201873244216,47.36379595887574],[-64.94228155305728,47.36327963506181],[-64.93977297359244,47.362704736979985],[-64.93951869742082,47.36322243028677],[-64.94201873244216,47.36379595887574]]]},"properties":{"SIZE_HA":"1.22","OBJECTID":"383","SITE_NUMBER":"MS-1422","AUTHORIZATION_TYPE":"Q09","AUTHORIZATION_HOLDER":"Martial Thibodeau","AUTHORIZATION_EXPIRY_DATE":"March 31, 2030","CULTIVATION_METHOD":"Bottom culture,Off-bottom culture,Suspended culture","SPECIES_CODE_DESCRIPTION":"2: American oyster"},"id":383},{"type":"Feature","geometry":{"type":"Polygon","coordinates":[[[-64.83047444063517,46.6935440571821],[-64.83004337374388,46.692403547413],[-64.82419191057106,46.6934503725364],[-64.82462286216702,46.69459090331972],[-64.83047444063517,46.6935440571821]]]},"properties":{"SIZE_HA":"6.06","OBJECTID":"385","SITE_NUMBER":"MS-1429","AUTHORIZATION_TYPE":"Q09","AUTHORIZATION_HOLDER":"Elsipogtog First Nation","AUTHORIZATION_EXPIRY_DATE":"March 31, 2031","CULTIVATION_METHOD":"Bottom culture,Off-bottom culture,Suspended culture","SPECIES_CODE_DESCRIPTION":"2: American oyster"},"id":385},{"type":"Feature","geometry":{"type":"Polygon","coordinates":[[[-64.60553716460281,46.38755080029046],[-64.60422647057827,46.38484755156411],[-64.6009635593898,46.38519827514312],[-64.60227441173565,46.387892566857694],[-64.60553716460281,46.38755080029046]]]},"properties":{"SIZE_HA":"8.11","OBJECTID":"387","SITE_NUMBER":"MS-1342","AUTHORIZATION_TYPE":"Q09","AUTHORIZATION_HOLDER":"R & D Shellfish Ltd.","AUTHORIZATION_EXPIRY_DATE":"March 31, 2030","CULTIVATION_METHOD":"Bottom culture,Off-bottom culture,Suspended culture","SPECIES_CODE_DESCRIPTION":"2: American oyster,34: Quahog"},"id":387},{"type":"Feature","geometry":{"type":"Polygon","coordinates":[[[-64.95226380873035,47.3342653343211],[-64.95469347634604,47.33490063002546],[-64.9552787466002,47.3338829310426],[-64.95462205630207,47.33371221002183],[-64.95515232103043,47.332765742121936],[-64.9533796702586,47.33229219552901],[-64.95226380873035,47.3342653343211]]]},"properties":{"SIZE_HA":"4.01","OBJECTID":"389","SITE_NUMBER":"MS-0511","AUTHORIZATION_TYPE":"Q09","AUTHORIZATION_HOLDER":"Pierre Mallais","AUTHORIZATION_EXPIRY_DATE":"March 31, 2030","CULTIVATION_METHOD":"Bottom culture,Off-bottom culture,Suspended culture","SPECIES_CODE_DESCRIPTION":"2: American oyster"},"id":389},{"type":"Feature","geometry":{"type":"Polygon","coordinates":[[[-64.81908114622505,47.749294891715806],[-64.81975779871696,47.74740165399211],[-64.81808685920377,47.74714633787728],[-64.80631933972704,47.74697091787931],[-64.80626227890673,47.74892962586844],[-64.8177850869594,47.7490970887842],[-64.81908114622505,47.749294891715806]]]},"properties":{"SIZE_HA":"21.48","OBJECTID":"391","SITE_NUMBER":"MS-1417","AUTHORIZATION_TYPE":"Q09","AUTHORIZATION_HOLDER":"L'ETANG RUISSEAU BAR LIMITEE","AUTHORIZATION_EXPIRY_DATE":"March 31, 2030","CULTIVATION_METHOD":"Bottom culture,Off-bottom culture,Suspended culture","SPECIES_CODE_DESCRIPTION":"2: American oyster"},"id":391},{"type":"Feature","geometry":{"type":"Polygon","coordinates":[[[-64.9414550853263,47.36309026884356],[-64.94228155305728,47.36327963506181],[-64.94291590999312,47.36200124569825],[-64.94040791552389,47.361426278726896],[-64.93977297359244,47.362704736979985],[-64.9414550853263,47.36309026884356]]]},"properties":{"SIZE_HA":"7.50","OBJECTID":"393","SITE_NUMBER":"MS-1181","AUTHORIZATION_TYPE":"Q09","AUTHORIZATION_HOLDER":"Cléo Rousselle et Jean-Paul Benoît","AUTHORIZATION_EXPIRY_DATE":"March 31, 2030","CULTIVATION_METHOD":"Bottom culture,Off-bottom culture,Suspended culture","SPECIES_CODE_DESCRIPTION":"2: American oyster"},"id":393},{"type":"Feature","geometry":{"type":"Polygon","coordinates":[[[-64.58130200068138,46.3388671778913],[-64.58053204511904,46.337144713500926],[-64.57728135920168,46.33784165350115],[-64.57805121848129,46.33956422885755],[-64.58130200068138,46.3388671778913]]]},"properties":{"SIZE_HA":"5.25","OBJECTID":"395","SITE_NUMBER":"MS-1434","AUTHORIZATION_TYPE":"Q09","AUTHORIZATION_HOLDER":"King Aquaculture Inc.","AUTHORIZATION_EXPIRY_DATE":"March 31, 2030","CULTIVATION_METHOD":"Bottom culture,Off-bottom culture,Suspended culture","SPECIES_CODE_DESCRIPTION":"2: American oyster"},"id":395},{"type":"Feature","geometry":{"type":"Polygon","coordinates":[[[-65.0577237004632,47.25420084401155],[-65.05870678852168,47.25547258181856],[-65.0596473960769,47.254890601171525],[-65.05826125550145,47.25386571960794],[-65.0577237004632,47.25420084401155]]]},"properties":{"SIZE_HA":"1.13","OBJECTID":"397","SITE_NUMBER":"MS-0625","AUTHORIZATION_TYPE":"Q09","AUTHORIZATION_HOLDER":"Pierre Bolduc","AUTHORIZATION_EXPIRY_DATE":"March 31, 2030","CULTIVATION_METHOD":"Bottom culture,Off-bottom culture,Suspended culture","SPECIES_CODE_DESCRIPTION":"2: American oyster,34: Quahog"},"id":397},{"type":"Feature","geometry":{"type":"Polygon","coordinates":[[[-65.07066410518145,47.243143985836745],[-65.07256572520016,47.24366233289145],[-65.07305025819626,47.243326483256666],[-65.07058489170527,47.24264822172838],[-65.0701003495405,47.2429840610144],[-65.07066410518145,47.243143985836745]]]},"properties":{"SIZE_HA":"0.97","OBJECTID":"399","SITE_NUMBER":"MS-0635","AUTHORIZATION_TYPE":"Q09","AUTHORIZATION_HOLDER":"Luc Maillet","AUTHORIZATION_EXPIRY_DATE":"March 31, 2030","CULTIVATION_METHOD":"Bottom culture,Off-bottom culture,Suspended culture","SPECIES_CODE_DESCRIPTION":"2: American oyster"},"id":399},{"type":"Feature","geometry":{"type":"Polygon","coordinates":[[[-64.82310966205917,46.69598183260759],[-64.82335963799646,46.69723182842922],[-64.82560627986408,46.69703380039723],[-64.82535625294585,46.69578380909272],[-64.82310966205917,46.69598183260759]]]},"properties":{"SIZE_HA":"2.43","OBJECTID":"401","SITE_NUMBER":"MS-1427","AUTHORIZATION_TYPE":"Q09","AUTHORIZATION_HOLDER":"Huîtres Aquador Inc./ Aquador Oysters Inc.","AUTHORIZATION_EXPIRY_DATE":"March 31, 2030","CULTIVATION_METHOD":"Bottom culture,Off-bottom culture,Suspended culture","SPECIES_CODE_DESCRIPTION":"2: American oyster"},"id":401},{"type":"Feature","geometry":{"type":"Polygon","coordinates":[[[-64.89023717707964,47.55859714998811],[-64.89185057601293,47.560607573937624],[-64.89481568421658,47.55952506152646],[-64.8940099353637,47.55851736778212],[-64.89252124437927,47.5590627656487],[-64.89171605577403,47.558055782787726],[-64.89023717707964,47.55859714998811]]]},"properties":{"SIZE_HA":"4.86","OBJECTID":"403","SITE_NUMBER":"MS-0682","AUTHORIZATION_TYPE":"Q09","AUTHORIZATION_HOLDER":"Mathieu LeBlanc","AUTHORIZATION_EXPIRY_DATE":"March 31, 2030","CULTIVATION_METHOD":"Bottom culture,Off-bottom culture,Suspended culture","SPECIES_CODE_DESCRIPTION":"2: American oyster"},"id":403},{"type":"Feature","geometry":{"type":"Polygon","coordinates":[[[-64.54493120574183,47.86606416050511],[-64.54633719133192,47.86779687445371],[-64.54661078321162,47.86547179627549],[-64.54512834038661,47.86435844574792],[-64.54493120574183,47.86606416050511]]]},"properties":{"SIZE_HA":"2.83","OBJECTID":"405","SITE_NUMBER":"MS-0178","AUTHORIZATION_TYPE":"Q09","AUTHORIZATION_HOLDER":"Nicole Beaudin et Martin Arsenault","AUTHORIZATION_EXPIRY_DATE":"March 31, 2030","CULTIVATION_METHOD":"Bottom culture","SPECIES_CODE_DESCRIPTION":"2: American oyster"},"id":405},{"type":"Feature","geometry":{"type":"Polygon","coordinates":[[[-64.60177476881736,46.38233319040351],[-64.60429678313628,46.38206823270309],[-64.60435608646924,46.379981602245955],[-64.60183546647464,46.37994684878885],[-64.60177476881736,46.38233319040351]]]},"properties":{"SIZE_HA":"4.82","OBJECTID":"408","SITE_NUMBER":"MS-1438","AUTHORIZATION_TYPE":"Q09","AUTHORIZATION_HOLDER":"J&S Oysters Inc.","AUTHORIZATION_EXPIRY_DATE":"March 31, 2029","CULTIVATION_METHOD":"Bottom culture,Off-bottom culture,Suspended culture","SPECIES_CODE_DESCRIPTION":"2: American oyster"},"id":408},{"type":"Feature","geometry":{"type":"Polygon","coordinates":[[[-64.55830051703587,46.27011933452371],[-64.55756390974261,46.268568043287395],[-64.55746685447292,46.268377421174115],[-64.55620663733917,46.26769006367461],[-64.5557866782102,46.26745794374588],[-64.55569749986572,46.26741143117907],[-64.55417468651343,46.26717850169289],[-64.5525362637848,46.269472174045454],[-64.55514897314181,46.27007465295711],[-64.55721056692678,46.27011877640647],[-64.55829988052767,46.27013732079122],[-64.55831284855218,46.2701375414951],[-64.55830051703587,46.27011933452371]]]},"properties":{"SIZE_HA":"10.12","OBJECTID":"410","SITE_NUMBER":"MS-0670","AUTHORIZATION_TYPE":"Q09","AUTHORIZATION_HOLDER":"Donny Dutcher","AUTHORIZATION_EXPIRY_DATE":"March 31, 2028","CULTIVATION_METHOD":"Bottom culture","SPECIES_CODE_DESCRIPTION":"2: American oyster,9: Blue mussel,34: Quahog"},"id":410},{"type":"Feature","geometry":{"type":"Polygon","coordinates":[[[-64.66709469065954,47.799144784813514],[-64.6671674308898,47.800379951734996],[-64.66965915446748,47.7997347931733],[-64.67276406394213,47.797264276391296],[-64.6708897010719,47.796125377298225],[-64.67009341931268,47.79675892142252],[-64.66709469065954,47.799144784813514]]]},"properties":{"SIZE_HA":"21.37","OBJECTID":"411","SITE_NUMBER":"MS-1021","AUTHORIZATION_TYPE":"Q09","AUTHORIZATION_HOLDER":"L2 - Recherche & Production Aquacole Inc.","AUTHORIZATION_EXPIRY_DATE":"March 31, 2030","CULTIVATION_METHOD":"Bottom culture,Off-bottom culture,Suspended culture","SPECIES_CODE_DESCRIPTION":"2: American oyster,7: Bar clam,34: Quahog,52: Soft shell clam"},"id":411},{"type":"Feature","geometry":{"type":"Polygon","coordinates":[[[-66.17168191822742,48.00170068295367],[-66.17534945782762,48.002232750268156],[-66.1758561059785,48.00065240564886],[-66.17218733531132,48.00011981076608],[-66.17168191822742,48.00170068295367]]]},"properties":{"SIZE_HA":"5.00","OBJECTID":"412","SITE_NUMBER":"MS-1044","AUTHORIZATION_TYPE":"Q09","AUTHORIZATION_HOLDER":"James Labillois DBA Heron Island Oyster Grow","AUTHORIZATION_EXPIRY_DATE":"March 31, 2030","CULTIVATION_METHOD":"Bottom culture,Off-bottom culture,Suspended culture","SPECIES_CODE_DESCRIPTION":"2: American oyster,52: Soft shell clam"},"id":412},{"type":"Feature","geometry":{"type":"Polygon","coordinates":[[[-66.16478142107671,47.9911415736274],[-66.16543566528772,47.98938983771554],[-66.1621838514436,47.9888408562271],[-66.1615295054332,47.99059257409284],[-66.16478142107671,47.9911415736274]]]},"properties":{"SIZE_HA":"5.00","OBJECTID":"414","SITE_NUMBER":"MS-1045","AUTHORIZATION_TYPE":"Q11","AUTHORIZATION_HOLDER":"James Labillois DBA Heron Island Oyster Grow","AUTHORIZATION_EXPIRY_DATE":"March 31, 2023","CULTIVATION_METHOD":"Bottom culture,Off-bottom culture,Suspended culture","SPECIES_CODE_DESCRIPTION":"2: American oyster,52: Soft shell clam"},"id":414},{"type":"Feature","geometry":{"type":"Polygon","coordinates":[[[-64.9549968831078,47.329453153699355],[-64.9567694545075,47.3299266753803],[-64.95748611327068,47.328937709697165],[-64.95474159754865,47.328217289604524],[-64.95415638062993,47.329234987897586],[-64.9549968831078,47.329453153699355]]]},"properties":{"SIZE_HA":"2.63","OBJECTID":"416","SITE_NUMBER":"MS-0408","AUTHORIZATION_TYPE":"Q09","AUTHORIZATION_HOLDER":"Janie Thibodeau Benoit","AUTHORIZATION_EXPIRY_DATE":"March 31, 2031","CULTIVATION_METHOD":"Bottom culture,Off-bottom culture,Suspended culture","SPECIES_CODE_DESCRIPTION":"2: American oyster,8: Bay scallop,34: Quahog"},"id":416},{"type":"Feature","geometry":{"type":"Polygon","coordinates":[[[-65.04108287752678,47.26167405163135],[-65.04140817359077,47.2623438730381],[-65.04369530285396,47.261824029812075],[-65.04314495174454,47.260683578184796],[-65.04085762060738,47.26121240381922],[-65.04108287752678,47.26167405163135]]]},"properties":{"SIZE_HA":"2.43","OBJECTID":"418","SITE_NUMBER":"MS-0644","AUTHORIZATION_TYPE":"Q09","AUTHORIZATION_HOLDER":"La Maison Beausoleil (2010) Inc.","AUTHORIZATION_EXPIRY_DATE":"March 31, 2027","CULTIVATION_METHOD":"Bottom culture,Off-bottom culture,Suspended culture","SPECIES_CODE_DESCRIPTION":"2: American oyster"},"id":418},{"type":"Feature","geometry":{"type":"Polygon","coordinates":[[[-65.07058489170527,47.24264822172838],[-65.07305025819626,47.243326483256666],[-65.07370981831049,47.242866853137045],[-65.07124446441361,47.242188605695844],[-65.07058489170527,47.24264822172838]]]},"properties":{"SIZE_HA":"1.34","OBJECTID":"420","SITE_NUMBER":"MS-0829","AUTHORIZATION_TYPE":"Q09","AUTHORIZATION_HOLDER":"La Maison Beausoleil (2010) Inc.","AUTHORIZATION_EXPIRY_DATE":"March 31, 2027","CULTIVATION_METHOD":"Bottom culture,Off-bottom culture,Suspended culture","SPECIES_CODE_DESCRIPTION":"2: American oyster"},"id":420},{"type":"Feature","geometry":{"type":"Polygon","coordinates":[[[-65.07345902310259,47.232959107356244],[-65.07371685930761,47.233690978792666],[-65.07473567764838,47.23362261803887],[-65.07574129012968,47.233554085100494],[-65.07674666075218,47.23349453646617],[-65.07648878391497,47.2327626715465],[-65.07345902310259,47.232959107356244]]]},"properties":{"SIZE_HA":"1.90","OBJECTID":"422","SITE_NUMBER":"MS-0638","AUTHORIZATION_TYPE":"Q09","AUTHORIZATION_HOLDER":"La Maison Beausoleil (2010) Inc.","AUTHORIZATION_EXPIRY_DATE":"March 31, 2027","CULTIVATION_METHOD":"Bottom culture","SPECIES_CODE_DESCRIPTION":"2: American oyster"},"id":422},{"type":"Feature","geometry":{"type":"Polygon","coordinates":[[[-65.07639505767693,47.23826709314398],[-65.07762527725036,47.23869609924128],[-65.07800840252528,47.23819704868209],[-65.07642502489716,47.23763774059573],[-65.0760418889736,47.238136785913234],[-65.07639505767693,47.23826709314398]]]},"properties":{"SIZE_HA":"0.85","OBJECTID":"423","SITE_NUMBER":"MS-0650","AUTHORIZATION_TYPE":"Q09","AUTHORIZATION_HOLDER":"La Maison Beausoleil (2010) Inc.","AUTHORIZATION_EXPIRY_DATE":"March 31, 2031","CULTIVATION_METHOD":"Bottom culture","SPECIES_CODE_DESCRIPTION":"2: American oyster"},"id":423},{"type":"Feature","geometry":{"type":"Polygon","coordinates":[[[-64.65651986131837,46.4854041123529],[-64.65252092464662,46.48613032373469],[-64.65303855514595,46.48749038320147],[-64.65703758516827,46.48676415456205],[-64.65651986131837,46.4854041123529]]]},"properties":{"SIZE_HA":"4.96","OBJECTID":"426","SITE_NUMBER":"MS-1431","AUTHORIZATION_TYPE":"Q09","AUTHORIZATION_HOLDER":"Acadian Bay Sea Products Inc.","AUTHORIZATION_EXPIRY_DATE":"March 31, 2031","CULTIVATION_METHOD":"Bottom culture,Off-bottom culture,Suspended culture","SPECIES_CODE_DESCRIPTION":"2: American oyster"},"id":426},{"type":"Feature","geometry":{"type":"Polygon","coordinates":[[[-64.83272427085736,47.748875811555905],[-64.83196335523559,47.75100564199661],[-64.83946259918051,47.750668532380956],[-64.84022433337978,47.7485367777526],[-64.83272427085736,47.748875811555905]]]},"properties":{"SIZE_HA":"13.10","OBJECTID":"428","SITE_NUMBER":"MS-1042","AUTHORIZATION_TYPE":"Q09","AUTHORIZATION_HOLDER":"L'ETANG RUISSEAU BAR LIMITEE","AUTHORIZATION_EXPIRY_DATE":"March 31, 2031","CULTIVATION_METHOD":"Bottom culture,Off-bottom culture,Suspended culture","SPECIES_CODE_DESCRIPTION":"2: American oyster"},"id":428},{"type":"Feature","geometry":{"type":"Polygon","coordinates":[[[-64.87938171904705,47.57288313036244],[-64.88200926285592,47.57433218327593],[-64.88383109476956,47.57169502768357],[-64.88120363041317,47.57024601535832],[-64.87938171904705,47.57288313036244]]]},"properties":{"SIZE_HA":"8.00","OBJECTID":"430","SITE_NUMBER":"MS-1037","AUTHORIZATION_TYPE":"Q09","AUTHORIZATION_HOLDER":"Linda Robichaud","AUTHORIZATION_EXPIRY_DATE":"March 31, 2031","CULTIVATION_METHOD":"Bottom culture,Off-bottom culture,Suspended culture","SPECIES_CODE_DESCRIPTION":"2: American oyster"},"id":430},{"type":"Feature","geometry":{"type":"Polygon","coordinates":[[[-64.69692476807066,47.75864413702089],[-64.69933116619968,47.75966200519502],[-64.70078861974473,47.7591719212822],[-64.69838221525828,47.75815408314356],[-64.69692476807066,47.75864413702089]]]},"properties":{"SIZE_HA":"2.23","OBJECTID":"432","SITE_NUMBER":"MS-1155","AUTHORIZATION_TYPE":"Q09","AUTHORIZATION_HOLDER":"Samuel Noël","AUTHORIZATION_EXPIRY_DATE":"March 31, 2027","CULTIVATION_METHOD":"Bottom culture","SPECIES_CODE_DESCRIPTION":"2: American oyster"},"id":432},{"type":"Feature","geometry":{"type":"Polygon","coordinates":[[[-65.03420784539033,47.263242113416624],[-65.03077678499055,47.264026073634284],[-65.03132690494193,47.26516658190288],[-65.03477124170486,47.264382773835806],[-65.03420784539033,47.263242113416624]]]},"properties":{"SIZE_HA":"3.64","OBJECTID":"434","SITE_NUMBER":"MS-0642","AUTHORIZATION_TYPE":"Q09","AUTHORIZATION_HOLDER":"Ian Breau","AUTHORIZATION_EXPIRY_DATE":"March 31, 2031","CULTIVATION_METHOD":"Bottom culture,Off-bottom culture,Suspended culture","SPECIES_CODE_DESCRIPTION":"2: American oyster,34: Quahog"},"id":434},{"type":"Feature","geometry":{"type":"Polygon","coordinates":[[[-64.94113933752733,47.356613646306265],[-64.94704611879959,47.358183362219165],[-64.94804485049,47.35648802982166],[-64.94211127886905,47.35492996591067],[-64.94113933752733,47.356613646306265]]]},"properties":{"SIZE_HA":"9.58","OBJECTID":"436","SITE_NUMBER":"MS-1437","AUTHORIZATION_TYPE":"Q09","AUTHORIZATION_HOLDER":"Reno Benoit et Géraldine Breau","AUTHORIZATION_EXPIRY_DATE":"March 31, 2031","CULTIVATION_METHOD":"Bottom culture,Off-bottom culture,Suspended culture","SPECIES_CODE_DESCRIPTION":"2: American oyster"},"id":436},{"type":"Feature","geometry":{"type":"Polygon","coordinates":[[[-64.81444607813785,46.695980243400406],[-64.8154621516682,46.69429176907002],[-64.81426161589656,46.6942741144587],[-64.81324414297097,46.696010604749226],[-64.81444607813785,46.695980243400406]]]},"properties":{"SIZE_HA":"1.70","OBJECTID":"438","SITE_NUMBER":"MS-1436","AUTHORIZATION_TYPE":"Q09","AUTHORIZATION_HOLDER":"Jean-Marc Poirier","AUTHORIZATION_EXPIRY_DATE":"March 31, 2031","CULTIVATION_METHOD":"Bottom culture,Off-bottom culture,Suspended culture","SPECIES_CODE_DESCRIPTION":"2: American oyster"},"id":438},{"type":"Feature","geometry":{"type":"Polygon","coordinates":[[[-67.00664527303368,45.144241896675524],[-67.01109877058472,45.14744300825345],[-67.01472495690236,45.14491616353853],[-67.01025874114663,45.14171525275338],[-67.00664527303368,45.144241896675524]]]},"properties":{"SIZE_HA":"10.00","OBJECTID":"439","SITE_NUMBER":"MS-1166","AUTHORIZATION_TYPE":"Q11","AUTHORIZATION_HOLDER":"The Bay of Fundy Oyster Company Inc.","AUTHORIZATION_EXPIRY_DATE":"March 31, 2027","CULTIVATION_METHOD":"Not Applicable","SPECIES_CODE_DESCRIPTION":"2: American oyster"},"id":439},{"type":"Feature","geometry":{"type":"Polygon","coordinates":[[[-64.61273952536074,46.37101411876801],[-64.61394705631,46.368415549722805],[-64.6111795343937,46.36837880954888],[-64.60997156271547,46.370986341572255],[-64.61273952536074,46.37101411876801]]]},"properties":{"SIZE_HA":"6.19","OBJECTID":"441","SITE_NUMBER":"MS-1284","AUTHORIZATION_TYPE":"Q09","AUTHORIZATION_HOLDER":"Daigle Aquaculture Inc.","AUTHORIZATION_EXPIRY_DATE":"March 31, 2031","CULTIVATION_METHOD":"Bottom culture,Off-bottom culture,Suspended culture","SPECIES_CODE_DESCRIPTION":"2: American oyster,7: Bar clam,9: Blue mussel,15: Deep-Sea scallop,34: Quahog"},"id":441},{"type":"Feature","geometry":{"type":"Polygon","coordinates":[[[-64.9538699537841,47.331305614931885],[-64.95563721200264,47.331786188951824],[-64.95631269170609,47.33196993008468],[-64.95742099977754,47.330086340824565],[-64.9567454076818,47.329902604424696],[-64.95497833372849,47.329422049187],[-64.9538699537841,47.331305614931885]]]},"properties":{"SIZE_HA":"4.46","OBJECTID":"447","SITE_NUMBER":"MS-1231","AUTHORIZATION_TYPE":"Q09","AUTHORIZATION_HOLDER":"Eric Benoit","AUTHORIZATION_EXPIRY_DATE":"March 31, 2031","CULTIVATION_METHOD":"Bottom culture,Off-bottom culture,Suspended culture","SPECIES_CODE_DESCRIPTION":"2: American oyster"},"id":447},{"type":"Feature","geometry":{"type":"Polygon","coordinates":[[[-64.68696457014669,46.463646918002894],[-64.69280875928456,46.46647487564727],[-64.6932661666666,46.46603220105715],[-64.69472730316653,46.46673913841946],[-64.69587136917507,46.465614442184325],[-64.70139587642628,46.468283941436546],[-64.69646233765518,46.46979887712765],[-64.69711951706905,46.4707990311775],[-64.68479065977188,46.474590097665185],[-64.68495150886102,46.474844597823896],[-64.69001747924641,46.47328725972517],[-64.69022832955787,46.47360553049197],[-64.70276722331005,46.469745199615154],[-64.7017783734672,46.46813699125967],[-64.68878212791728,46.4618491151883],[-64.68696457014669,46.463646918002894]]]},"properties":{"SIZE_HA":"31.45","OBJECTID":"449","SITE_NUMBER":"MS-0372","AUTHORIZATION_TYPE":"Q09","AUTHORIZATION_HOLDER":"LRRS Enterprise LP","AUTHORIZATION_EXPIRY_DATE":"March 31, 2031","CULTIVATION_METHOD":"Bottom culture,Off-bottom culture","SPECIES_CODE_DESCRIPTION":"2: American oyster"},"id":449},{"type":"Feature","geometry":{"type":"Polygon","coordinates":[[[-64.67681491360085,46.50085455839969],[-64.67652915880912,46.49770967826813],[-64.67517208612419,46.497769013570384],[-64.67390617001308,46.49782978845765],[-64.67420509859048,46.50096588865918],[-64.67430958772611,46.50095855875134],[-64.67507947949865,46.500925856720116],[-64.67681491360085,46.50085455839969]]]},"properties":{"SIZE_HA":"7.00","OBJECTID":"451","SITE_NUMBER":"MS-0726","AUTHORIZATION_TYPE":"Q09","AUTHORIZATION_HOLDER":"LRRS Enterprise LP","AUTHORIZATION_EXPIRY_DATE":"March 31, 2027","CULTIVATION_METHOD":"Bottom culture,Off-bottom culture,Suspended culture","SPECIES_CODE_DESCRIPTION":"2: American oyster,7: Bar clam,34: Quahog"},"id":451},{"type":"Feature","geometry":{"type":"Polygon","coordinates":[[[-64.69808229573218,46.474377446629056],[-64.69686972311843,46.47362948530679],[-64.69565936360698,46.473997306943204],[-64.69474199123815,46.475350532579284],[-64.6944421402572,46.476146626101276],[-64.6941162446004,46.47694230743422],[-64.69491472605897,46.47721586072204],[-64.69535628457112,46.47646699330026],[-64.69614484676754,46.47585857061179],[-64.6968595044882,46.47472708892443],[-64.69808229573218,46.474377446629056]]]},"properties":{"SIZE_HA":"4.45","OBJECTID":"453","SITE_NUMBER":"MS-0810","AUTHORIZATION_TYPE":"Q09","AUTHORIZATION_HOLDER":"LRRS Enterprise LP","AUTHORIZATION_EXPIRY_DATE":"March 31, 2034","CULTIVATION_METHOD":"Bottom culture","SPECIES_CODE_DESCRIPTION":"2: American oyster"},"id":453},{"type":"Feature","geometry":{"type":"Polygon","coordinates":[[[-64.70213999918133,46.47139098247473],[-64.69931777303013,46.471274581527595],[-64.69717225350726,46.472356529847524],[-64.69140135622602,46.47357910259309],[-64.68903810668317,46.473757647150954],[-64.68693449695685,46.47513700612369],[-64.68506957461493,46.47560231145393],[-64.68520409368197,46.47586539128813],[-64.68706932271355,46.47539109049435],[-64.68917264053674,46.47402072250277],[-64.69153619911731,46.47383318188468],[-64.69730682335843,46.472619595945034],[-64.69945264737943,46.47152865180338],[-64.7020399944942,46.47165935184272],[-64.70213999918133,46.47139098247473]]]},"properties":{"SIZE_HA":"4.05","OBJECTID":"455","SITE_NUMBER":"MS-0811","AUTHORIZATION_TYPE":"Q09","AUTHORIZATION_HOLDER":"LRRS Enterprise LP","AUTHORIZATION_EXPIRY_DATE":"March 31, 2034","CULTIVATION_METHOD":"Bottom culture","SPECIES_CODE_DESCRIPTION":"2: American oyster"},"id":455},{"type":"Feature","geometry":{"type":"Polygon","coordinates":[[[-64.92039865426285,47.45838945125233],[-64.92067751209255,47.45882505417496],[-64.92306787074804,47.45828198568398],[-64.924555409236,47.45866210566958],[-64.92659275020549,47.4583930145206],[-64.92627657997843,47.4569763940545],[-64.92479806939112,47.456740349032245],[-64.9249795540165,47.452406924141066],[-64.9246184176698,47.45250994764441],[-64.92442364507933,47.45684319083467],[-64.92426706810646,47.45765066246623],[-64.92304277179386,47.45778688320186],[-64.92039865426285,47.45838945125233]]]},"properties":{"SIZE_HA":"4.33","OBJECTID":"457","SITE_NUMBER":"MS-0580","AUTHORIZATION_TYPE":"Q09","AUTHORIZATION_HOLDER":"Ginette Richard","AUTHORIZATION_EXPIRY_DATE":"March 31, 2031","CULTIVATION_METHOD":"Bottom culture","SPECIES_CODE_DESCRIPTION":"2: American oyster"},"id":457},{"type":"Feature","geometry":{"type":"Polygon","coordinates":[[[-63.8941250938433,46.15414355453189],[-63.89487121053629,46.15279650888838],[-63.894247832389546,46.15228726110342],[-63.89348170161678,46.15315172251898],[-63.89223005579068,46.15333007774582],[-63.88941713312644,46.15284266532506],[-63.88723233581353,46.15112760661328],[-63.88647990193188,46.15197433656877],[-63.888589049978144,46.15354268764727],[-63.89181033640239,46.154625360163536],[-63.8941250938433,46.15414355453189]]]},"properties":{"SIZE_HA":"8.42","OBJECTID":"459","SITE_NUMBER":"MS-0239","AUTHORIZATION_TYPE":"Q09","AUTHORIZATION_HOLDER":"Brandon Michael Milton and Shawn Stright","AUTHORIZATION_EXPIRY_DATE":"March 31, 2031","CULTIVATION_METHOD":"Bottom culture","SPECIES_CODE_DESCRIPTION":"2: American oyster,98: Ocean quahog"},"id":459},{"type":"Feature","geometry":{"type":"Polygon","coordinates":[[[-64.67007077795736,46.50115265382929],[-64.67102021718868,46.50331946005272],[-64.67405183563467,46.503184793403975],[-64.67384715687928,46.50098518805923],[-64.67007077795736,46.50115265382929]]]},"properties":{"SIZE_HA":"6.42","OBJECTID":"461","SITE_NUMBER":"MS-1420","AUTHORIZATION_TYPE":"Q09","AUTHORIZATION_HOLDER":"LCJ Oyster Aquaculture Inc.","AUTHORIZATION_EXPIRY_DATE":"March 31, 2030","CULTIVATION_METHOD":"Bottom culture,Off-bottom culture,Suspended culture","SPECIES_CODE_DESCRIPTION":"2: American oyster,7: Bar clam,34: Quahog"},"id":461},{"type":"Feature","geometry":{"type":"Polygon","coordinates":[[[-64.89427794852462,47.53758741824098],[-64.89007580385646,47.537875671874865],[-64.89028854726386,47.53927355730034],[-64.89449093453878,47.53898529857437],[-64.89427794852462,47.53758741824098]]]},"properties":{"SIZE_HA":"4.97","OBJECTID":"463","SITE_NUMBER":"MS-1409","AUTHORIZATION_TYPE":"Q09","AUTHORIZATION_HOLDER":"Guylaine Bulger and Paula Bulger","AUTHORIZATION_EXPIRY_DATE":"March 31, 2028","CULTIVATION_METHOD":"Bottom culture,Off-bottom culture,Suspended culture","SPECIES_CODE_DESCRIPTION":"2: American oyster,34: Quahog"},"id":463},{"type":"Feature","geometry":{"type":"Polygon","coordinates":[[[-64.610576100973,46.36968582569784],[-64.6065731309779,46.36964328568861],[-64.6065410028307,46.37094751383674],[-64.60997638536196,46.37098597146566],[-64.610576100973,46.36968582569784]]]},"properties":{"SIZE_HA":"4.16","OBJECTID":"465","SITE_NUMBER":"MS-1363","AUTHORIZATION_TYPE":"Q09","AUTHORIZATION_HOLDER":"Jean-Francois Daigle","AUTHORIZATION_EXPIRY_DATE":"March 31, 2032","CULTIVATION_METHOD":"Bottom culture,Off-bottom culture,Suspended culture","SPECIES_CODE_DESCRIPTION":"2: American oyster"},"id":465},{"type":"Feature","geometry":{"type":"Polygon","coordinates":[[[-64.60099645857734,46.383876066206554],[-64.60425929057682,46.38352534102127],[-64.60430042867615,46.38233824333934],[-64.6010376678392,46.382688970300514],[-64.60099645857734,46.383876066206554]]]},"properties":{"SIZE_HA":"3.30","OBJECTID":"466","SITE_NUMBER":"MS-1340","AUTHORIZATION_TYPE":"Q09","AUTHORIZATION_HOLDER":"694618 NB INC.","AUTHORIZATION_EXPIRY_DATE":"March 31, 2026","CULTIVATION_METHOD":"Bottom culture,Off-bottom culture,Suspended culture","SPECIES_CODE_DESCRIPTION":"2: American oyster,34: Quahog,52: Soft shell clam"},"id":466},{"type":"Feature","geometry":{"type":"Polygon","coordinates":[[[-64.60422647057827,46.38484755156411],[-64.60425929057682,46.38352534102127],[-64.60099645857734,46.383876066206554],[-64.6009635593898,46.38519827514312],[-64.60422647057827,46.38484755156411]]]},"properties":{"SIZE_HA":"3.69","OBJECTID":"468","SITE_NUMBER":"MS-1341","AUTHORIZATION_TYPE":"Q09","AUTHORIZATION_HOLDER":"694618 NB INC.","AUTHORIZATION_EXPIRY_DATE":"March 31, 2026","CULTIVATION_METHOD":"Bottom culture,Off-bottom culture,Suspended culture","SPECIES_CODE_DESCRIPTION":"2: American oyster,34: Quahog,52: Soft shell clam"},"id":468},{"type":"Feature","geometry":{"type":"Polygon","coordinates":[[[-64.61117830617468,46.368380498921155],[-64.60660860064105,46.36832507526092],[-64.60657528823839,46.36963729255879],[-64.610576100973,46.36968582569784],[-64.61117830617468,46.368380498921155]]]},"properties":{"SIZE_HA":"4.81","OBJECTID":"471","SITE_NUMBER":"MS-1362","AUTHORIZATION_TYPE":"Q09","AUTHORIZATION_HOLDER":"Maxime Daigle","AUTHORIZATION_EXPIRY_DATE":"March 31, 2032","CULTIVATION_METHOD":"Bottom culture,Off-bottom culture,Suspended culture","SPECIES_CODE_DESCRIPTION":"2: American oyster"},"id":471},{"type":"Feature","geometry":{"type":"Polygon","coordinates":[[[-64.95579402178413,47.34761759676182],[-64.95443936711519,47.34868796399936],[-64.95518054894066,47.349123844585236],[-64.95658783577409,47.348087007820624],[-64.95579402178413,47.34761759676182]]]},"properties":{"SIZE_HA":"1.25","OBJECTID":"472","SITE_NUMBER":"MS-1440","AUTHORIZATION_TYPE":"Q09","AUTHORIZATION_HOLDER":"Aldor Rousselle","AUTHORIZATION_EXPIRY_DATE":"March 31, 2032","CULTIVATION_METHOD":"Bottom culture,Off-bottom culture,Suspended culture","SPECIES_CODE_DESCRIPTION":"2: American oyster"},"id":472},{"type":"Feature","geometry":{"type":"Polygon","coordinates":[[[-64.94592159626046,47.34755702526399],[-64.94688379442333,47.345878748735174],[-64.9459512407321,47.34563229914278],[-64.94499354260113,47.34730972925812],[-64.94592159626046,47.34755702526399]]]},"properties":{"SIZE_HA":"1.50","OBJECTID":"474","SITE_NUMBER":"MS-1556","AUTHORIZATION_TYPE":"Q09","AUTHORIZATION_HOLDER":"Aldor Rousselle","AUTHORIZATION_EXPIRY_DATE":"March 31, 2032","CULTIVATION_METHOD":"Bottom culture,Off-bottom culture,Suspended culture","SPECIES_CODE_DESCRIPTION":"2: American oyster"},"id":474},{"type":"Feature","geometry":{"type":"Polygon","coordinates":[[[-64.95500363837296,47.34714903563452],[-64.95364116649614,47.34821497098329],[-64.95443936711519,47.34868796399936],[-64.95579402178413,47.34761759676182],[-64.95500363837296,47.34714903563452]]]},"properties":{"SIZE_HA":"1.25","OBJECTID":"477","SITE_NUMBER":"MS-1442","AUTHORIZATION_TYPE":"Q09","AUTHORIZATION_HOLDER":"Stéphane Richardson","AUTHORIZATION_EXPIRY_DATE":"March 31, 2032","CULTIVATION_METHOD":"Bottom culture,Off-bottom culture,Suspended culture","SPECIES_CODE_DESCRIPTION":"2: American oyster"},"id":477},{"type":"Feature","geometry":{"type":"Polygon","coordinates":[[[-64.9468422086266,47.34780106499469],[-64.94780312618468,47.34612501284811],[-64.94688379442333,47.345878748735174],[-64.94592159626046,47.34755702526399],[-64.9468422086266,47.34780106499469]]]},"properties":{"SIZE_HA":"1.50","OBJECTID":"479","SITE_NUMBER":"MS-1557","AUTHORIZATION_TYPE":"Q09","AUTHORIZATION_HOLDER":"Stéphane Richardson","AUTHORIZATION_EXPIRY_DATE":"March 31, 2032","CULTIVATION_METHOD":"Bottom culture,Off-bottom culture,Suspended culture","SPECIES_CODE_DESCRIPTION":"2: American oyster"},"id":479},{"type":"Feature","geometry":{"type":"Polygon","coordinates":[[[-65.04944496139316,47.25788429425136],[-65.0490694405775,47.25711490683379],[-65.04564900610588,47.25850217400678],[-65.0460115221899,47.25926241250189],[-65.04944496139316,47.25788429425136]]]},"properties":{"SIZE_HA":"2.63","OBJECTID":"481","SITE_NUMBER":"MS-1430","AUTHORIZATION_TYPE":"Q09","AUTHORIZATION_HOLDER":"Patrick LeBreton","AUTHORIZATION_EXPIRY_DATE":"March 31, 2032","CULTIVATION_METHOD":"Bottom culture,Off-bottom culture,Suspended culture","SPECIES_CODE_DESCRIPTION":"2: American oyster,34: Quahog"},"id":481},{"type":"Feature","geometry":{"type":"Polygon","coordinates":[[[-65.05013437944118,47.25926036142642],[-65.04958293983721,47.25815591086554],[-65.046149241907,47.25954302597253],[-65.04671407884766,47.26063866579323],[-65.05013437944118,47.25926036142642]]]},"properties":{"SIZE_HA":"3.80","OBJECTID":"483","SITE_NUMBER":"MS-1432","AUTHORIZATION_TYPE":"Q09","AUTHORIZATION_HOLDER":"Patrick LeBreton","AUTHORIZATION_EXPIRY_DATE":"March 31, 2032","CULTIVATION_METHOD":"Bottom culture","SPECIES_CODE_DESCRIPTION":"2: American oyster,34: Quahog"},"id":483},{"type":"Feature","geometry":{"type":"Polygon","coordinates":[[[-65.02158156360176,47.273003505614284],[-65.02205324527117,47.27315348893524],[-65.02275421470958,47.27218190663324],[-65.02154910460139,47.27178862739291],[-65.0215628150034,47.2717708111654],[-65.01961159203307,47.27111605327348],[-65.0188968685236,47.272105432433165],[-65.02158156360176,47.273003505614284]]]},"properties":{"SIZE_HA":"3.24","OBJECTID":"485","SITE_NUMBER":"MS-0078","AUTHORIZATION_TYPE":"Q09","AUTHORIZATION_HOLDER":"Kevin Yvon Kelly","AUTHORIZATION_EXPIRY_DATE":"March 31, 2028","CULTIVATION_METHOD":"Bottom culture","SPECIES_CODE_DESCRIPTION":"2: American oyster,7: Bar clam,34: Quahog"},"id":485},{"type":"Feature","geometry":{"type":"Polygon","coordinates":[[[-64.566500826412,47.89889690207362],[-64.56727719072411,47.899971213784774],[-64.56837387310196,47.89961168689858],[-64.56759749143326,47.89853738224994],[-64.566500826412,47.89889690207362]]]},"properties":{"SIZE_HA":"1.21","OBJECTID":"489","SITE_NUMBER":"MS-1555","AUTHORIZATION_TYPE":"Q09","AUTHORIZATION_HOLDER":"David Jones et Nicolas Plourde","AUTHORIZATION_EXPIRY_DATE":"March 31, 2026","CULTIVATION_METHOD":"Bottom culture","SPECIES_CODE_DESCRIPTION":"2: American oyster"},"id":489},{"type":"Feature","geometry":{"type":"Polygon","coordinates":[[[-64.77325202794204,47.725885125986295],[-64.77326072483747,47.72643395245868],[-64.77745862170612,47.724777756815946],[-64.77746320557964,47.72422912814578],[-64.77325202794204,47.725885125986295]]]},"properties":{"SIZE_HA":"1.91","OBJECTID":"492","SITE_NUMBER":"MS-0207","AUTHORIZATION_TYPE":"Q09","AUTHORIZATION_HOLDER":"Michel Mazerolle et François Mazerolle","AUTHORIZATION_EXPIRY_DATE":"March 31, 2032","CULTIVATION_METHOD":"Bottom culture","SPECIES_CODE_DESCRIPTION":"2: American oyster"},"id":492},{"type":"Feature","geometry":{"type":"Polygon","coordinates":[[[-65.08965596289202,47.22377557183741],[-65.09047214880545,47.224874080531634],[-65.0919257109214,47.2248378736591],[-65.09116253648963,47.2237310274821],[-65.0903989194014,47.22264216239733],[-65.08889237596436,47.222686696946],[-65.08965596289202,47.22377557183741]]]},"properties":{"SIZE_HA":"2.43","OBJECTID":"494","SITE_NUMBER":"MS-0683","AUTHORIZATION_TYPE":"Q09","AUTHORIZATION_HOLDER":"Nicholas Savoie","AUTHORIZATION_EXPIRY_DATE":"March 31, 2033","CULTIVATION_METHOD":"Bottom culture,Off-bottom culture,Suspended culture","SPECIES_CODE_DESCRIPTION":"2: American oyster,7: Bar clam"},"id":494},{"type":"Feature","geometry":{"type":"Polygon","coordinates":[[[-64.96095406254902,47.31284526861936],[-64.96053469135224,47.31161414915682],[-64.95824149444981,47.31197547560129],[-64.95865711565352,47.3132064635774],[-64.96095406254902,47.31284526861936]]]},"properties":{"SIZE_HA":"2.50","OBJECTID":"496","SITE_NUMBER":"MS-1311","AUTHORIZATION_TYPE":"Q09","AUTHORIZATION_HOLDER":"René Comeau","AUTHORIZATION_EXPIRY_DATE":"March 31, 2030","CULTIVATION_METHOD":"Bottom culture,Off-bottom culture,Suspended culture","SPECIES_CODE_DESCRIPTION":"2: American oyster,8: Bay scallop,34: Quahog"},"id":496},{"type":"Feature","geometry":{"type":"Polygon","coordinates":[[[-64.66045252371492,46.48450375207107],[-64.65993473812966,46.48314363440214],[-64.65593601121964,46.48386996702353],[-64.6564537034625,46.48523010195318],[-64.66045252371492,46.48450375207107]]]},"properties":{"SIZE_HA":"4.96","OBJECTID":"499","SITE_NUMBER":"MS-1445","AUTHORIZATION_TYPE":"Q09","AUTHORIZATION_HOLDER":"Buctouche MicMac Band","AUTHORIZATION_EXPIRY_DATE":"March 31, 2032","CULTIVATION_METHOD":"Bottom culture,Off-bottom culture,Suspended culture","SPECIES_CODE_DESCRIPTION":"2: American oyster"},"id":499},{"type":"Feature","geometry":{"type":"Polygon","coordinates":[[[-64.6097626613769,46.38004421121607],[-64.60631853960612,46.380005157546435],[-64.60627487690785,46.38164213089353],[-64.60971879090879,46.38169017982947],[-64.6097626613769,46.38004421121607]]]},"properties":{"SIZE_HA":"4.86","OBJECTID":"500","SITE_NUMBER":"MS-0919","AUTHORIZATION_TYPE":"Q09","AUTHORIZATION_HOLDER":"King Aquaculture Inc.","AUTHORIZATION_EXPIRY_DATE":"March 31, 2045","CULTIVATION_METHOD":"Bottom culture,Off-bottom culture","SPECIES_CODE_DESCRIPTION":"2: American oyster,34: Quahog"},"id":500},{"type":"Feature","geometry":{"type":"Polygon","coordinates":[[[-63.8941250938433,46.15414355453189],[-63.89181033640239,46.154625360163536],[-63.888589049978144,46.15354268764727],[-63.88867595892011,46.154140020910766],[-63.8881866543851,46.1559335487578],[-63.89403398157052,46.15606743984334],[-63.8941250938433,46.15414355453189]]]},"properties":{"SIZE_HA":"8.69","OBJECTID":"504","SITE_NUMBER":"MS-1273","AUTHORIZATION_TYPE":"Q09","AUTHORIZATION_HOLDER":"3213861 NOVA SCOTIA LIMITED","AUTHORIZATION_EXPIRY_DATE":"March 31, 2032","CULTIVATION_METHOD":"Bottom culture","SPECIES_CODE_DESCRIPTION":"2: American oyster"},"id":504},{"type":"Feature","geometry":{"type":"Polygon","coordinates":[[[-64.59953338096705,46.382573967504484],[-64.60177476881736,46.38233319040351],[-64.60183546647464,46.37994684878885],[-64.59959955360456,46.37992055643045],[-64.59953338096705,46.382573967504484]]]},"properties":{"SIZE_HA":"4.82","OBJECTID":"506","SITE_NUMBER":"MS-1348","AUTHORIZATION_TYPE":"Q09","AUTHORIZATION_HOLDER":"King Transfer Ltd.","AUTHORIZATION_EXPIRY_DATE":"March 31, 2029","CULTIVATION_METHOD":"Bottom culture,Off-bottom culture,Suspended culture","SPECIES_CODE_DESCRIPTION":"2: American oyster"},"id":506},{"type":"Feature","geometry":{"type":"Polygon","coordinates":[[[-64.85818583844959,46.7087573501184],[-64.85792983702594,46.70788128835375],[-64.85689990118513,46.70800328869559],[-64.85714831417316,46.7088918405428],[-64.85818583844959,46.7087573501184]]]},"properties":{"SIZE_HA":"0.81","OBJECTID":"508","SITE_NUMBER":"MS-0167","AUTHORIZATION_TYPE":"Q09","AUTHORIZATION_HOLDER":"Acadian Bay Sea Products Inc.","AUTHORIZATION_EXPIRY_DATE":"March 31, 2031","CULTIVATION_METHOD":"Bottom culture,Off-bottom culture,Suspended culture","SPECIES_CODE_DESCRIPTION":"2: American oyster,34: Quahog"},"id":508},{"type":"Feature","geometry":{"type":"Polygon","coordinates":[[[-64.75813240824081,46.68199703456452],[-64.75919539458909,46.681464333599486],[-64.75532467108864,46.67783338890619],[-64.7542614296231,46.678375047829014],[-64.75813240824081,46.68199703456452]]]},"properties":{"SIZE_HA":"5.00","OBJECTID":"510","SITE_NUMBER":"MS-1288","AUTHORIZATION_TYPE":"Q09","AUTHORIZATION_HOLDER":"Norm's Oyster Farm Ltd.","AUTHORIZATION_EXPIRY_DATE":"March 31, 2043","CULTIVATION_METHOD":"Bottom culture,Off-bottom culture,Suspended culture","SPECIES_CODE_DESCRIPTION":"2: American oyster"},"id":510},{"type":"Feature","geometry":{"type":"Polygon","coordinates":[[[-64.59305650125467,46.36919343162046],[-64.5937408760499,46.36745917281006],[-64.59042189217705,46.36683682641237],[-64.58973742062167,46.36857106476101],[-64.59305650125467,46.36919343162046]]]},"properties":{"SIZE_HA":"5.30","OBJECTID":"512","SITE_NUMBER":"MS-1287","AUTHORIZATION_TYPE":"Q09","AUTHORIZATION_HOLDER":"Southeast Aquaculture Sud-Est Inc.","AUTHORIZATION_EXPIRY_DATE":"March 31, 2043","CULTIVATION_METHOD":"Bottom culture,Off-bottom culture,Suspended culture","SPECIES_CODE_DESCRIPTION":"2: American oyster"},"id":512},{"type":"Feature","geometry":{"type":"Polygon","coordinates":[[[-65.00030393290062,47.78019990335855],[-65.00131215828841,47.78087853667591],[-65.0036518275359,47.779316721184415],[-65.0014001570164,47.77778554865002],[-65.0005494967556,47.777198898418554],[-64.99939340461121,47.777966467374064],[-65.00150084716589,47.77940586965201],[-65.00030393290062,47.78019990335855]]]},"properties":{"SIZE_HA":"5.39","OBJECTID":"514","SITE_NUMBER":"MS-0297","AUTHORIZATION_TYPE":"Q09","AUTHORIZATION_HOLDER":"Denis Doiron","AUTHORIZATION_EXPIRY_DATE":"March 31, 2031","CULTIVATION_METHOD":"Bottom culture","SPECIES_CODE_DESCRIPTION":"2: American oyster"},"id":514},{"type":"Feature","geometry":{"type":"Polygon","coordinates":[[[-65.05674601523913,47.25664452023645],[-65.05677146162319,47.25668082286414],[-65.05786007859534,47.25600175344579],[-65.05709426100174,47.25500260879543],[-65.05600565488855,47.255681671236815],[-65.05674601523913,47.25664452023645]]]},"properties":{"SIZE_HA":"1.34","OBJECTID":"516","SITE_NUMBER":"MS-0243","AUTHORIZATION_TYPE":"Q09","AUTHORIZATION_HOLDER":"La Maison Beausoleil (2010) Inc.","AUTHORIZATION_EXPIRY_DATE":"March 31, 2025","CULTIVATION_METHOD":"Bottom culture","SPECIES_CODE_DESCRIPTION":"2: American oyster"},"id":516},{"type":"Feature","geometry":{"type":"Polygon","coordinates":[[[-64.94065814634777,47.35744970054175],[-64.94220543719781,47.35780434478472],[-64.94672065784496,47.358839099808854],[-64.94704611879959,47.358183362219165],[-64.94500923590114,47.35764208975778],[-64.9422672264404,47.35691341640213],[-64.94113933752733,47.356613646306265],[-64.94065814634777,47.35744970054175]]]},"properties":{"SIZE_HA":"4.25","OBJECTID":"519","SITE_NUMBER":"MS-1306","AUTHORIZATION_TYPE":"Q09","AUTHORIZATION_HOLDER":"Les Huîtres Maroma Inc.","AUTHORIZATION_EXPIRY_DATE":"March 31, 2029","CULTIVATION_METHOD":"Bottom culture,Off-bottom culture,Suspended culture","SPECIES_CODE_DESCRIPTION":"2: American oyster"},"id":519},{"type":"Feature","geometry":{"type":"Polygon","coordinates":[[[-64.89966460263965,47.55774838575434],[-64.9011829628253,47.557193681661346],[-64.9033341642876,47.551952107619556],[-64.9018100310487,47.55006001329746],[-64.89539463937341,47.55240802986903],[-64.89966460263965,47.55774838575434]]]},"properties":{"SIZE_HA":"20.11","OBJECTID":"521","SITE_NUMBER":"MS-1397","AUTHORIZATION_TYPE":"Q09","AUTHORIZATION_HOLDER":"Les Huîtres Maroma Inc.","AUTHORIZATION_EXPIRY_DATE":"March 31, 2028","CULTIVATION_METHOD":"Bottom culture,Off-bottom culture,Suspended culture","SPECIES_CODE_DESCRIPTION":"2: American oyster"},"id":521},{"type":"Feature","geometry":{"type":"Polygon","coordinates":[[[-64.8841762184194,47.560815450985004],[-64.88578917879666,47.56283494855234],[-64.88737534404265,47.56224538918496],[-64.88656882703147,47.5612356540214],[-64.8857753503943,47.5602350900439],[-64.8841762184194,47.560815450985004]]]},"properties":{"SIZE_HA":"3.48","OBJECTID":"523","SITE_NUMBER":"MS-0090","AUTHORIZATION_TYPE":"Q09","AUTHORIZATION_HOLDER":"Ernest McGraw","AUTHORIZATION_EXPIRY_DATE":"March 31, 2033","CULTIVATION_METHOD":"Bottom culture,Off-bottom culture,Suspended culture","SPECIES_CODE_DESCRIPTION":"2: American oyster"},"id":523},{"type":"Feature","geometry":{"type":"Polygon","coordinates":[[[-64.6637952567622,46.493281767615244],[-64.66296692517702,46.491106851477454],[-64.66013274585436,46.49162168609556],[-64.66096097162959,46.49379662180426],[-64.6637952567622,46.493281767615244]]]},"properties":{"SIZE_HA":"5.63","OBJECTID":"524","SITE_NUMBER":"MS-1333","AUTHORIZATION_TYPE":"Q09","AUTHORIZATION_HOLDER":"Acadian Bay Sea Products Inc.","AUTHORIZATION_EXPIRY_DATE":"March 31, 2028","CULTIVATION_METHOD":"Bottom culture,Off-bottom culture,Suspended culture","SPECIES_CODE_DESCRIPTION":"2: American oyster"},"id":524},{"type":"Feature","geometry":{"type":"Polygon","coordinates":[[[-64.67648790683202,46.50634715736697],[-64.67262908201187,46.50716737488967],[-64.67322240972457,46.50851756381297],[-64.6761102423194,46.50789779807835],[-64.6770816224629,46.50768833383138],[-64.67648790683202,46.50634715736697]]]},"properties":{"SIZE_HA":"4.85","OBJECTID":"525","SITE_NUMBER":"MS-1211","AUTHORIZATION_TYPE":"Q09","AUTHORIZATION_HOLDER":"Jaillet Aquaculture Inc.","AUTHORIZATION_EXPIRY_DATE":"March 31, 2030","CULTIVATION_METHOD":"Bottom culture,Off-bottom culture,Suspended culture","SPECIES_CODE_DESCRIPTION":"2: American oyster"},"id":525},{"type":"Feature","geometry":{"type":"Polygon","coordinates":[[[-64.66213865841102,46.48893192900575],[-64.65930458488937,46.48944674405485],[-64.66013274585436,46.49162168609556],[-64.66296692517702,46.491106851477454],[-64.66213865841102,46.48893192900575]]]},"properties":{"SIZE_HA":"5.62","OBJECTID":"526","SITE_NUMBER":"MS-1334","AUTHORIZATION_TYPE":"Q09","AUTHORIZATION_HOLDER":"M.R. JAILLET ENTERPRISES INC.","AUTHORIZATION_EXPIRY_DATE":"March 31, 2028","CULTIVATION_METHOD":"Bottom culture,Off-bottom culture,Suspended culture","SPECIES_CODE_DESCRIPTION":""},"id":526},{"type":"Feature","geometry":{"type":"Polygon","coordinates":[[[-64.9565313445218,47.33769597683168],[-64.96034241797094,47.339537083368725],[-64.96103682825148,47.3388626581135],[-64.95723371549555,47.33702168040999],[-64.9565313445218,47.33769597683168]]]},"properties":{"SIZE_HA":"3.23","OBJECTID":"528","SITE_NUMBER":"MS-0748","AUTHORIZATION_TYPE":"Q09","AUTHORIZATION_HOLDER":"Aurèle Plourde et Olivier Plourde","AUTHORIZATION_EXPIRY_DATE":"March 31, 2043","CULTIVATION_METHOD":"Bottom culture,Off-bottom culture,Suspended culture","SPECIES_CODE_DESCRIPTION":"2: American oyster"},"id":528},{"type":"Feature","geometry":{"type":"Polygon","coordinates":[[[-64.6538625862094,47.7335140205188],[-64.65513927240134,47.73291170750411],[-64.65357289761492,47.73030603737872],[-64.65148400347141,47.72683080589237],[-64.65116276968521,47.72847971930897],[-64.65272864101186,47.73187141725619],[-64.6538625862094,47.7335140205188]]]},"properties":{"SIZE_HA":"7.20","OBJECTID":"530","SITE_NUMBER":"MS-1448","AUTHORIZATION_TYPE":"Q09","AUTHORIZATION_HOLDER":"Michaël Goupil","AUTHORIZATION_EXPIRY_DATE":"March 31, 2043","CULTIVATION_METHOD":"Bottom culture","SPECIES_CODE_DESCRIPTION":"2: American oyster"},"id":530},{"type":"Feature","geometry":{"type":"Polygon","coordinates":[[[-64.77814736983193,47.714487319204515],[-64.77993555910022,47.71567973160734],[-64.78156583993938,47.71565787002899],[-64.78424008299872,47.71562185728743],[-64.78469228968457,47.71181806877493],[-64.77814736983193,47.714487319204515]]]},"properties":{"SIZE_HA":"12.07","OBJECTID":"532","SITE_NUMBER":"MS-1101","AUTHORIZATION_TYPE":"Q09","AUTHORIZATION_HOLDER":"R.M.L. PECHE LTEE","AUTHORIZATION_EXPIRY_DATE":"March 31, 2044","CULTIVATION_METHOD":"Bottom culture,Off-bottom culture,Suspended culture","SPECIES_CODE_DESCRIPTION":"2: American oyster"},"id":532},{"type":"Feature","geometry":{"type":"Polygon","coordinates":[[[-65.08516263045955,47.22390941079791],[-65.08557079284647,47.224454184962106],[-65.08854437812747,47.22436469855875],[-65.0881887526487,47.2238295748206],[-65.08665577221632,47.223873756471086],[-65.08590544596429,47.22278502404151],[-65.08441185817134,47.2228386551071],[-65.08516263045955,47.22390941079791]]]},"properties":{"SIZE_HA":"2.55","OBJECTID":"533","SITE_NUMBER":"MS-1119","AUTHORIZATION_TYPE":"Q09","AUTHORIZATION_HOLDER":"Steve Robichaud","AUTHORIZATION_EXPIRY_DATE":"March 31, 2034","CULTIVATION_METHOD":"Bottom culture","SPECIES_CODE_DESCRIPTION":"2: American oyster"},"id":533},{"type":"Feature","geometry":{"type":"Polygon","coordinates":[[[-64.95931910958281,47.31907564698271],[-64.96017399606653,47.31924898903084],[-64.96129727578405,47.31791458239284],[-64.95846925416373,47.317355058414364],[-64.95734591601594,47.318689437392024],[-64.95931910958281,47.31907564698271]]]},"properties":{"SIZE_HA":"3.68","OBJECTID":"534","SITE_NUMBER":"MS-0611","AUTHORIZATION_TYPE":"Q09","AUTHORIZATION_HOLDER":"Jean-Marc Thibodeau et Jean-Marc Roussel","AUTHORIZATION_EXPIRY_DATE":"March 31, 2027","CULTIVATION_METHOD":"Bottom culture,Off-bottom culture,Suspended culture","SPECIES_CODE_DESCRIPTION":"2: American oyster"},"id":534},{"type":"Feature","geometry":{"type":"Polygon","coordinates":[[[-64.95659886092375,47.32164811465042],[-64.95822701598853,47.322074704809054],[-64.95881207521487,47.32105698277512],[-64.95827377080828,47.320914850272054],[-64.95931910958281,47.31907564698271],[-64.95734591601594,47.318689437392024],[-64.95578466308044,47.32143930723277],[-64.95659886092375,47.32164811465042]]]},"properties":{"SIZE_HA":"5.67","OBJECTID":"535","SITE_NUMBER":"MS-0612","AUTHORIZATION_TYPE":"Q09","AUTHORIZATION_HOLDER":"Jean-Marc Thibodeau et Jean-Marc Roussel","AUTHORIZATION_EXPIRY_DATE":"March 31, 2030","CULTIVATION_METHOD":"Bottom culture,Off-bottom culture,Suspended culture","SPECIES_CODE_DESCRIPTION":"2: American oyster"},"id":535},{"type":"Feature","geometry":{"type":"Polygon","coordinates":[[[-64.52489992463919,47.87015945342223],[-64.52870718717429,47.87201418192115],[-64.52966277114271,47.87113091726028],[-64.5286525880446,47.870619039915766],[-64.52722165793702,47.86992010279959],[-64.52603987185462,47.869351314972086],[-64.52489992463919,47.87015945342223]]]},"properties":{"SIZE_HA":"4.17","OBJECTID":"536","SITE_NUMBER":"MS-0652","AUTHORIZATION_TYPE":"Q09","AUTHORIZATION_HOLDER":"Tommy Chiasson","AUTHORIZATION_EXPIRY_DATE":"March 31, 2034","CULTIVATION_METHOD":"Bottom culture","SPECIES_CODE_DESCRIPTION":"2: American oyster"},"id":536},{"type":"Feature","geometry":{"type":"Polygon","coordinates":[[[-64.95014993165695,47.348679999229795],[-64.95073739988402,47.347658756834875],[-64.94742677869904,47.3467766512041],[-64.9468422086266,47.34780106499469],[-64.95014993165695,47.348679999229795]]]},"properties":{"SIZE_HA":"3.27","OBJECTID":"537","SITE_NUMBER":"MS-1433","AUTHORIZATION_TYPE":"Q09","AUTHORIZATION_HOLDER":"Allison Thibodeau and Cynthia Thibodeau","AUTHORIZATION_EXPIRY_DATE":"March 31, 2032","CULTIVATION_METHOD":"Bottom culture,Off-bottom culture,Suspended culture","SPECIES_CODE_DESCRIPTION":"2: American oyster"},"id":537},{"type":"Feature","geometry":{"type":"Polygon","coordinates":[[[-64.61398179492285,46.367030378627106],[-64.61399793641502,46.36618480083719],[-64.61123052721659,46.366148062730204],[-64.61121434299604,46.36699363981285],[-64.61398179492285,46.367030378627106]]]},"properties":{"SIZE_HA":"2.01","OBJECTID":"538","SITE_NUMBER":"MS-1286","AUTHORIZATION_TYPE":"Q09","AUTHORIZATION_HOLDER":"M & R Oyster Farm Inc.","AUTHORIZATION_EXPIRY_DATE":"March 31, 2043","CULTIVATION_METHOD":"Bottom culture,Off-bottom culture,Suspended culture","SPECIES_CODE_DESCRIPTION":"2: American oyster"},"id":538},{"type":"Feature","geometry":{"type":"Polygon","coordinates":[[[-64.54331677525688,47.86598297978396],[-64.5404810060695,47.86352448593377],[-64.53970398677241,47.862854731183155],[-64.53773631043543,47.86292941254825],[-64.54203523875375,47.86665397291561],[-64.54331677525688,47.86598297978396]]]},"properties":{"SIZE_HA":"5.83","OBJECTID":"540","SITE_NUMBER":"MS-0038","AUTHORIZATION_TYPE":"Q09","AUTHORIZATION_HOLDER":"Ulysse David","AUTHORIZATION_EXPIRY_DATE":"March 31, 2034","CULTIVATION_METHOD":"Bottom culture","SPECIES_CODE_DESCRIPTION":"2: American oyster"},"id":540},{"type":"Feature","geometry":{"type":"Polygon","coordinates":[[[-64.67553813321491,47.78569932611813],[-64.67848200408376,47.787022900423025],[-64.67893807130824,47.78657132086309],[-64.67599421387663,47.7852477580106],[-64.67553813321491,47.78569932611813]]]},"properties":{"SIZE_HA":"1.62","OBJECTID":"541","SITE_NUMBER":"MS-0535","AUTHORIZATION_TYPE":"Q09","AUTHORIZATION_HOLDER":"Daniel Chiasson et Josée Nancy Jones","AUTHORIZATION_EXPIRY_DATE":"March 31, 2034","CULTIVATION_METHOD":"Bottom culture","SPECIES_CODE_DESCRIPTION":"2: American oyster"},"id":541},{"type":"Feature","geometry":{"type":"Polygon","coordinates":[[[-64.96344904624625,47.341670764632575],[-64.9649980432271,47.34221278441806],[-64.96575972576707,47.34124640978324],[-64.96421418779607,47.34068609430917],[-64.96344904624625,47.341670764632575]]]},"properties":{"SIZE_HA":"1.62","OBJECTID":"542","SITE_NUMBER":"MS-0891","AUTHORIZATION_TYPE":"Q09","AUTHORIZATION_HOLDER":"Les Huîtres Maroma Inc.","AUTHORIZATION_EXPIRY_DATE":"March 31, 2034","CULTIVATION_METHOD":"Bottom culture,Off-bottom culture,Suspended culture","SPECIES_CODE_DESCRIPTION":"2: American oyster"},"id":542},{"type":"Feature","geometry":{"type":"Polygon","coordinates":[[[-64.75977472114323,46.690713707722104],[-64.75890582807656,46.689674778509264],[-64.75751507715542,46.69022948638095],[-64.75839731044775,46.69125963130462],[-64.75977472114323,46.690713707722104]]]},"properties":{"SIZE_HA":"1.62","OBJECTID":"543","SITE_NUMBER":"MS-0015","AUTHORIZATION_TYPE":"Q09","AUTHORIZATION_HOLDER":"ALLAIN AQUACULTURE INC.","AUTHORIZATION_EXPIRY_DATE":"March 31, 2026","CULTIVATION_METHOD":"Bottom culture,Off-bottom culture,Suspended culture","SPECIES_CODE_DESCRIPTION":"2: American oyster"},"id":543},{"type":"Feature","geometry":{"type":"Polygon","coordinates":[[[-64.75718680956942,46.693121731154235],[-64.75544879122273,46.691052821301156],[-64.75476020824814,46.69132126238353],[-64.75562904739472,46.692360222320424],[-64.75649820863921,46.693390182446734],[-64.75718680956942,46.693121731154235]]]},"properties":{"SIZE_HA":"1.62","OBJECTID":"544","SITE_NUMBER":"MS-1571","AUTHORIZATION_TYPE":"Q09","AUTHORIZATION_HOLDER":"ALLAIN AQUACULTURE INC.","AUTHORIZATION_EXPIRY_DATE":"March 31, 2026","CULTIVATION_METHOD":"Bottom culture,Off-bottom culture,Suspended culture","SPECIES_CODE_DESCRIPTION":"2: American oyster"},"id":544},{"type":"Feature","geometry":{"type":"Polygon","coordinates":[[[-64.86938759622309,46.7090162422975],[-64.8683864608004,46.70838117024214],[-64.8662967524895,46.71001593020973],[-64.86729789311441,46.71065102034038],[-64.86938759622309,46.7090162422975]]]},"properties":{"SIZE_HA":"2.43","OBJECTID":"545","SITE_NUMBER":"MS-0673","AUTHORIZATION_TYPE":"Q09","AUTHORIZATION_HOLDER":"LES HUÎTRES ROBICHAUD LTÉE / ROBICHAUD OYSTERS LTD","AUTHORIZATION_EXPIRY_DATE":"March 31, 2034","CULTIVATION_METHOD":"Bottom culture","SPECIES_CODE_DESCRIPTION":"2: American oyster"},"id":545},{"type":"Feature","geometry":{"type":"Polygon","coordinates":[[[-64.80711775282107,46.69755925800113],[-64.80682881630604,46.6984367493136],[-64.80619385257071,46.70034384403291],[-64.80944728786264,46.700859756995214],[-64.81037131076286,46.69806615056802],[-64.80711775282107,46.69755925800113]]]},"properties":{"SIZE_HA":"8.10","OBJECTID":"546","SITE_NUMBER":"MS-1246","AUTHORIZATION_TYPE":"Q09","AUTHORIZATION_HOLDER":"ALLAIN AQUACULTURE INC.","AUTHORIZATION_EXPIRY_DATE":"March 31, 2026","CULTIVATION_METHOD":"Off-bottom culture,Suspended culture","SPECIES_CODE_DESCRIPTION":"2: American oyster"},"id":546},{"type":"Feature","geometry":{"type":"Polygon","coordinates":[[[-64.607032181194,46.38681072788975],[-64.60586105912611,46.38232814099614],[-64.60484247452374,46.38245521838645],[-64.6060135155202,46.38693781502678],[-64.607032181194,46.38681072788975]]]},"properties":{"SIZE_HA":"4.05","OBJECTID":"547","SITE_NUMBER":"MS-1240","AUTHORIZATION_TYPE":"Q11","AUTHORIZATION_HOLDER":"EMAX LeBlanc Oyster Farm Inc.","AUTHORIZATION_EXPIRY_DATE":"March 31, 2026","CULTIVATION_METHOD":"Bottom culture,Off-bottom culture","SPECIES_CODE_DESCRIPTION":"2: American oyster"},"id":547},{"type":"Feature","geometry":{"type":"Polygon","coordinates":[[[-64.06826988674162,46.15806653778704],[-64.06630151341488,46.157492911876126],[-64.06385442013334,46.15680489283182],[-64.06104457587455,46.15884167223087],[-64.06234785448852,46.16001007013809],[-64.0632671893566,46.15969855130975],[-64.06442681295238,46.16086610232302],[-64.06826988674162,46.15806653778704]]]},"properties":{"SIZE_HA":"12.70","OBJECTID":"548","SITE_NUMBER":"MS-1260","AUTHORIZATION_TYPE":"Q11","AUTHORIZATION_HOLDER":"LITTLE SHEMOGUE OYSTER FARM LTD","AUTHORIZATION_EXPIRY_DATE":"March 31, 2026","CULTIVATION_METHOD":"Bottom culture,Off-bottom culture,Suspended culture","SPECIES_CODE_DESCRIPTION":"2: American oyster"},"id":548},{"type":"Feature","geometry":{"type":"Polygon","coordinates":[[[-64.57986589442743,46.33351865983111],[-64.57367459408911,46.33484511180189],[-64.5743365143821,46.336341021980964],[-64.58052796891194,46.335014535577024],[-64.57986589442743,46.33351865983111]]]},"properties":{"SIZE_HA":"8.67","OBJECTID":"549","SITE_NUMBER":"MS-1308","AUTHORIZATION_TYPE":"Q09","AUTHORIZATION_HOLDER":"Koyster Oyster Agriculture Ltd.","AUTHORIZATION_EXPIRY_DATE":"March 31, 2035","CULTIVATION_METHOD":"Bottom culture,Off-bottom culture,Suspended culture","SPECIES_CODE_DESCRIPTION":"1: Alewife,2: American oyster,7: Bar clam,9: Blue mussel,15: Deep-Sea scallop,34: Quahog"},"id":549},{"type":"Feature","geometry":{"type":"Polygon","coordinates":[[[-64.86611743400458,46.711192039966306],[-64.86716687410497,46.710658151290865],[-64.86435861133195,46.709223503425406],[-64.8637079223318,46.70954712124589],[-64.86512524498632,46.71026015134749],[-64.86470007395097,46.71047902203091],[-64.86526695926368,46.71076603000898],[-64.86611743400458,46.711192039966306]]]},"properties":{"SIZE_HA":"2.12","OBJECTID":"550","SITE_NUMBER":"MS-1137","AUTHORIZATION_TYPE":"Q09","AUTHORIZATION_HOLDER":"LES HUÎTRES ROBICHAUD LTÉE / ROBICHAUD OYSTERS LTD","AUTHORIZATION_EXPIRY_DATE":"March 31, 2034","CULTIVATION_METHOD":"Bottom culture,Off-bottom culture","SPECIES_CODE_DESCRIPTION":"2: American oyster"},"id":550},{"type":"Feature","geometry":{"type":"Polygon","coordinates":[[[-64.67324882234786,46.464157413984104],[-64.6741953673007,46.46466743211284],[-64.68289365977003,46.456851693618106],[-64.68194686740405,46.45635074058531],[-64.67324882234786,46.464157413984104]]]},"properties":{"SIZE_HA":"10.00","OBJECTID":"551","SITE_NUMBER":"MS-1570","AUTHORIZATION_TYPE":"Q09","AUTHORIZATION_HOLDER":"LRRS Enterprise LP","AUTHORIZATION_EXPIRY_DATE":"March 31, 2034","CULTIVATION_METHOD":"Bottom culture","SPECIES_CODE_DESCRIPTION":"2: American oyster"},"id":551},{"type":"Feature","geometry":{"type":"Polygon","coordinates":[[[-64.86938759622309,46.7090162422975],[-64.87078084167881,46.70792037261363],[-64.86977943949083,46.7072943062154],[-64.8683864608004,46.70838117024214],[-64.86938759622309,46.7090162422975]]]},"properties":{"SIZE_HA":"1.62","OBJECTID":"552","SITE_NUMBER":"MS-0254","AUTHORIZATION_TYPE":"Q09","AUTHORIZATION_HOLDER":"LES HUÎTRES ROBICHAUD LTÉE / ROBICHAUD OYSTERS LTD","AUTHORIZATION_EXPIRY_DATE":"March 31, 2034","CULTIVATION_METHOD":"Bottom culture,Off-bottom culture,Suspended culture","SPECIES_CODE_DESCRIPTION":"2: American oyster"},"id":552},{"type":"Feature","geometry":{"type":"Polygon","coordinates":[[[-64.76885219513517,46.675870155023595],[-64.76578790427982,46.674402183638655],[-64.76485564927243,46.674532030577396],[-64.7632896850488,46.676082891952],[-64.76688168044655,46.67781084729475],[-64.76885219513517,46.675870155023595]]]},"properties":{"SIZE_HA":"8.70","OBJECTID":"553","SITE_NUMBER":"MS-1165","AUTHORIZATION_TYPE":"Q09","AUTHORIZATION_HOLDER":"ALLAIN AQUACULTURE INC.","AUTHORIZATION_EXPIRY_DATE":"March 31, 2026","CULTIVATION_METHOD":"Bottom culture,Off-bottom culture,Suspended culture","SPECIES_CODE_DESCRIPTION":"2: American oyster"},"id":553},{"type":"Feature","geometry":{"type":"Polygon","coordinates":[[[-64.8160328560168,46.69894126913723],[-64.81655311907879,46.697347351256525],[-64.8130482831455,46.69681273207211],[-64.81251713682492,46.69840863415311],[-64.8160328560168,46.69894126913723]]]},"properties":{"SIZE_HA":"5.00","OBJECTID":"554","SITE_NUMBER":"MS-1435","AUTHORIZATION_TYPE":"Q09","AUTHORIZATION_HOLDER":"Sigenigtog Oyster Inc.","AUTHORIZATION_EXPIRY_DATE":"March 31, 2031","CULTIVATION_METHOD":"Bottom culture,Off-bottom culture,Suspended culture","SPECIES_CODE_DESCRIPTION":"2: American oyster"},"id":554},{"type":"Feature","geometry":{"type":"Polygon","coordinates":[[[-64.65755546151524,46.488124286328144],[-64.65703758516827,46.48676415456205],[-64.65303855514595,46.48749038320147],[-64.65355620792732,46.48885053012808],[-64.65755546151524,46.488124286328144]]]},"properties":{"SIZE_HA":"4.96","OBJECTID":"555","SITE_NUMBER":"MS-1386","AUTHORIZATION_TYPE":"Q09","AUTHORIZATION_HOLDER":"Southeast Aquaculture Sud-Est Inc.","AUTHORIZATION_EXPIRY_DATE":"March 31, 2033","CULTIVATION_METHOD":"Bottom culture,Off-bottom culture,Suspended culture","SPECIES_CODE_DESCRIPTION":"2: American oyster"},"id":555},{"type":"Feature","geometry":{"type":"Polygon","coordinates":[[[-64.7802509477547,47.72054101903984],[-64.78027577973329,47.72138224369069],[-64.78429324622992,47.72132819798276],[-64.7845558681405,47.7204831356377],[-64.7802509477547,47.72054101903984]]]},"properties":{"SIZE_HA":"2.92","OBJECTID":"556","SITE_NUMBER":"MS-1066","AUTHORIZATION_TYPE":"Q09","AUTHORIZATION_HOLDER":"R.M.L. PECHE LTEE","AUTHORIZATION_EXPIRY_DATE":"March 31, 2045","CULTIVATION_METHOD":"Bottom culture,Off-bottom culture,Suspended culture","SPECIES_CODE_DESCRIPTION":"2: American oyster"},"id":556},{"type":"Feature","geometry":{"type":"Polygon","coordinates":[[[-64.89920341009535,47.54508458352098],[-64.89735403897922,47.54557314564594],[-64.89858209135335,47.547180907071095],[-64.90043026904243,47.54669374797015],[-64.89920341009535,47.54508458352098]]]},"properties":{"SIZE_HA":"3.00","OBJECTID":"557","SITE_NUMBER":"MS-1401","AUTHORIZATION_TYPE":"Q09","AUTHORIZATION_HOLDER":"Dignard Aquaculture Inc.","AUTHORIZATION_EXPIRY_DATE":"March 31, 2029","CULTIVATION_METHOD":"Bottom culture,Off-bottom culture,Suspended culture","SPECIES_CODE_DESCRIPTION":"2: American oyster"},"id":557},{"type":"Feature","geometry":{"type":"Polygon","coordinates":[[[-64.65373128912688,46.46101844258809],[-64.6526206914923,46.460361630837205],[-64.65130910788727,46.461411207711194],[-64.65241971070559,46.46206803212863],[-64.65373128912688,46.46101844258809]]]},"properties":{"SIZE_HA":"1.70","OBJECTID":"558","SITE_NUMBER":"MS-1368","AUTHORIZATION_TYPE":"Q09","AUTHORIZATION_HOLDER":"LeBlanc Oyster Bay Ltd.","AUTHORIZATION_EXPIRY_DATE":"March 31, 2028","CULTIVATION_METHOD":"Bottom culture,Off-bottom culture,Suspended culture","SPECIES_CODE_DESCRIPTION":"2: American oyster,7: Bar clam,34: Quahog"},"id":558},{"type":"Feature","geometry":{"type":"Polygon","coordinates":[[[-64.78149579818246,46.690645633161225],[-64.78030817865273,46.690573830117984],[-64.78022031091028,46.69128332181717],[-64.78140794582634,46.69135512586438],[-64.78149579818246,46.690645633161225]]]},"properties":{"SIZE_HA":"0.73","OBJECTID":"559","SITE_NUMBER":"MS-1577","AUTHORIZATION_TYPE":"Q09","AUTHORIZATION_HOLDER":"Roger Léger","AUTHORIZATION_EXPIRY_DATE":"March 31, 2034","CULTIVATION_METHOD":"Bottom culture","SPECIES_CODE_DESCRIPTION":"2: American oyster,7: Bar clam"},"id":559},{"type":"Feature","geometry":{"type":"Polygon","coordinates":[[[-64.79354073412664,46.69390281541629],[-64.79374697277204,46.69358197372557],[-64.79012101330926,46.692457213192384],[-64.78990168756286,46.69277785326141],[-64.79354073412664,46.69390281541629]]]},"properties":{"SIZE_HA":"1.21","OBJECTID":"560","SITE_NUMBER":"MS-1185","AUTHORIZATION_TYPE":"Q09","AUTHORIZATION_HOLDER":"Indian Island First Nation","AUTHORIZATION_EXPIRY_DATE":"March 31, 2025","CULTIVATION_METHOD":"Bottom culture","SPECIES_CODE_DESCRIPTION":"2: American oyster"},"id":560},{"type":"Feature","geometry":{"type":"Polygon","coordinates":[[[-64.78149579818246,46.690645633161225],[-64.78140794582634,46.69135512586438],[-64.7837272313824,46.692028716491706],[-64.78611618559451,46.69215444867331],[-64.78626051537543,46.69089694454806],[-64.78149579818246,46.690645633161225]]]},"properties":{"SIZE_HA":"4.61","OBJECTID":"561","SITE_NUMBER":"MS-1578","AUTHORIZATION_TYPE":"Q09","AUTHORIZATION_HOLDER":"Indian Island First Nation","AUTHORIZATION_EXPIRY_DATE":"March 31, 2025","CULTIVATION_METHOD":"Bottom culture","SPECIES_CODE_DESCRIPTION":"2: American oyster"},"id":561},{"type":"Feature","geometry":{"type":"Polygon","coordinates":[[[-64.67648790683202,46.50634715736697],[-64.67599059388985,46.50524146426785],[-64.67547872499443,46.505350274040275],[-64.6721018109529,46.505791243939456],[-64.67213184033966,46.5060616656819],[-64.67262908201187,46.50716737488967],[-64.67648790683202,46.50634715736697]]]},"properties":{"SIZE_HA":"4.38","OBJECTID":"562","SITE_NUMBER":"MS-1203","AUTHORIZATION_TYPE":"Q09","AUTHORIZATION_HOLDER":"Bastarache Bay Oysters Inc.","AUTHORIZATION_EXPIRY_DATE":"March 31, 2029","CULTIVATION_METHOD":"Bottom culture,Off-bottom culture,Suspended culture","SPECIES_CODE_DESCRIPTION":"2: American oyster,34: Quahog"},"id":562},{"type":"Feature","geometry":{"type":"Polygon","coordinates":[[[-64.89049576250441,47.54067010529744],[-64.89333823883611,47.542252621429625],[-64.89627337221083,47.54112458979674],[-64.8946981267457,47.54038183799214],[-64.89049576250441,47.54067010529744]]]},"properties":{"SIZE_HA":"4.78","OBJECTID":"563","SITE_NUMBER":"MS-1109","AUTHORIZATION_TYPE":"Q09","AUTHORIZATION_HOLDER":"Alexis McGraw et Philippe McGraw","AUTHORIZATION_EXPIRY_DATE":"March 31, 2044","CULTIVATION_METHOD":"Bottom culture,Off-bottom culture,Suspended culture","SPECIES_CODE_DESCRIPTION":"2: American oyster"},"id":563},{"type":"Feature","geometry":{"type":"Polygon","coordinates":[[[-64.54633719133192,47.86779687445371],[-64.54797840181465,47.86787846299238],[-64.54822453599812,47.86557090971954],[-64.54662380789381,47.865481010449926],[-64.54661078321162,47.86547179627549],[-64.54633719133192,47.86779687445371]]]},"properties":{"SIZE_HA":"3.12","OBJECTID":"564","SITE_NUMBER":"MS-0397","AUTHORIZATION_TYPE":"Q09","AUTHORIZATION_HOLDER":"Jeff Plourde","AUTHORIZATION_EXPIRY_DATE":"March 31, 2035","CULTIVATION_METHOD":"Bottom culture","SPECIES_CODE_DESCRIPTION":"2: American oyster"},"id":564},{"type":"Feature","geometry":{"type":"Polygon","coordinates":[[[-64.78027577973329,47.72138224369069],[-64.7808622324192,47.72715226084506],[-64.78349144578088,47.7260803563019],[-64.78269213558167,47.72322914361275],[-64.78429324622992,47.72132819798276],[-64.78027577973329,47.72138224369069]]]},"properties":{"SIZE_HA":"12.00","OBJECTID":"565","SITE_NUMBER":"MS-1167","AUTHORIZATION_TYPE":"Q09","AUTHORIZATION_HOLDER":"R.M.L. PECHE LTEE","AUTHORIZATION_EXPIRY_DATE":"March 31, 2028","CULTIVATION_METHOD":"Bottom culture,Off-bottom culture,Suspended culture","SPECIES_CODE_DESCRIPTION":"2: American oyster"},"id":565},{"type":"Feature","geometry":{"type":"Polygon","coordinates":[[[-64.66013731381352,46.49164848394706],[-64.65933182787863,46.489454021156234],[-64.6541373598687,46.49039849998902],[-64.65497069241057,46.49256510602983],[-64.66013731381352,46.49164848394706]]]},"properties":{"SIZE_HA":"10.25","OBJECTID":"566","SITE_NUMBER":"MS-1320","AUTHORIZATION_TYPE":"Q09","AUTHORIZATION_HOLDER":"M.R. JAILLET ENTERPRISES INC.","AUTHORIZATION_EXPIRY_DATE":"March 31, 2045","CULTIVATION_METHOD":"Bottom culture,Off-bottom culture,Suspended culture","SPECIES_CODE_DESCRIPTION":"2: American oyster,8: Bay scallop,9: Blue mussel"},"id":566},{"type":"Feature","geometry":{"type":"Polygon","coordinates":[[[-65.06872781026057,47.24441538709475],[-65.07095095436017,47.24526160932978],[-65.07182522776777,47.24418392587749],[-65.06992359657816,47.24366556662228],[-65.06945155620933,47.24353376463935],[-65.06917829292297,47.24387222205594],[-65.06872781026057,47.24441538709475]]]},"properties":{"SIZE_HA":"2.40","OBJECTID":"567","SITE_NUMBER":"MS-0884","AUTHORIZATION_TYPE":"Q09","AUTHORIZATION_HOLDER":"La Maison Beausoleil (2010) Inc.","AUTHORIZATION_EXPIRY_DATE":"March 31, 2033","CULTIVATION_METHOD":"Bottom culture","SPECIES_CODE_DESCRIPTION":"2: American oyster"},"id":567},{"type":"Feature","geometry":{"type":"Polygon","coordinates":[[[-65.09622498722042,47.221031016990494],[-65.09442592403414,47.22165680369952],[-65.0952930900232,47.22282786868682],[-65.09593188190986,47.2236452982502],[-65.09665205126628,47.22337519282786],[-65.09770482898361,47.22301017419912],[-65.09622498722042,47.221031016990494]]]},"properties":{"SIZE_HA":"3.64","OBJECTID":"568","SITE_NUMBER":"MS-0077","AUTHORIZATION_TYPE":"Q09","AUTHORIZATION_HOLDER":"OstreaSilva Ressources & Consultants Inc.","AUTHORIZATION_EXPIRY_DATE":"March 31, 2034","CULTIVATION_METHOD":"Bottom culture","SPECIES_CODE_DESCRIPTION":"2: American oyster"},"id":568},{"type":"Feature","geometry":{"type":"Polygon","coordinates":[[[-65.09508936790266,47.219523831454275],[-65.09584219769299,47.22052257401798],[-65.09622498722042,47.221031016990494],[-65.09770482898361,47.22301017419912],[-65.098411073123,47.222766876557976],[-65.0978415650196,47.219809242200974],[-65.09707527195005,47.21881934484067],[-65.09508936790266,47.219523831454275]]]},"properties":{"SIZE_HA":"5.42","OBJECTID":"569","SITE_NUMBER":"MS-0548","AUTHORIZATION_TYPE":"Q09","AUTHORIZATION_HOLDER":"OstreaSilva Ressources & Consultants Inc.","AUTHORIZATION_EXPIRY_DATE":"March 31, 2034","CULTIVATION_METHOD":"Bottom culture","SPECIES_CODE_DESCRIPTION":"2: American oyster"},"id":569},{"type":"Feature","geometry":{"type":"Polygon","coordinates":[[[-65.09489768497698,47.22430739705296],[-65.09596975221064,47.225723847076196],[-65.09716921203147,47.225306643933564],[-65.09610985006935,47.22390835194516],[-65.09489768497698,47.22430739705296]]]},"properties":{"SIZE_HA":"1.70","OBJECTID":"570","SITE_NUMBER":"MS-1259","AUTHORIZATION_TYPE":"Q09","AUTHORIZATION_HOLDER":"OstreaSilva Ressources & Consultants Inc.","AUTHORIZATION_EXPIRY_DATE":"March 31, 2034","CULTIVATION_METHOD":"Bottom culture","SPECIES_CODE_DESCRIPTION":"2: American oyster"},"id":570},{"type":"Feature","geometry":{"type":"Polygon","coordinates":[[[-65.0918917862989,47.222615433173594],[-65.0903989194014,47.22264216239733],[-65.09116253648963,47.2237310274821],[-65.09266910780528,47.223686463417906],[-65.0918917862989,47.222615433173594]]]},"properties":{"SIZE_HA":"1.21","OBJECTID":"571","SITE_NUMBER":"MS-1303","AUTHORIZATION_TYPE":"Q09","AUTHORIZATION_HOLDER":"OstreaSilva Ressources & Consultants Inc.","AUTHORIZATION_EXPIRY_DATE":"March 31, 2034","CULTIVATION_METHOD":"Bottom culture","SPECIES_CODE_DESCRIPTION":"2: American oyster"},"id":571},{"type":"Feature","geometry":{"type":"Polygon","coordinates":[[[-64.94291590999312,47.36200124569825],[-64.94417059605244,47.36228849294157],[-64.94459332743237,47.36143643446244],[-64.94501670684913,47.36058438304996],[-64.94125348370754,47.359721738050126],[-64.94083069987676,47.36057423412157],[-64.94040791552389,47.361426278726896],[-64.94291590999312,47.36200124569825]]]},"properties":{"SIZE_HA":"6.00","OBJECTID":"572","SITE_NUMBER":"MS-1258","AUTHORIZATION_TYPE":"Q09","AUTHORIZATION_HOLDER":"Allison Thibodeau","AUTHORIZATION_EXPIRY_DATE":"March 31, 2034","CULTIVATION_METHOD":"Bottom culture,Off-bottom culture,Suspended culture","SPECIES_CODE_DESCRIPTION":"2: American oyster"},"id":572},{"type":"Feature","geometry":{"type":"Polygon","coordinates":[[[-64.94125348370754,47.359721738050126],[-64.94501670684913,47.36058438304996],[-64.94604691809164,47.35963381149344],[-64.94178242737155,47.358656571676825],[-64.94125348370754,47.359721738050126]]]},"properties":{"SIZE_HA":"4.00","OBJECTID":"573","SITE_NUMBER":"MS-1202","AUTHORIZATION_TYPE":"Q09","AUTHORIZATION_HOLDER":"Allison Thibodeau","AUTHORIZATION_EXPIRY_DATE":"March 31, 2044","CULTIVATION_METHOD":"Bottom culture,Off-bottom culture,Suspended culture","SPECIES_CODE_DESCRIPTION":"2: American oyster"},"id":573},{"type":"Feature","geometry":{"type":"Polygon","coordinates":[[[-64.83859823028777,46.705991769988294],[-64.83724650954348,46.704433594483106],[-64.83272912417345,46.70630242741763],[-64.83409411048586,46.70785185161723],[-64.83859823028777,46.705991769988294]]]},"properties":{"SIZE_HA":"8.09","OBJECTID":"574","SITE_NUMBER":"MS-0728","AUTHORIZATION_TYPE":"Q09","AUTHORIZATION_HOLDER":"Beaurivage Aquaculture Inc.","AUTHORIZATION_EXPIRY_DATE":"March 31, 2032","CULTIVATION_METHOD":"Bottom culture,Off-bottom culture,Suspended culture","SPECIES_CODE_DESCRIPTION":"2: American oyster"},"id":574},{"type":"Feature","geometry":{"type":"Polygon","coordinates":[[[-65.06377208864046,47.232191081624734],[-65.06323254607564,47.23162660038043],[-65.06024726835373,47.23262389373382],[-65.06173795423206,47.23415258612186],[-65.06307173975063,47.23369351114572],[-65.06467585195044,47.23314134995177],[-65.06377208864046,47.232191081624734]]]},"properties":{"SIZE_HA":"5.00","OBJECTID":"575","SITE_NUMBER":"MS-1585","AUTHORIZATION_TYPE":"Q09","AUTHORIZATION_HOLDER":"La Maison Beausoleil (2010) Inc.","AUTHORIZATION_EXPIRY_DATE":"March 31, 2035","CULTIVATION_METHOD":"Bottom culture","SPECIES_CODE_DESCRIPTION":"2: American oyster,7: Bar clam,34: Quahog"},"id":575},{"type":"Feature","geometry":{"type":"Polygon","coordinates":[[[-65.07473567764838,47.23362261803887],[-65.0752153817595,47.23495096851319],[-65.0762342223664,47.23488259465805],[-65.07574129012968,47.233554085100494],[-65.07473567764838,47.23362261803887]]]},"properties":{"SIZE_HA":"1.21","OBJECTID":"576","SITE_NUMBER":"MS-1584","AUTHORIZATION_TYPE":"Q09","AUTHORIZATION_HOLDER":"La Maison Beausoleil (2010) Inc.","AUTHORIZATION_EXPIRY_DATE":"March 31, 2035","CULTIVATION_METHOD":"Bottom culture","SPECIES_CODE_DESCRIPTION":"2: American oyster,7: Bar clam,34: Quahog"},"id":576},{"type":"Feature","geometry":{"type":"Polygon","coordinates":[[[-65.07568326518918,47.23920288316426],[-65.07691350040729,47.23963189682955],[-65.07762527725036,47.23869609924128],[-65.07639505767693,47.23826709314398],[-65.07598454942203,47.23880178427163],[-65.07568326518918,47.23920288316426]]]},"properties":{"SIZE_HA":"1.21","OBJECTID":"577","SITE_NUMBER":"MS-1583","AUTHORIZATION_TYPE":"Q09","AUTHORIZATION_HOLDER":"La Maison Beausoleil (2010) Inc.","AUTHORIZATION_EXPIRY_DATE":"March 31, 2035","CULTIVATION_METHOD":"Bottom culture,Off-bottom culture,Suspended culture","SPECIES_CODE_DESCRIPTION":"2: American oyster,7: Bar clam,34: Quahog"},"id":577},{"type":"Feature","geometry":{"type":"Polygon","coordinates":[[[-65.07424918311136,47.23750289306902],[-65.0760418889736,47.238136785913234],[-65.07642502489716,47.23763774059573],[-65.0768081536287,47.23713869389467],[-65.07597074708565,47.23684047719704],[-65.07501571156179,47.23649581983989],[-65.07424918311136,47.23750289306902]]]},"properties":{"SIZE_HA":"1.92","OBJECTID":"578","SITE_NUMBER":"MS-1582","AUTHORIZATION_TYPE":"Q09","AUTHORIZATION_HOLDER":"La Maison Beausoleil (2010) Inc.","AUTHORIZATION_EXPIRY_DATE":"March 31, 2035","CULTIVATION_METHOD":"Bottom culture,Off-bottom culture,Suspended culture","SPECIES_CODE_DESCRIPTION":"2: American oyster,7: Bar clam,34: Quahog"},"id":578},{"type":"Feature","geometry":{"type":"Polygon","coordinates":[[[-65.07960028922467,47.229985296887754],[-65.08007039384043,47.23068378597195],[-65.0811460146167,47.23046313588618],[-65.08067589780651,47.22976465107971],[-65.07960028922467,47.229985296887754]]]},"properties":{"SIZE_HA":"0.69","OBJECTID":"579","SITE_NUMBER":"MS-1581","AUTHORIZATION_TYPE":"Q09","AUTHORIZATION_HOLDER":"La Maison Beausoleil (2010) Inc.","AUTHORIZATION_EXPIRY_DATE":"March 31, 2035","CULTIVATION_METHOD":"Bottom culture,Off-bottom culture,Suspended culture","SPECIES_CODE_DESCRIPTION":"2: American oyster,7: Bar clam,34: Quahog"},"id":579},{"type":"Feature","geometry":{"type":"Polygon","coordinates":[[[-64.89580296128848,47.55594204670795],[-64.89779516517079,47.558433407525584],[-64.89967140420913,47.55774758033108],[-64.89767233578536,47.555257056192005],[-64.89580296128848,47.55594204670795]]]},"properties":{"SIZE_HA":"5.00","OBJECTID":"580","SITE_NUMBER":"MS-1124","AUTHORIZATION_TYPE":"Q09","AUTHORIZATION_HOLDER":"Reno Benoît","AUTHORIZATION_EXPIRY_DATE":"March 31, 2027","CULTIVATION_METHOD":"Bottom culture,Off-bottom culture,Suspended culture","SPECIES_CODE_DESCRIPTION":"2: American oyster"},"id":580},{"type":"Feature","geometry":{"type":"Polygon","coordinates":[[[-65.08258581178373,47.223976702378565],[-65.08296730772214,47.22453015400724],[-65.08557079284647,47.224454184962106],[-65.08516263045955,47.22390941079791],[-65.08258581178373,47.223976702378565]]]},"properties":{"SIZE_HA":"1.21","OBJECTID":"581","SITE_NUMBER":"MS-0603","AUTHORIZATION_TYPE":"Q09","AUTHORIZATION_HOLDER":"Steve Robichaud","AUTHORIZATION_EXPIRY_DATE":"March 31, 2031","CULTIVATION_METHOD":"Bottom culture","SPECIES_CODE_DESCRIPTION":"2: American oyster"},"id":581},{"type":"Feature","geometry":{"type":"Polygon","coordinates":[[[-64.94937910150892,47.34518363936046],[-64.94867983846542,47.344652477314874],[-64.94711709723653,47.34559401947846],[-64.94780312618468,47.34612501284811],[-64.94937910150892,47.34518363936046]]]},"properties":{"SIZE_HA":"1.25","OBJECTID":"582","SITE_NUMBER":"MS-1441","AUTHORIZATION_TYPE":"Q09","AUTHORIZATION_HOLDER":"Aldor Rousselle","AUTHORIZATION_EXPIRY_DATE":"March 31, 2045","CULTIVATION_METHOD":"Bottom culture,Off-bottom culture,Suspended culture","SPECIES_CODE_DESCRIPTION":"2: American oyster"},"id":582},{"type":"Feature","geometry":{"type":"Polygon","coordinates":[[[-64.81903718984769,47.749397695434446],[-64.8211070911023,47.7497335245255],[-64.82194108780509,47.74741592636856],[-64.81987127181826,47.74708011242597],[-64.81949057625758,47.748144985476145],[-64.81903718984769,47.749397695434446]]]},"properties":{"SIZE_HA":"4.25","OBJECTID":"583","SITE_NUMBER":"MS-0244","AUTHORIZATION_TYPE":"Q09","AUTHORIZATION_HOLDER":"Michaël Goupil","AUTHORIZATION_EXPIRY_DATE":"March 31, 2028","CULTIVATION_METHOD":"Bottom culture,Not Applicable,Off-bottom culture,Suspended culture","SPECIES_CODE_DESCRIPTION":"2: American oyster"},"id":583},{"type":"Feature","geometry":{"type":"Polygon","coordinates":[[[-64.94780312618468,47.34612501284811],[-64.94850239955372,47.34665618003237],[-64.95006488645598,47.34572361184767],[-64.94937910150892,47.34518363936046],[-64.94780312618468,47.34612501284811]]]},"properties":{"SIZE_HA":"1.25","OBJECTID":"584","SITE_NUMBER":"MS-1443","AUTHORIZATION_TYPE":"Q09","AUTHORIZATION_HOLDER":"Stéphane Richardson et Carole Richardson","AUTHORIZATION_EXPIRY_DATE":"March 31, 2045","CULTIVATION_METHOD":"Bottom culture,Off-bottom culture,Suspended culture","SPECIES_CODE_DESCRIPTION":"2: American oyster"},"id":584},{"type":"Feature","geometry":{"type":"Polygon","coordinates":[[[-64.56660227156031,47.86708387593533],[-64.5654663599732,47.86997928658542],[-64.5646830796788,47.86983130331749],[-64.56426991463573,47.870885807742056],[-64.56422619010687,47.87098402202162],[-64.56659011400426,47.87141020930753],[-64.56818278671147,47.86736205474587],[-64.56660227156031,47.86708387593533]]]},"properties":{"SIZE_HA":"6.48","OBJECTID":"605","SITE_NUMBER":"MS-0399","AUTHORIZATION_TYPE":"Q09","AUTHORIZATION_HOLDER":"Anaclet Larocque","AUTHORIZATION_EXPIRY_DATE":"March 31, 2028","CULTIVATION_METHOD":"Not Applicable","SPECIES_CODE_DESCRIPTION":"2: American oyster"},"id":605},{"type":"Feature","geometry":{"type":"Polygon","coordinates":[[[-64.55632196308723,47.86926880356862],[-64.55752003334621,47.8694057976725],[-64.55871811004315,47.869542779446654],[-64.55903216307661,47.86683157494448],[-64.55784783873719,47.86668583095965],[-64.55663647026753,47.866548616813276],[-64.55641769393218,47.86848785107729],[-64.55632196308723,47.86926880356862]]]},"properties":{"SIZE_HA":"5.51","OBJECTID":"606","SITE_NUMBER":"MS-0402","AUTHORIZATION_TYPE":"Q09","AUTHORIZATION_HOLDER":"Luc Bussière","AUTHORIZATION_EXPIRY_DATE":"March 31, 2030","CULTIVATION_METHOD":"Not Applicable","SPECIES_CODE_DESCRIPTION":"2: American oyster"},"id":606},{"type":"Feature","geometry":{"type":"Polygon","coordinates":[[[-64.76588166144508,47.77433103853444],[-64.76748893665885,47.774552957172716],[-64.76774523066024,47.7736572987142],[-64.76612434888946,47.773444174716985],[-64.76588166144508,47.77433103853444]]]},"properties":{"SIZE_HA":"1.21","OBJECTID":"607","SITE_NUMBER":"MS-0421","AUTHORIZATION_TYPE":"Q09","AUTHORIZATION_HOLDER":"Andréa Lebouthillier","AUTHORIZATION_EXPIRY_DATE":"March 31, 2034","CULTIVATION_METHOD":"Not Applicable","SPECIES_CODE_DESCRIPTION":"2: American oyster"},"id":607},{"type":"Feature","geometry":{"type":"Polygon","coordinates":[[[-65.24826280250042,47.127820896366245],[-65.2493778645183,47.12861567745348],[-65.25032840047288,47.127987274704054],[-65.24953754109117,47.12742092768611],[-65.24921333724308,47.127192502683386],[-65.24826280250042,47.127820896366245]]]},"properties":{"SIZE_HA":"1.21","OBJECTID":"609","SITE_NUMBER":"MS-0529","AUTHORIZATION_TYPE":"Q09","AUTHORIZATION_HOLDER":"John Todd Murdock","AUTHORIZATION_EXPIRY_DATE":"March 31, 2027","CULTIVATION_METHOD":"Bottom culture","SPECIES_CODE_DESCRIPTION":"2: American oyster"},"id":609},{"type":"Feature","geometry":{"type":"Polygon","coordinates":[[[-65.01180464799887,47.81145101533799],[-65.01290312269774,47.81274231360762],[-65.01712893267774,47.81109647169912],[-65.01338080283931,47.806704176577725],[-65.00915523164079,47.80834988593303],[-65.01003380201487,47.80938654256609],[-65.01136532400318,47.81093269479293],[-65.01180464799887,47.81145101533799]]]},"properties":{"SIZE_HA":"20.64","OBJECTID":"611","SITE_NUMBER":"MS-0447","AUTHORIZATION_TYPE":"Q09","AUTHORIZATION_HOLDER":"Albert Doiron","AUTHORIZATION_EXPIRY_DATE":"March 31, 2026","CULTIVATION_METHOD":"Not Applicable","SPECIES_CODE_DESCRIPTION":"2: American oyster"},"id":611},{"type":"Feature","geometry":{"type":"Polygon","coordinates":[[[-65.03122779663795,47.79391660872582],[-65.0322837922384,47.79482043109346],[-65.03355761829067,47.79413497878463],[-65.03250161429101,47.793231167742725],[-65.03122779663795,47.79391660872582]]]},"properties":{"SIZE_HA":"1.57","OBJECTID":"613","SITE_NUMBER":"MS-0547","AUTHORIZATION_TYPE":"Q09","AUTHORIZATION_HOLDER":"André Archer","AUTHORIZATION_EXPIRY_DATE":"March 31, 2027","CULTIVATION_METHOD":"Bottom culture","SPECIES_CODE_DESCRIPTION":"2: American oyster"},"id":613},{"type":"Feature","geometry":{"type":"Polygon","coordinates":[[[-64.75245567693644,47.755896694082566],[-64.75505749581606,47.756277702069276],[-64.75527980282999,47.75560642659974],[-64.75320891628658,47.75530538588248],[-64.74491257932834,47.754091661932456],[-64.74470377860204,47.75475412852462],[-64.75245567693644,47.755896694082566]]]},"properties":{"SIZE_HA":"6.07","OBJECTID":"614","SITE_NUMBER":"MS-0110","AUTHORIZATION_TYPE":"Q09","AUTHORIZATION_HOLDER":"Cyrille Mallet et Victorin Mallet","AUTHORIZATION_EXPIRY_DATE":"March 31, 2031","CULTIVATION_METHOD":"Bottom culture","SPECIES_CODE_DESCRIPTION":"2: American oyster"},"id":614},{"type":"Feature","geometry":{"type":"Polygon","coordinates":[[[-65.14931623029631,47.181031180507894],[-65.1460675643812,47.182602533663754],[-65.14684835658235,47.183556298459735],[-65.15008543101548,47.181975071841265],[-65.14988959378262,47.18173536967261],[-65.14931623029631,47.181031180507894]]]},"properties":{"SIZE_HA":"3.64","OBJECTID":"615","SITE_NUMBER":"MS-0432","AUTHORIZATION_TYPE":"Q09","AUTHORIZATION_HOLDER":"Nicholas Savoie","AUTHORIZATION_EXPIRY_DATE":"March 31, 2031","CULTIVATION_METHOD":"Bottom culture","SPECIES_CODE_DESCRIPTION":"2: American oyster"},"id":615},{"type":"Feature","geometry":{"type":"Polygon","coordinates":[[[-64.51595877523557,47.87611450040232],[-64.5161427791587,47.876198600396336],[-64.51775361193143,47.876028236666066],[-64.51936443460994,47.87585785049234],[-64.5173951808458,47.87489774681429],[-64.51578438171384,47.87506810589005],[-64.51418693364108,47.87523867115043],[-64.51595877523557,47.87611450040232]]]},"properties":{"SIZE_HA":"3.24","OBJECTID":"617","SITE_NUMBER":"MS-0565","AUTHORIZATION_TYPE":"Q09","AUTHORIZATION_HOLDER":"Gabriel Plourde","AUTHORIZATION_EXPIRY_DATE":"March 31, 2028","CULTIVATION_METHOD":"Bottom culture","SPECIES_CODE_DESCRIPTION":"2: American oyster"},"id":617},{"type":"Feature","geometry":{"type":"Polygon","coordinates":[[[-64.70916681444007,47.82822063774789],[-64.7090203568928,47.83095279196831],[-64.7125571687423,47.83104332331632],[-64.71271679338737,47.82831136921054],[-64.70916681444007,47.82822063774789]]]},"properties":{"SIZE_HA":"8.10","OBJECTID":"619","SITE_NUMBER":"MS-0541","AUTHORIZATION_TYPE":"Q09","AUTHORIZATION_HOLDER":"Jean-Bernard Savoie","AUTHORIZATION_EXPIRY_DATE":"March 31, 2031","CULTIVATION_METHOD":"Bottom culture","SPECIES_CODE_DESCRIPTION":"2: American oyster"},"id":619},{"type":"Feature","geometry":{"type":"Polygon","coordinates":[[[-65.07093308050683,47.227152340749996],[-65.0719011111275,47.22848676280692],[-65.07191383289233,47.228504912586814],[-65.0719265546657,47.228523062365234],[-65.07322299506207,47.22794537957751],[-65.07313394068257,47.22781833206717],[-65.07225590134253,47.2265749959013],[-65.0710132522765,47.22711735059242],[-65.07093308050683,47.227152340749996]]]},"properties":{"SIZE_HA":"2.02","OBJECTID":"621","SITE_NUMBER":"MS-0605","AUTHORIZATION_TYPE":"Q09","AUTHORIZATION_HOLDER":"Donald LeBouthillier","AUTHORIZATION_EXPIRY_DATE":"March 31, 2028","CULTIVATION_METHOD":"Bottom culture","SPECIES_CODE_DESCRIPTION":"2: American oyster"},"id":621},{"type":"Feature","geometry":{"type":"Polygon","coordinates":[[[-64.95170373540932,47.33076739361883],[-64.95117831831256,47.330634397906465],[-64.94951909187176,47.33354478995263],[-64.95226380873035,47.3342653343211],[-64.9533796702586,47.33229219552901],[-64.95515232103043,47.332765742121936],[-64.9556957938768,47.33181944845804],[-64.95392316952118,47.33134591023693],[-64.95170373540932,47.33076739361883]]]},"properties":{"SIZE_HA":"9.27","OBJECTID":"622","SITE_NUMBER":"MS-0460","AUTHORIZATION_TYPE":"Q09","AUTHORIZATION_HOLDER":"Peter MacEachern","AUTHORIZATION_EXPIRY_DATE":"March 31, 2025","CULTIVATION_METHOD":"Not Applicable","SPECIES_CODE_DESCRIPTION":"2: American oyster"},"id":622},{"type":"Feature","geometry":{"type":"Polygon","coordinates":[[[-64.94367732824381,47.35446333940585],[-64.94509785828504,47.35484088482257],[-64.94606283977949,47.35315437889086],[-64.94737638404725,47.35350490750352],[-64.94836495607075,47.351782266394274],[-64.94563725595074,47.35105737071369],[-64.94464706917537,47.35277834836697],[-64.94367732824381,47.35446333940585]]]},"properties":{"SIZE_HA":"6.86","OBJECTID":"624","SITE_NUMBER":"MS-0750","AUTHORIZATION_TYPE":"Q09","AUTHORIZATION_HOLDER":"Roger Benoit","AUTHORIZATION_EXPIRY_DATE":"March 31, 2031","CULTIVATION_METHOD":"Bottom culture,Off-bottom culture,Suspended culture","SPECIES_CODE_DESCRIPTION":"2: American oyster,7: Bar clam"},"id":624},{"type":"Feature","geometry":{"type":"Polygon","coordinates":[[[-65.0596440575777,47.254891908860486],[-65.0601043261824,47.25460528835157],[-65.05864674940565,47.25363259554491],[-65.05826777473253,47.25386894974876],[-65.0596440575777,47.254891908860486]]]},"properties":{"SIZE_HA":"0.69","OBJECTID":"625","SITE_NUMBER":"MS-0010","AUTHORIZATION_TYPE":"Q09","AUTHORIZATION_HOLDER":"Gilles Allain","AUTHORIZATION_EXPIRY_DATE":"March 31, 2030","CULTIVATION_METHOD":"Bottom culture","SPECIES_CODE_DESCRIPTION":"2: American oyster"},"id":625},{"type":"Feature","geometry":{"type":"Polygon","coordinates":[[[-65.05983352896324,47.25288681488922],[-65.0613539369211,47.253832389384876],[-65.06228682707635,47.253245343208306],[-65.06066544261189,47.25237462642834],[-65.05995739986548,47.25281558457407],[-65.05983352896324,47.25288681488922]]]},"properties":{"SIZE_HA":"1.34","OBJECTID":"627","SITE_NUMBER":"MS-0628","AUTHORIZATION_TYPE":"Q09","AUTHORIZATION_HOLDER":"Succession Sullivan Savoie","AUTHORIZATION_EXPIRY_DATE":"March 31, 2031","CULTIVATION_METHOD":"Bottom culture","SPECIES_CODE_DESCRIPTION":"2: American oyster,7: Bar clam,34: Quahog"},"id":627},{"type":"Feature","geometry":{"type":"Polygon","coordinates":[[[-65.07574129012968,47.233554085100494],[-65.0762342223664,47.23488259465805],[-65.0772396174869,47.23482304187923],[-65.07674666075218,47.23349453646617],[-65.07574129012968,47.233554085100494]]]},"properties":{"SIZE_HA":"1.21","OBJECTID":"629","SITE_NUMBER":"MS-0629","AUTHORIZATION_TYPE":"Q09","AUTHORIZATION_HOLDER":"Nicholas Savoie","AUTHORIZATION_EXPIRY_DATE":"March 31, 2030","CULTIVATION_METHOD":"Bottom culture","SPECIES_CODE_DESCRIPTION":"2: American oyster"},"id":629},{"type":"Feature","geometry":{"type":"Polygon","coordinates":[[[-65.03494111275509,47.247103536381296],[-65.03714208844528,47.24777920618157],[-65.04211576022075,47.240285525857054],[-65.0399150279058,47.23960995093898],[-65.03494111275509,47.247103536381296]]]},"properties":{"SIZE_HA":"16.70","OBJECTID":"633","SITE_NUMBER":"MS-0658","AUTHORIZATION_TYPE":"Q09","AUTHORIZATION_HOLDER":"Émile Basque","AUTHORIZATION_EXPIRY_DATE":"March 31, 2027","CULTIVATION_METHOD":"Not Applicable","SPECIES_CODE_DESCRIPTION":"2: American oyster,7: Bar clam,9: Blue mussel,34: Quahog,52: Soft shell clam"},"id":633},{"type":"Feature","geometry":{"type":"Polygon","coordinates":[[[-63.86805381588966,46.14869718767235],[-63.866239119780985,46.14900624683598],[-63.86513626992165,46.14959274051734],[-63.86390841747885,46.15116632296266],[-63.86653297895627,46.15125401929129],[-63.868314568902875,46.15109718840704],[-63.86898020144275,46.15044656858177],[-63.86879641088028,46.14968633139045],[-63.86805381588966,46.14869718767235]]]},"properties":{"SIZE_HA":"7.53","OBJECTID":"635","SITE_NUMBER":"MS-0662","AUTHORIZATION_TYPE":"Q09","AUTHORIZATION_HOLDER":"Leigh Stright","AUTHORIZATION_EXPIRY_DATE":"March 31, 2031","CULTIVATION_METHOD":"Bottom culture","SPECIES_CODE_DESCRIPTION":"2: American oyster,7: Bar clam,9: Blue mussel,34: Quahog"},"id":635},{"type":"Feature","geometry":{"type":"Polygon","coordinates":[[[-64.54331677525688,47.86598297978396],[-64.54493120574183,47.86606416050511],[-64.54512834038661,47.86435844574792],[-64.54350093807581,47.864268053573106],[-64.54348757953255,47.864267828338335],[-64.54331677525688,47.86598297978396]]]},"properties":{"SIZE_HA":"2.39","OBJECTID":"638","SITE_NUMBER":"MS-0787","AUTHORIZATION_TYPE":"Q09","AUTHORIZATION_HOLDER":"Paul Laplante","AUTHORIZATION_EXPIRY_DATE":"March 31, 2031","CULTIVATION_METHOD":"Bottom culture","SPECIES_CODE_DESCRIPTION":"2: American oyster"},"id":638},{"type":"Feature","geometry":{"type":"Polygon","coordinates":[[[-64.76573551388515,47.723692939732885],[-64.77264180491579,47.72396098725115],[-64.77205027520468,47.72356340130402],[-64.77086045549615,47.72276380144182],[-64.77026438359843,47.72236325977645],[-64.76816344662173,47.72316913439899],[-64.76920113134928,47.721616173718324],[-64.76957349902851,47.72083017121925],[-64.7680246840245,47.72050119665349],[-64.76951382987473,47.71736618249473],[-64.76611067866821,47.717899980464566],[-64.76505226850709,47.71806403695953],[-64.76465135432377,47.71687967831526],[-64.7612478911318,47.71742232407338],[-64.76054885984425,47.71841028429227],[-64.76296237612569,47.71919308594761],[-64.76262633901355,47.71968277601314],[-64.76504024033397,47.72045654398092],[-64.76365583053285,47.72242371274656],[-64.76331977882481,47.72291340416429],[-64.76573551388515,47.723692939732885]]]},"properties":{"SIZE_HA":"31.26","OBJECTID":"640","SITE_NUMBER":"MS-0789","AUTHORIZATION_TYPE":"Q09","AUTHORIZATION_HOLDER":"L'ETANG RUISSEAU BAR LIMITEE","AUTHORIZATION_EXPIRY_DATE":"March 31, 2029","CULTIVATION_METHOD":"Bottom culture,Off-bottom culture,Suspended culture","SPECIES_CODE_DESCRIPTION":"2: American oyster,7: Bar clam,8: Bay scallop,34: Quahog,52: Soft shell clam"},"id":640},{"type":"Feature","geometry":{"type":"Polygon","coordinates":[[[-64.67480130025062,47.81388685959704],[-64.67598560747122,47.8147779957476],[-64.67719962968765,47.81404151204517],[-64.67601500649836,47.8131593780102],[-64.67571515342803,47.813334559629034],[-64.67480130025062,47.81388685959704]]]},"properties":{"SIZE_HA":"1.62","OBJECTID":"642","SITE_NUMBER":"MS-0800","AUTHORIZATION_TYPE":"Q09","AUTHORIZATION_HOLDER":"Anaclet Larocque","AUTHORIZATION_EXPIRY_DATE":"March 31, 2026","CULTIVATION_METHOD":"Bottom culture","SPECIES_CODE_DESCRIPTION":"2: American oyster"},"id":642},{"type":"Feature","geometry":{"type":"Polygon","coordinates":[[[-65.19873933202314,47.072439685704396],[-65.19748114892647,47.07002343413142],[-65.19378395709191,47.070449327212565],[-65.19502881885616,47.072865468850516],[-65.19873933202314,47.072439685704396]]]},"properties":{"SIZE_HA":"8.00","OBJECTID":"644","SITE_NUMBER":"MS-0741","AUTHORIZATION_TYPE":"Q09","AUTHORIZATION_HOLDER":"Estate William Murdock","AUTHORIZATION_EXPIRY_DATE":"March 31, 2026","CULTIVATION_METHOD":"Bottom culture","SPECIES_CODE_DESCRIPTION":"2: American oyster,7: Bar clam,15: Deep-Sea scallop,52: Soft shell clam"},"id":644},{"type":"Feature","geometry":{"type":"Polygon","coordinates":[[[-65.19998446247592,47.07485577381538],[-65.19873933202314,47.072439685704396],[-65.19502881885616,47.072865468850516],[-65.19628695653923,47.075281745225716],[-65.19843959901247,47.07502723085341],[-65.19998446247592,47.07485577381538]]]},"properties":{"SIZE_HA":"8.00","OBJECTID":"646","SITE_NUMBER":"MS-0743","AUTHORIZATION_TYPE":"Q09","AUTHORIZATION_HOLDER":"Ronald Reid","AUTHORIZATION_EXPIRY_DATE":"March 31, 2029","CULTIVATION_METHOD":"Bottom culture,Off-bottom culture","SPECIES_CODE_DESCRIPTION":"2: American oyster,8: Bay scallop,34: Quahog,52: Soft shell clam"},"id":646},{"type":"Feature","geometry":{"type":"Polygon","coordinates":[[[-64.94563725595074,47.35105737071369],[-64.94836495607075,47.351782266394274],[-64.95014993165695,47.348679999229795],[-64.9484969111687,47.34824073532348],[-64.94742236493704,47.34795514585237],[-64.94563725595074,47.35105737071369]]]},"properties":{"SIZE_HA":"8.20","OBJECTID":"648","SITE_NUMBER":"MS-0749","AUTHORIZATION_TYPE":"Q09","AUTHORIZATION_HOLDER":"Denis N. Thibodeau et Eric Thibodeau","AUTHORIZATION_EXPIRY_DATE":"March 31, 2030","CULTIVATION_METHOD":"Bottom culture,Off-bottom culture,Suspended culture","SPECIES_CODE_DESCRIPTION":"2: American oyster,7: Bar clam"},"id":648},{"type":"Feature","geometry":{"type":"Polygon","coordinates":[[[-64.96129727578405,47.31791458239284],[-64.96303373717801,47.31825259070858],[-64.96415666552511,47.31692714781175],[-64.96242049902511,47.31658016395859],[-64.96129727578405,47.31791458239284]]]},"properties":{"SIZE_HA":"2.27","OBJECTID":"650","SITE_NUMBER":"MS-0890","AUTHORIZATION_TYPE":"Q09","AUTHORIZATION_HOLDER":"Edward Robertson","AUTHORIZATION_EXPIRY_DATE":"March 31, 2026","CULTIVATION_METHOD":"Bottom culture","SPECIES_CODE_DESCRIPTION":"2: American oyster"},"id":650},{"type":"Feature","geometry":{"type":"Polygon","coordinates":[[[-64.78421775460043,47.73452248862823],[-64.78445663767424,47.7349667798351],[-64.7849132700623,47.73486559939142],[-64.78731868512403,47.7342895174422],[-64.78708007286025,47.733836241222605],[-64.78421775460043,47.73452248862823]]]},"properties":{"SIZE_HA":"1.21","OBJECTID":"652","SITE_NUMBER":"MS-1059","AUTHORIZATION_TYPE":"Q09","AUTHORIZATION_HOLDER":"L'ETANG RUISSEAU BAR LIMITEE","AUTHORIZATION_EXPIRY_DATE":"March 31, 2031","CULTIVATION_METHOD":"Bottom culture","SPECIES_CODE_DESCRIPTION":"2: American oyster"},"id":652},{"type":"Feature","geometry":{"type":"Polygon","coordinates":[[[-64.5249301353054,47.873623018226176],[-64.52628231955424,47.874284663022266],[-64.52776459412422,47.872906654436434],[-64.52448190449212,47.871321680368474],[-64.52263496819602,47.87244157708286],[-64.52259353328003,47.87247685081965],[-64.5249301353054,47.873623018226176]]]},"properties":{"SIZE_HA":"6.19","OBJECTID":"653","SITE_NUMBER":"MS-0041","AUTHORIZATION_TYPE":"Q09","AUTHORIZATION_HOLDER":"Serge Beaudin","AUTHORIZATION_EXPIRY_DATE":"March 31, 2035","CULTIVATION_METHOD":"Bottom culture","SPECIES_CODE_DESCRIPTION":"2: American oyster"},"id":653},{"type":"Feature","geometry":{"type":"Polygon","coordinates":[[[-63.886164358862004,46.15485245735177],[-63.884891722936565,46.154601857075576],[-63.882709795921805,46.157728711919134],[-63.885252332423676,46.15819496285816],[-63.886164358862004,46.15485245735177]]]},"properties":{"SIZE_HA":"5.78","OBJECTID":"655","SITE_NUMBER":"MS-0971","AUTHORIZATION_TYPE":"Q09","AUTHORIZATION_HOLDER":"Shawn A. Stright","AUTHORIZATION_EXPIRY_DATE":"March 31, 2028","CULTIVATION_METHOD":"Bottom culture,Off-bottom culture,Suspended culture","SPECIES_CODE_DESCRIPTION":"2: American oyster,7: Bar clam,8: Bay scallop,34: Quahog,52: Soft shell clam"},"id":655},{"type":"Feature","geometry":{"type":"Polygon","coordinates":[[[-65.0736055764167,47.22597997621407],[-65.07449588055556,47.227259438134965],[-65.07455949244995,47.22735018563561],[-65.07590916187496,47.226755139069645],[-65.07583282570391,47.22664624292978],[-65.07491537791239,47.225393443828054],[-65.0736055764167,47.22597997621407]]]},"properties":{"SIZE_HA":"2.02","OBJECTID":"657","SITE_NUMBER":"MS-0074","AUTHORIZATION_TYPE":"Q09","AUTHORIZATION_HOLDER":"Gaëtan Robichaud","AUTHORIZATION_EXPIRY_DATE":"March 31, 2028","CULTIVATION_METHOD":"Bottom culture","SPECIES_CODE_DESCRIPTION":"2: American oyster"},"id":657},{"type":"Feature","geometry":{"type":"Polygon","coordinates":[[[-64.75857763834877,46.69256702811956],[-64.75682651473149,46.69049794006482],[-64.7561376564797,46.690775382785354],[-64.75544879122273,46.691052821301156],[-64.75718680956942,46.693121731154235],[-64.75857763834877,46.69256702811956]]]},"properties":{"SIZE_HA":"3.24","OBJECTID":"659","SITE_NUMBER":"MS-0848","AUTHORIZATION_TYPE":"Q09","AUTHORIZATION_HOLDER":"Roger Léger","AUTHORIZATION_EXPIRY_DATE":"March 31, 2024","CULTIVATION_METHOD":"Bottom culture","SPECIES_CODE_DESCRIPTION":"2: American oyster,7: Bar clam"},"id":659},{"type":"Feature","geometry":{"type":"Polygon","coordinates":[[[-65.01102044385397,47.77969941208595],[-65.01487920659842,47.78056740616082],[-65.01493560801647,47.78046019423494],[-65.01633653407985,47.77762686264094],[-65.01247796152988,47.776758917188516],[-65.01102044385397,47.77969941208595]]]},"properties":{"SIZE_HA":"10.53","OBJECTID":"661","SITE_NUMBER":"MS-0874","AUTHORIZATION_TYPE":"Q09","AUTHORIZATION_HOLDER":"Gaétan Dugas","AUTHORIZATION_EXPIRY_DATE":"March 31, 2030","CULTIVATION_METHOD":"Bottom culture,Off-bottom culture,Suspended culture","SPECIES_CODE_DESCRIPTION":"2: American oyster,7: Bar clam,15: Deep-Sea scallop,34: Quahog,36: Razor clam"},"id":661},{"type":"Feature","geometry":{"type":"Polygon","coordinates":[[[-65.02075611049642,47.78275624656023],[-65.02748957544739,47.78439800587895],[-65.0281515235131,47.78315617462523],[-65.02416196757792,47.78217902718154],[-65.02255813249515,47.78178982616678],[-65.02233283373502,47.78220969730255],[-65.02119288912573,47.78193432267701],[-65.02075611049642,47.78275624656023]]]},"properties":{"SIZE_HA":"7.37","OBJECTID":"663","SITE_NUMBER":"MS-0875","AUTHORIZATION_TYPE":"Q09","AUTHORIZATION_HOLDER":"Gaétan Dugas","AUTHORIZATION_EXPIRY_DATE":"March 31, 2027","CULTIVATION_METHOD":"Bottom culture,Off-bottom culture,Suspended culture","SPECIES_CODE_DESCRIPTION":"2: American oyster,7: Bar clam,15: Deep-Sea scallop,34: Quahog,52: Soft shell clam"},"id":663},{"type":"Feature","geometry":{"type":"Polygon","coordinates":[[[-65.04928395617273,47.17520788813499],[-65.0503518531497,47.17621091838651],[-65.05117366371248,47.17558252679489],[-65.05009257493778,47.174579337948884],[-65.04928395617273,47.17520788813499]]]},"properties":{"SIZE_HA":"1.21","OBJECTID":"664","SITE_NUMBER":"MS-0084","AUTHORIZATION_TYPE":"Q09","AUTHORIZATION_HOLDER":"Pea Breau","AUTHORIZATION_EXPIRY_DATE":"March 31, 2029","CULTIVATION_METHOD":"Bottom culture","SPECIES_CODE_DESCRIPTION":"2: American oyster"},"id":664},{"type":"Feature","geometry":{"type":"Polygon","coordinates":[[[-65.0660885810721,47.23051966940108],[-65.06629427636784,47.23072913805246],[-65.0671818828706,47.23161279502512],[-65.0673621446376,47.23178596118852],[-65.06846620952317,47.23099903051477],[-65.0683116297365,47.23085317328449],[-65.06739737111664,47.22997818963482],[-65.067165751497,47.22975040847132],[-65.0660885810721,47.23051966940108]]]},"properties":{"SIZE_HA":"2.02","OBJECTID":"665","SITE_NUMBER":"MS-0088","AUTHORIZATION_TYPE":"Q09","AUTHORIZATION_HOLDER":"Zoël A.. Breau","AUTHORIZATION_EXPIRY_DATE":"March 31, 2031","CULTIVATION_METHOD":"Bottom culture","SPECIES_CODE_DESCRIPTION":"2: American oyster"},"id":665},{"type":"Feature","geometry":{"type":"Polygon","coordinates":[[[-64.67256987208336,47.78931353684326],[-64.67074336831169,47.788484181546934],[-64.67006533611767,47.789175090799155],[-64.67114299984557,47.78965983308641],[-64.66989768509872,47.79092646531031],[-64.67154060877544,47.791662988029856],[-64.67278590195177,47.79039633835615],[-64.67300926034791,47.79049880273781],[-64.67368727147856,47.78980787646226],[-64.67256987208336,47.78931353684326]]]},"properties":{"SIZE_HA":"4.93","OBJECTID":"666","SITE_NUMBER":"MS-0324","AUTHORIZATION_TYPE":"Q09","AUTHORIZATION_HOLDER":"Gaëtan Godin","AUTHORIZATION_EXPIRY_DATE":"March 31, 2030","CULTIVATION_METHOD":"Not Applicable","SPECIES_CODE_DESCRIPTION":"2: American oyster"},"id":666},{"type":"Feature","geometry":{"type":"Polygon","coordinates":[[[-64.69662021902697,47.810414358889744],[-64.69320355740462,47.809587620406774],[-64.69262942084369,47.80803155464744],[-64.6910578422363,47.808303882577334],[-64.69171855842681,47.810059193687096],[-64.69329018629536,47.80978685731096],[-64.69341191492109,47.81013055892077],[-64.69682861502724,47.81095729135693],[-64.69662021902697,47.810414358889744]]]},"properties":{"SIZE_HA":"3.85","OBJECTID":"667","SITE_NUMBER":"MS-0337","AUTHORIZATION_TYPE":"Q09","AUTHORIZATION_HOLDER":"Claude Blanchard","AUTHORIZATION_EXPIRY_DATE":"March 31, 2029","CULTIVATION_METHOD":"Not Applicable","SPECIES_CODE_DESCRIPTION":"2: American oyster"},"id":667},{"type":"Feature","geometry":{"type":"Polygon","coordinates":[[[-64.56339668741737,47.874990889140165],[-64.56409246841085,47.87824064590743],[-64.56579441325702,47.88103943445876],[-64.5677588905768,47.87961499274418],[-64.56673574705745,47.877987877078276],[-64.56602677501526,47.87472892269183],[-64.56339668741737,47.874990889140165]]]},"properties":{"SIZE_HA":"12.48","OBJECTID":"668","SITE_NUMBER":"MS-0120","AUTHORIZATION_TYPE":"Q09","AUTHORIZATION_HOLDER":"La Ferme Ostréicole Chiasson Ltée","AUTHORIZATION_EXPIRY_DATE":"March 31, 2030","CULTIVATION_METHOD":"Bottom culture,Off-bottom culture,Suspended culture","SPECIES_CODE_DESCRIPTION":"2: American oyster"},"id":668},{"type":"Feature","geometry":{"type":"Polygon","coordinates":[[[-65.1749810705367,47.044288797081606],[-65.17083739593559,47.04367421490483],[-65.17098842228339,47.0444856361794],[-65.17511878196059,47.04510905540285],[-65.1749810705367,47.044288797081606]]]},"properties":{"SIZE_HA":"2.83","OBJECTID":"669","SITE_NUMBER":"MS-0138","AUTHORIZATION_TYPE":"Q09","AUTHORIZATION_HOLDER":"Kenneth George Clark","AUTHORIZATION_EXPIRY_DATE":"March 31, 2032","CULTIVATION_METHOD":"Bottom culture","SPECIES_CODE_DESCRIPTION":"2: American oyster"},"id":669},{"type":"Feature","geometry":{"type":"Polygon","coordinates":[[[-65.29854741325786,47.10850226344881],[-65.2988790507192,47.108991515074536],[-65.30198758119205,47.107863412142486],[-65.30164294984074,47.107365038048975],[-65.29854741325786,47.10850226344881]]]},"properties":{"SIZE_HA":"1.62","OBJECTID":"670","SITE_NUMBER":"MS-0359","AUTHORIZATION_TYPE":"Q09","AUTHORIZATION_HOLDER":"Émile Basque","AUTHORIZATION_EXPIRY_DATE":"March 31, 2029","CULTIVATION_METHOD":"Not Applicable","SPECIES_CODE_DESCRIPTION":"2: American oyster,7: Bar clam,34: Quahog,52: Soft shell clam"},"id":670},{"type":"Feature","geometry":{"type":"Polygon","coordinates":[[[-64.98757482804766,47.78711326953987],[-64.9869581161552,47.78674544196134],[-64.985880114148,47.787567862722746],[-64.98719230910204,47.78834952613429],[-64.98827030692017,47.78752709338619],[-64.98757482804766,47.78711326953987]]]},"properties":{"SIZE_HA":"1.62","OBJECTID":"671","SITE_NUMBER":"MS-0153","AUTHORIZATION_TYPE":"Q09","AUTHORIZATION_HOLDER":"Joanne Cormier","AUTHORIZATION_EXPIRY_DATE":"March 31, 2028","CULTIVATION_METHOD":"Bottom culture","SPECIES_CODE_DESCRIPTION":"2: American oyster"},"id":671},{"type":"Feature","geometry":{"type":"Polygon","coordinates":[[[-65.09116253648963,47.2237310274821],[-65.0919257109214,47.2248378736591],[-65.09344527765961,47.22480245408753],[-65.09266910780528,47.223686463417906],[-65.09116253648963,47.2237310274821]]]},"properties":{"SIZE_HA":"1.21","OBJECTID":"672","SITE_NUMBER":"MS-0197","AUTHORIZATION_TYPE":"Q09","AUTHORIZATION_HOLDER":"Jules J. Breau","AUTHORIZATION_EXPIRY_DATE":"March 31, 2030","CULTIVATION_METHOD":"Bottom culture","SPECIES_CODE_DESCRIPTION":"2: American oyster"},"id":672},{"type":"Feature","geometry":{"type":"Polygon","coordinates":[[[-65.09665205126628,47.22337519282786],[-65.09753249484557,47.22454640156098],[-65.09857232430119,47.224172221383434],[-65.09770482898361,47.22301017419912],[-65.09665205126628,47.22337519282786]]]},"properties":{"SIZE_HA":"1.21","OBJECTID":"673","SITE_NUMBER":"MS-0198","AUTHORIZATION_TYPE":"Q09","AUTHORIZATION_HOLDER":"Yves Despres","AUTHORIZATION_EXPIRY_DATE":"March 31, 2027","CULTIVATION_METHOD":"Bottom culture","SPECIES_CODE_DESCRIPTION":"2: American oyster"},"id":673},{"type":"Feature","geometry":{"type":"Polygon","coordinates":[[[-65.02119288912573,47.78193432267701],[-65.02233283373502,47.78220969730255],[-65.02255813249515,47.78178982616678],[-65.02416196757792,47.78217902718154],[-65.02473964428216,47.781089048099595],[-65.02395787405645,47.78089021343938],[-65.0239860657589,47.780836605229226],[-65.02452144523373,47.77982703898883],[-65.02493020251518,47.77904971675479],[-65.02412153088663,47.77885953510249],[-65.0229816489986,47.7785841780698],[-65.02119288912573,47.78193432267701]]]},"properties":{"SIZE_HA":"6.64","OBJECTID":"674","SITE_NUMBER":"MS-0222","AUTHORIZATION_TYPE":"Q09","AUTHORIZATION_HOLDER":"Gaétan Dugas","AUTHORIZATION_EXPIRY_DATE":"March 31, 2030","CULTIVATION_METHOD":"Bottom culture,Off-bottom culture,Suspended culture","SPECIES_CODE_DESCRIPTION":"2: American oyster,7: Bar clam,15: Deep-Sea scallop,34: Quahog,52: Soft shell clam"},"id":674},{"type":"Feature","geometry":{"type":"Polygon","coordinates":[[[-64.73375630189383,47.74429752150551],[-64.73411325995647,47.74478869282601],[-64.73494299220663,47.744702387702624],[-64.7349712846179,47.74385728594638],[-64.73260743927511,47.743560403604725],[-64.7317453343125,47.74381710363203],[-64.73207711925552,47.744262922239265],[-64.73264418002654,47.744055690754266],[-64.7331664284179,47.74399169383263],[-64.73375630189383,47.74429752150551]]]},"properties":{"SIZE_HA":"1.78","OBJECTID":"675","SITE_NUMBER":"MS-0238","AUTHORIZATION_TYPE":"Q09","AUTHORIZATION_HOLDER":"L'ETANG RUISSEAU BAR LIMITEE","AUTHORIZATION_EXPIRY_DATE":"March 31, 2031","CULTIVATION_METHOD":"Bottom culture,Off-bottom culture,Suspended culture","SPECIES_CODE_DESCRIPTION":"2: American oyster,7: Bar clam,34: Quahog,52: Soft shell clam"},"id":675},{"type":"Feature","geometry":{"type":"Polygon","coordinates":[[[-64.77806560067246,47.73509686125035],[-64.77992215199758,47.73581704868564],[-64.77986978575616,47.73415219770186],[-64.77841597665382,47.73416658765702],[-64.77806560067246,47.73509686125035]]]},"properties":{"SIZE_HA":"1.62","OBJECTID":"676","SITE_NUMBER":"MS-0258","AUTHORIZATION_TYPE":"Q09","AUTHORIZATION_HOLDER":"Louis-Marie Gauthier","AUTHORIZATION_EXPIRY_DATE":"March 31, 2031","CULTIVATION_METHOD":"Bottom culture","SPECIES_CODE_DESCRIPTION":"2: American oyster"},"id":676},{"type":"Feature","geometry":{"type":"Polygon","coordinates":[[[-64.51320361299308,47.876139325295945],[-64.51500253099884,47.87700663731078],[-64.51595877523557,47.87611450040232],[-64.51418693364108,47.87523867115043],[-64.51320361299308,47.876139325295945]]]},"properties":{"SIZE_HA":"2.02","OBJECTID":"677","SITE_NUMBER":"MS-0271","AUTHORIZATION_TYPE":"Q09","AUTHORIZATION_HOLDER":"Jean-Camille Gionet","AUTHORIZATION_EXPIRY_DATE":"March 31, 2025","CULTIVATION_METHOD":"Bottom culture","SPECIES_CODE_DESCRIPTION":"2: American oyster"},"id":677},{"type":"Feature","geometry":{"type":"Polygon","coordinates":[[[-64.77316304443428,47.73985421849842],[-64.77501940013805,47.74058347448496],[-64.77559242981036,47.74018722855728],[-64.77373578558951,47.739466972286344],[-64.77316304443428,47.73985421849842]]]},"properties":{"SIZE_HA":"0.93","OBJECTID":"678","SITE_NUMBER":"MS-0507","AUTHORIZATION_TYPE":"Q09","AUTHORIZATION_HOLDER":"Jean-Pierre Mercier","AUTHORIZATION_EXPIRY_DATE":"March 31, 2028","CULTIVATION_METHOD":"Bottom culture","SPECIES_CODE_DESCRIPTION":"2: American oyster"},"id":678},{"type":"Feature","geometry":{"type":"Polygon","coordinates":[[[-64.78066572368763,47.71946687071021],[-64.7802509477547,47.72054101903984],[-64.7845558681405,47.7204831356377],[-64.7848892113583,47.71941001591328],[-64.78220077246914,47.71944628447774],[-64.78066572368763,47.71946687071021]]]},"properties":{"SIZE_HA":"3.81","OBJECTID":"679","SITE_NUMBER":"MS-0508","AUTHORIZATION_TYPE":"Q09","AUTHORIZATION_HOLDER":"Stéphane Mallet","AUTHORIZATION_EXPIRY_DATE":"March 31, 2025","CULTIVATION_METHOD":"Bottom culture,Off-bottom culture,Suspended culture","SPECIES_CODE_DESCRIPTION":"2: American oyster"},"id":679},{"type":"Feature","geometry":{"type":"Polygon","coordinates":[[[-65.06845870027892,47.2288128926922],[-65.06870183868875,47.22910378685447],[-65.06943102912336,47.22998545928637],[-65.06959736860748,47.23018543740049],[-65.0719265546657,47.228523062365234],[-65.07191383289233,47.228504912586814],[-65.0719011111275,47.22848676280692],[-65.07093308050683,47.227152340749996],[-65.0708824364282,47.227070748082774],[-65.06845870027892,47.2288128926922]]]},"properties":{"SIZE_HA":"4.25","OBJECTID":"680","SITE_NUMBER":"MS-0780","AUTHORIZATION_TYPE":"Q09","AUTHORIZATION_HOLDER":"Pea Breau","AUTHORIZATION_EXPIRY_DATE":"March 31, 2031","CULTIVATION_METHOD":"Bottom culture","SPECIES_CODE_DESCRIPTION":"2: American oyster"},"id":680},{"type":"Feature","geometry":{"type":"Polygon","coordinates":[[[-64.68207062120518,47.809494593948045],[-64.68270809556002,47.80998131430725],[-64.68392191310696,47.8092447575486],[-64.68273759341893,47.808353700533026],[-64.6815237802184,47.80909024516807],[-64.68207062120518,47.809494593948045]]]},"properties":{"SIZE_HA":"1.62","OBJECTID":"681","SITE_NUMBER":"MS-0540","AUTHORIZATION_TYPE":"Q09","AUTHORIZATION_HOLDER":"Réjean Noël","AUTHORIZATION_EXPIRY_DATE":"March 31, 2032","CULTIVATION_METHOD":"Bottom culture,Off-bottom culture,Suspended culture","SPECIES_CODE_DESCRIPTION":"2: American oyster"},"id":681},{"type":"Feature","geometry":{"type":"Polygon","coordinates":[[[-65.09266910780528,47.223686463417906],[-65.09344527765961,47.22480245408753],[-65.09467090216751,47.22439459224571],[-65.09389447603111,47.22328760276612],[-65.09266910780528,47.223686463417906]]]},"properties":{"SIZE_HA":"1.32","OBJECTID":"683","SITE_NUMBER":"MS-0081","AUTHORIZATION_TYPE":"Q09","AUTHORIZATION_HOLDER":"Jules J. Breau","AUTHORIZATION_EXPIRY_DATE":"March 31, 2032","CULTIVATION_METHOD":"Bottom culture","SPECIES_CODE_DESCRIPTION":"2: American oyster"},"id":683},{"type":"Feature","geometry":{"type":"Polygon","coordinates":[[[-64.78561340697921,47.73834802183034],[-64.78611883190067,47.7400285625184],[-64.78694928540287,47.73991491197911],[-64.78644412716277,47.73822538402876],[-64.78561340697921,47.73834802183034]]]},"properties":{"SIZE_HA":"1.21","OBJECTID":"684","SITE_NUMBER":"MS-0255","AUTHORIZATION_TYPE":"Q09","AUTHORIZATION_HOLDER":"Louis-Marie Gauthier","AUTHORIZATION_EXPIRY_DATE":"March 31, 2032","CULTIVATION_METHOD":"Bottom culture","SPECIES_CODE_DESCRIPTION":"2: American oyster"},"id":684},{"type":"Feature","geometry":{"type":"Polygon","coordinates":[[[-64.55713198424391,47.905198730349305],[-64.55853653639349,47.90592381946356],[-64.56002925610505,47.90462654242005],[-64.55862504995692,47.90389248188946],[-64.55713198424391,47.905198730349305]]]},"properties":{"SIZE_HA":"2.43","OBJECTID":"686","SITE_NUMBER":"MS-0687","AUTHORIZATION_TYPE":"Q09","AUTHORIZATION_HOLDER":"Bruce Wilson","AUTHORIZATION_EXPIRY_DATE":"March 31, 2032","CULTIVATION_METHOD":"Bottom culture","SPECIES_CODE_DESCRIPTION":"2: American oyster"},"id":686},{"type":"Feature","geometry":{"type":"Polygon","coordinates":[[[-64.68421520349727,47.78293916275093],[-64.6837731647965,47.782986208702035],[-64.68230373759815,47.782252576391784],[-64.68273584285825,47.78442714042431],[-64.68421898565903,47.785151985916826],[-64.68464739299463,47.785113719682016],[-64.68421520349727,47.78293916275093]]]},"properties":{"SIZE_HA":"3.24","OBJECTID":"688","SITE_NUMBER":"MS-0122","AUTHORIZATION_TYPE":"Q09","AUTHORIZATION_HOLDER":"André Noël","AUTHORIZATION_EXPIRY_DATE":"March 31, 2032","CULTIVATION_METHOD":"Bottom culture","SPECIES_CODE_DESCRIPTION":"2: American oyster"},"id":688},{"type":"Feature","geometry":{"type":"Polygon","coordinates":[[[-65.00565386742605,47.07917133137481],[-65.005007239266,47.078272276823796],[-65.00293346674538,47.079909668025664],[-65.00356666330647,47.08081755578529],[-65.00565386742605,47.07917133137481]]]},"properties":{"SIZE_HA":"2.43","OBJECTID":"690","SITE_NUMBER":"MS-0459","AUTHORIZATION_TYPE":"Q09","AUTHORIZATION_HOLDER":"Joseph B.. Manuel","AUTHORIZATION_EXPIRY_DATE":"March 31, 2032","CULTIVATION_METHOD":"Bottom culture","SPECIES_CODE_DESCRIPTION":"2: American oyster,52: Soft shell clam"},"id":690},{"type":"Feature","geometry":{"type":"Polygon","coordinates":[[[-64.74774443276284,47.75757958391679],[-64.75119601801849,47.75808146088386],[-64.7515823400712,47.7568909591881],[-64.75174689123865,47.75635374346091],[-64.75227780205516,47.756433709924714],[-64.75245567693644,47.755896694082566],[-64.74470377860204,47.75475412852462],[-64.74452582893981,47.75529113220138],[-64.74484430208796,47.755340930236684],[-64.74829571220438,47.75584289283106],[-64.74811779522207,47.75637990202412],[-64.74804216779127,47.75664860799583],[-64.74795320705516,47.75691711235194],[-64.74774443276284,47.75757958391679]]]},"properties":{"SIZE_HA":"8.83","OBJECTID":"691","SITE_NUMBER":"MS-1110","AUTHORIZATION_TYPE":"Q09","AUTHORIZATION_HOLDER":"L'ETANG RUISSEAU BAR LIMITEE","AUTHORIZATION_EXPIRY_DATE":"March 31, 2032","CULTIVATION_METHOD":"Bottom culture","SPECIES_CODE_DESCRIPTION":"2: American oyster"},"id":691},{"type":"Feature","geometry":{"type":"Polygon","coordinates":[[[-64.77934206804942,47.785460343537785],[-64.77676325813327,47.786366501484494],[-64.7767247178625,47.787544251237044],[-64.78368007592469,47.78749450599761],[-64.78356067910887,47.7837868713759],[-64.78171528848792,47.78348969191554],[-64.77934206804942,47.785460343537785]]]},"properties":{"SIZE_HA":"15.64","OBJECTID":"696","SITE_NUMBER":"MS-0736","AUTHORIZATION_TYPE":"Q09","AUTHORIZATION_HOLDER":"Eric Duguay","AUTHORIZATION_EXPIRY_DATE":"March 31, 2023","CULTIVATION_METHOD":"Bottom culture","SPECIES_CODE_DESCRIPTION":"2: American oyster"},"id":696},{"type":"Feature","geometry":{"type":"Polygon","coordinates":[[[-64.75132509559472,47.79720221120218],[-64.75140874987362,47.79830084196776],[-64.75583273947194,47.7981425977273],[-64.75574899303864,47.79704396949219],[-64.75132509559472,47.79720221120218]]]},"properties":{"SIZE_HA":"4.05","OBJECTID":"700","SITE_NUMBER":"MS-0428","AUTHORIZATION_TYPE":"Q09","AUTHORIZATION_HOLDER":"Andréa Lebouthillier","AUTHORIZATION_EXPIRY_DATE":"March 31, 2034","CULTIVATION_METHOD":"Bottom culture","SPECIES_CODE_DESCRIPTION":"2: American oyster"},"id":700},{"type":"Feature","geometry":{"type":"Polygon","coordinates":[[[-64.77032132080316,47.7581885443349],[-64.7709096242668,47.75936666276142],[-64.77276434819271,47.75894456961358],[-64.77217600771651,47.757766460182424],[-64.77032132080316,47.7581885443349]]]},"properties":{"SIZE_HA":"2.02","OBJECTID":"704","SITE_NUMBER":"MS-0779","AUTHORIZATION_TYPE":"Q09","AUTHORIZATION_HOLDER":"Pierre Robichaud et Bernard Robichaud","AUTHORIZATION_EXPIRY_DATE":"March 31, 2024","CULTIVATION_METHOD":"Bottom culture","SPECIES_CODE_DESCRIPTION":"2: American oyster"},"id":704},{"type":"Feature","geometry":{"type":"Polygon","coordinates":[[[-64.811387827927,47.74212654699799],[-64.81203978288322,47.74342231863273],[-64.81404139665617,47.74296572960536],[-64.81337635643021,47.74166078401583],[-64.811387827927,47.74212654699799]]]},"properties":{"SIZE_HA":"2.42","OBJECTID":"707","SITE_NUMBER":"MS-0052","AUTHORIZATION_TYPE":"Q09","AUTHORIZATION_HOLDER":"Bruno Roussel","AUTHORIZATION_EXPIRY_DATE":"March 31, 2034","CULTIVATION_METHOD":"Bottom culture,Off-bottom culture,Suspended culture","SPECIES_CODE_DESCRIPTION":"2: American oyster"},"id":707},{"type":"Feature","geometry":{"type":"Polygon","coordinates":[[[-65.02416196757792,47.78217902718154],[-65.0281515235131,47.78315617462523],[-65.02871578856778,47.78206600638657],[-65.02794707750553,47.78187635913325],[-65.02635681470733,47.78147838856419],[-65.02692034404335,47.78041520245319],[-65.02611189575106,47.78021604330306],[-65.0253034536311,47.78001687853517],[-65.02452144523373,47.77982703898883],[-65.0239860657589,47.780836605229226],[-65.02395787405645,47.78089021343938],[-65.02473964428216,47.781089048099595],[-65.02416196757792,47.78217902718154]]]},"properties":{"SIZE_HA":"6.48","OBJECTID":"709","SITE_NUMBER":"MS-1161","AUTHORIZATION_TYPE":"Q09","AUTHORIZATION_HOLDER":"Gaétan Dugas","AUTHORIZATION_EXPIRY_DATE":"March 31, 2034","CULTIVATION_METHOD":"Bottom culture,Off-bottom culture,Suspended culture","SPECIES_CODE_DESCRIPTION":"2: American oyster,7: Bar clam,34: Quahog,52: Soft shell clam"},"id":709},{"type":"Feature","geometry":{"type":"Polygon","coordinates":[[[-64.72724183381052,47.764715663373515],[-64.72880444911495,47.76545914836799],[-64.73138281144735,47.76297093054849],[-64.72980659676543,47.762236266616355],[-64.72724183381052,47.764715663373515]]]},"properties":{"SIZE_HA":"4.85","OBJECTID":"710","SITE_NUMBER":"MS-0961","AUTHORIZATION_TYPE":"Q09","AUTHORIZATION_HOLDER":"Victor Aquaculture Inc.","AUTHORIZATION_EXPIRY_DATE":"March 31, 2034","CULTIVATION_METHOD":"Bottom culture,Off-bottom culture,Suspended culture","SPECIES_CODE_DESCRIPTION":"2: American oyster"},"id":710},{"type":"Feature","geometry":{"type":"Polygon","coordinates":[[[-65.070972928778,47.234556594518594],[-65.0712062534092,47.23521619909368],[-65.07321754420924,47.235079186452836],[-65.07420974236565,47.235019496689006],[-65.07396317789224,47.23435973459192],[-65.07297075171304,47.234428415389225],[-65.070972928778,47.234556594518594]]]},"properties":{"SIZE_HA":"1.62","OBJECTID":"716","SITE_NUMBER":"MS-0004","AUTHORIZATION_TYPE":"Q09","AUTHORIZATION_HOLDER":"Réal LeBouthillier","AUTHORIZATION_EXPIRY_DATE":"March 31, 2035","CULTIVATION_METHOD":"Bottom culture","SPECIES_CODE_DESCRIPTION":"2: American oyster"},"id":716},{"type":"Feature","geometry":{"type":"Polygon","coordinates":[[[-65.00509338051855,47.24959905554453],[-65.00638140904248,47.2507852441792],[-65.00957064527985,47.24918024016608],[-65.00826937715932,47.24799391552443],[-65.00509338051855,47.24959905554453]]]},"properties":{"SIZE_HA":"4.92","OBJECTID":"718","SITE_NUMBER":"MS-0155","AUTHORIZATION_TYPE":"Q09","AUTHORIZATION_HOLDER":"Stephen Morrison","AUTHORIZATION_EXPIRY_DATE":"March 31, 2025","CULTIVATION_METHOD":"Bottom culture,Off-bottom culture,Suspended culture","SPECIES_CODE_DESCRIPTION":"2: American oyster,7: Bar clam,34: Quahog,52: Soft shell clam"},"id":718},{"type":"Feature","geometry":{"type":"Polygon","coordinates":[[[-64.85262335279755,46.686048839625116],[-64.85206525845109,46.68548296862151],[-64.83749650113685,46.69414407192715],[-64.83815220973973,46.69493636696988],[-64.85262335279755,46.686048839625116]]]},"properties":{"SIZE_HA":"13.00","OBJECTID":"720","SITE_NUMBER":"MS-1179","AUTHORIZATION_TYPE":"Q09","AUTHORIZATION_HOLDER":"Elsipogtog First Nation","AUTHORIZATION_EXPIRY_DATE":"March 31, 2025","CULTIVATION_METHOD":"Bottom culture,Off-bottom culture","SPECIES_CODE_DESCRIPTION":"2: American oyster"},"id":720},{"type":"Feature","geometry":{"type":"Polygon","coordinates":[[[-64.78156583993938,47.71565787002899],[-64.78165475817413,47.71619763266033],[-64.78433490378815,47.71616539302242],[-64.78424008299872,47.71562185728743],[-64.78156583993938,47.71565787002899]]]},"properties":{"SIZE_HA":"1.21","OBJECTID":"722","SITE_NUMBER":"MS-0614","AUTHORIZATION_TYPE":"Q09","AUTHORIZATION_HOLDER":"R.M.L. PECHE LTEE","AUTHORIZATION_EXPIRY_DATE":"March 31, 2035","CULTIVATION_METHOD":"Bottom culture,Off-bottom culture,Suspended culture","SPECIES_CODE_DESCRIPTION":"2: American oyster"},"id":722},{"type":"Feature","geometry":{"type":"Polygon","coordinates":[[[-64.77425927847234,47.730744221856106],[-64.77441768146817,47.731689258236926],[-64.77522833034708,47.73262646409935],[-64.77487781643846,47.73276471663655],[-64.775283142186,47.73323354334722],[-64.77759904601467,47.73232108645068],[-64.77719343406464,47.731852443449064],[-64.77754419949625,47.73171427765276],[-64.77673299586264,47.730776899768095],[-64.77658058351975,47.72986766588071],[-64.77425927847234,47.730744221856106]]]},"properties":{"SIZE_HA":"5.75","OBJECTID":"726","SITE_NUMBER":"MS-0061","AUTHORIZATION_TYPE":"Q09","AUTHORIZATION_HOLDER":"L'ETANG RUISSEAU BAR LIMITEE","AUTHORIZATION_EXPIRY_DATE":"March 31, 2026","CULTIVATION_METHOD":"Bottom culture,Off-bottom culture,Suspended culture","SPECIES_CODE_DESCRIPTION":"2: American oyster,8: Bay scallop"},"id":726},{"type":"Feature","geometry":{"type":"Polygon","coordinates":[[[-64.65639636642426,47.74383025825697],[-64.65732523963133,47.74472655593599],[-64.65949458962396,47.74370859777135],[-64.65857933938874,47.74280353865002],[-64.65639636642426,47.74383025825697]]]},"properties":{"SIZE_HA":"2.43","OBJECTID":"728","SITE_NUMBER":"MS-0587","AUTHORIZATION_TYPE":"Q09","AUTHORIZATION_HOLDER":"Madone Vienneau","AUTHORIZATION_EXPIRY_DATE":"March 31, 2026","CULTIVATION_METHOD":"Bottom culture","SPECIES_CODE_DESCRIPTION":"2: American oyster"},"id":728},{"type":"Feature","geometry":{"type":"Polygon","coordinates":[[[-65.02748957544739,47.78439800587895],[-65.02988896668691,47.7849771169501],[-65.0300160628305,47.78472688240347],[-65.0316646925215,47.781599696563006],[-65.03012751876311,47.78121144464201],[-65.03005680353984,47.78135446027624],[-65.0299445617837,47.78155091640687],[-65.02956404526114,47.782274646335686],[-65.02875555829725,47.782075505543574],[-65.02871578856778,47.78206600638657],[-65.0281515235131,47.78315617462523],[-65.02748957544739,47.78439800587895]]]},"properties":{"SIZE_HA":"6.84","OBJECTID":"733","SITE_NUMBER":"MS-0055","AUTHORIZATION_TYPE":"Q09","AUTHORIZATION_HOLDER":"Maurice Mallet et Diane Landry","AUTHORIZATION_EXPIRY_DATE":"March 31, 2026","CULTIVATION_METHOD":"Bottom culture,Suspended culture","SPECIES_CODE_DESCRIPTION":"2: American oyster,7: Bar clam,8: Bay scallop,15: Deep-Sea scallop,34: Quahog"},"id":733},{"type":"Feature","geometry":{"type":"Polygon","coordinates":[[[-65.02871578856778,47.78206600638657],[-65.02875555829725,47.782075505543574],[-65.02956404526114,47.782274646335686],[-65.0299445617837,47.78155091640687],[-65.03005680353984,47.78135446027624],[-65.03012751876311,47.78121144464201],[-65.03112807270048,47.77930829393704],[-65.02793383489585,47.77853023144596],[-65.02692034404335,47.78041520245319],[-65.02635681470733,47.78147838856419],[-65.02794707750553,47.78187635913325],[-65.02871578856778,47.78206600638657]]]},"properties":{"SIZE_HA":"8.92","OBJECTID":"734","SITE_NUMBER":"MS-0148","AUTHORIZATION_TYPE":"Q09","AUTHORIZATION_HOLDER":"Maurice Mallet et Diane Landry","AUTHORIZATION_EXPIRY_DATE":"March 31, 2026","CULTIVATION_METHOD":"Bottom culture,Suspended culture","SPECIES_CODE_DESCRIPTION":"2: American oyster,7: Bar clam,8: Bay scallop,15: Deep-Sea scallop,34: Quahog"},"id":734},{"type":"Feature","geometry":{"type":"Polygon","coordinates":[[[-64.87194008682393,47.82166975273157],[-64.87205689078564,47.822211066871354],[-64.88011973469538,47.82146946251374],[-64.88000284922133,47.82092815585449],[-64.87194008682393,47.82166975273157]]]},"properties":{"SIZE_HA":"3.72","OBJECTID":"736","SITE_NUMBER":"MS-0794","AUTHORIZATION_TYPE":"Q09","AUTHORIZATION_HOLDER":"Maurice Mallet et Diane Landry","AUTHORIZATION_EXPIRY_DATE":"March 31, 2026","CULTIVATION_METHOD":"Bottom culture,Suspended culture","SPECIES_CODE_DESCRIPTION":"2: American oyster,7: Bar clam,8: Bay scallop,15: Deep-Sea scallop,34: Quahog"},"id":736},{"type":"Feature","geometry":{"type":"Polygon","coordinates":[[[-64.89620976759878,46.71935483918409],[-64.89964885899104,46.7233977465492],[-64.901341416476,46.72279154751368],[-64.89721745037072,46.71890106957775],[-64.89620976759878,46.71935483918409]]]},"properties":{"SIZE_HA":"6.25","OBJECTID":"739","SITE_NUMBER":"MS-1197","AUTHORIZATION_TYPE":"Q09","AUTHORIZATION_HOLDER":"Huîtres Aquador Inc./ Aquador Oysters Inc.","AUTHORIZATION_EXPIRY_DATE":"March 31, 2030","CULTIVATION_METHOD":"Bottom culture,Off-bottom culture,Suspended culture","SPECIES_CODE_DESCRIPTION":"2: American oyster"},"id":739},{"type":"Feature","geometry":{"type":"Polygon","coordinates":[[[-64.78310877381202,47.73868872994472],[-64.78362715774409,47.74037846890236],[-64.78528837489917,47.740142207079515],[-64.78478297545485,47.738461663001225],[-64.78310877381202,47.73868872994472]]]},"properties":{"SIZE_HA":"2.43","OBJECTID":"740","SITE_NUMBER":"MS-0257","AUTHORIZATION_TYPE":"Q09","AUTHORIZATION_HOLDER":"Louis-Marie Gauthier","AUTHORIZATION_EXPIRY_DATE":"March 31, 2026","CULTIVATION_METHOD":"Bottom culture","SPECIES_CODE_DESCRIPTION":"2: American oyster"},"id":740},{"type":"Feature","geometry":{"type":"Polygon","coordinates":[[[-64.77776822808183,47.73603691633257],[-64.77962480819033,47.73675710847374],[-64.77992215199758,47.73581704868564],[-64.77806560067246,47.73509686125035],[-64.77776822808183,47.73603691633257]]]},"properties":{"SIZE_HA":"1.62","OBJECTID":"742","SITE_NUMBER":"MS-0256","AUTHORIZATION_TYPE":"Q09","AUTHORIZATION_HOLDER":"Louis-Marie Gauthier","AUTHORIZATION_EXPIRY_DATE":"March 31, 2026","CULTIVATION_METHOD":"Bottom culture","SPECIES_CODE_DESCRIPTION":"2: American oyster"},"id":742},{"type":"Feature","geometry":{"type":"Polygon","coordinates":[[[-65.0772396174869,47.23482304187923],[-65.0762342223664,47.23488259465805],[-65.0752153817595,47.23495096851319],[-65.07546172474386,47.23561972100287],[-65.0734638627276,47.235747943054875],[-65.07515302512647,47.23629960449635],[-65.07501571156179,47.23649581983989],[-65.07597074708565,47.23684047719704],[-65.07634162806677,47.23630529644732],[-65.07843658114791,47.23699686158919],[-65.07884776805982,47.23643518196928],[-65.07675307089139,47.23573463119337],[-65.07734261471583,47.234923269789604],[-65.0772396174869,47.23482304187923]]]},"properties":{"SIZE_HA":"3.74","OBJECTID":"747","SITE_NUMBER":"MS-1201","AUTHORIZATION_TYPE":"Q09","AUTHORIZATION_HOLDER":"Bruno Savoie","AUTHORIZATION_EXPIRY_DATE":"March 31, 2027","CULTIVATION_METHOD":"Bottom culture","SPECIES_CODE_DESCRIPTION":"2: American oyster,34: Quahog"},"id":747},{"type":"Feature","geometry":{"type":"Polygon","coordinates":[[[-64.76526257320772,46.6785691385199],[-64.76460595520061,46.678253274826055],[-64.76362016468865,46.67923707754914],[-64.7642637218947,46.679552748915036],[-64.76526257320772,46.6785691385199]]]},"properties":{"SIZE_HA":"0.81","OBJECTID":"749","SITE_NUMBER":"MS-0013","AUTHORIZATION_TYPE":"Q09","AUTHORIZATION_HOLDER":"Roger Léger","AUTHORIZATION_EXPIRY_DATE":"March 31, 2027","CULTIVATION_METHOD":"Bottom culture","SPECIES_CODE_DESCRIPTION":"2: American oyster"},"id":749},{"type":"Feature","geometry":{"type":"Polygon","coordinates":[[[-65.2005885186089,47.07601412333049],[-65.1990434057317,47.07619458210311],[-65.1968909374004,47.07644011364602],[-65.19809875852691,47.078765834137826],[-65.20179649091033,47.078339806019805],[-65.2005885186089,47.07601412333049]]]},"properties":{"SIZE_HA":"7.73","OBJECTID":"751","SITE_NUMBER":"MS-0664","AUTHORIZATION_TYPE":"Q09","AUTHORIZATION_HOLDER":"Joseph B.. Manuel","AUTHORIZATION_EXPIRY_DATE":"March 31, 2027","CULTIVATION_METHOD":"Bottom culture","SPECIES_CODE_DESCRIPTION":"2: American oyster"},"id":751},{"type":"Feature","geometry":{"type":"Polygon","coordinates":[[[-64.67257001248323,47.789309491316935],[-64.67368784495588,47.78981058398719],[-64.67511065077794,47.790447792507834],[-64.67713722282078,47.78839373772671],[-64.67758748167878,47.78793712494249],[-64.67504756075161,47.78679933742774],[-64.67463685073632,47.786615221185755],[-64.67418659352566,47.78707137313407],[-64.67459730547647,47.78725549095342],[-64.67257001248323,47.789309491316935]]]},"properties":{"SIZE_HA":"7.89","OBJECTID":"754","SITE_NUMBER":"MS-1220","AUTHORIZATION_TYPE":"Q09","AUTHORIZATION_HOLDER":"Pêcheries Karine G. Ltée","AUTHORIZATION_EXPIRY_DATE":"March 31, 2027","CULTIVATION_METHOD":"Bottom culture","SPECIES_CODE_DESCRIPTION":"2: American oyster"},"id":754},{"type":"Feature","geometry":{"type":"Polygon","coordinates":[[[-65.067165751497,47.22975040847132],[-65.06739737111664,47.22997818963482],[-65.0683116297365,47.23085317328449],[-65.06846620952317,47.23099903051477],[-65.06959736860748,47.23018543740049],[-65.06943102912336,47.22998545928637],[-65.06870183868875,47.22910378685447],[-65.06845870027892,47.2288128926922],[-65.067165751497,47.22975040847132]]]},"properties":{"SIZE_HA":"2.23","OBJECTID":"755","SITE_NUMBER":"MS-0347","AUTHORIZATION_TYPE":"Q09","AUTHORIZATION_HOLDER":"Roger LeBlanc","AUTHORIZATION_EXPIRY_DATE":"March 31, 2027","CULTIVATION_METHOD":"Bottom culture","SPECIES_CODE_DESCRIPTION":"2: American oyster"},"id":755},{"type":"Feature","geometry":{"type":"Polygon","coordinates":[[[-65.01761235744914,47.08870035690706],[-65.01641237954351,47.08874786756769],[-65.01577360372781,47.089936161280015],[-65.0169865279669,47.08989782041867],[-65.01761235744914,47.08870035690706]]]},"properties":{"SIZE_HA":"1.21","OBJECTID":"757","SITE_NUMBER":"MS-0449","AUTHORIZATION_TYPE":"Q09","AUTHORIZATION_HOLDER":"Bertin Joseph. Martin","AUTHORIZATION_EXPIRY_DATE":"March 31, 2027","CULTIVATION_METHOD":"Bottom culture","SPECIES_CODE_DESCRIPTION":"2: American oyster,34: Quahog"},"id":757},{"type":"Feature","geometry":{"type":"Polygon","coordinates":[[[-64.68421520349727,47.78293916275093],[-64.68464739299463,47.785113719682016],[-64.68508913902104,47.78507566067094],[-64.68465693155015,47.782901105234814],[-64.68421520349727,47.78293916275093]]]},"properties":{"SIZE_HA":"0.81","OBJECTID":"759","SITE_NUMBER":"MS-0356","AUTHORIZATION_TYPE":"Q09","AUTHORIZATION_HOLDER":"Patrice Jean","AUTHORIZATION_EXPIRY_DATE":"March 31, 2028","CULTIVATION_METHOD":"Bottom culture","SPECIES_CODE_DESCRIPTION":"2: American oyster"},"id":759},{"type":"Feature","geometry":{"type":"Polygon","coordinates":[[[-65.04314495174454,47.260683578184796],[-65.04369530285396,47.261824029812075],[-65.04485218358407,47.261559761341395],[-65.04391240153818,47.2596767236677],[-65.04276876688567,47.259941150029746],[-65.04314495174454,47.260683578184796]]]},"properties":{"SIZE_HA":"2.02","OBJECTID":"761","SITE_NUMBER":"MS-0099","AUTHORIZATION_TYPE":"Q09","AUTHORIZATION_HOLDER":"Amédée Savoie","AUTHORIZATION_EXPIRY_DATE":"March 31, 2028","CULTIVATION_METHOD":"Bottom culture","SPECIES_CODE_DESCRIPTION":"2: American oyster"},"id":761},{"type":"Feature","geometry":{"type":"Polygon","coordinates":[[[-64.69426862937861,47.807710067152684],[-64.69451949760796,47.80837230839393],[-64.69831055427146,47.807372300270536],[-64.6980596428041,47.80671006669605],[-64.69426862937861,47.807710067152684]]]},"properties":{"SIZE_HA":"2.30","OBJECTID":"764","SITE_NUMBER":"MS-1035","AUTHORIZATION_TYPE":"Q09","AUTHORIZATION_HOLDER":"Denis Noël","AUTHORIZATION_EXPIRY_DATE":"March 31, 2028","CULTIVATION_METHOD":"Bottom culture,Off-bottom culture,Suspended culture","SPECIES_CODE_DESCRIPTION":"2: American oyster,8: Bay scallop,34: Quahog"},"id":764},{"type":"Feature","geometry":{"type":"Polygon","coordinates":[[[-64.56602677501526,47.87472892269183],[-64.56578590583587,47.873645525061356],[-64.56315587144498,47.87390748654085],[-64.56339668741737,47.874990889140165],[-64.56602677501526,47.87472892269183]]]},"properties":{"SIZE_HA":"2.43","OBJECTID":"765","SITE_NUMBER":"MS-0124","AUTHORIZATION_TYPE":"Q09","AUTHORIZATION_HOLDER":"La Ferme Ostréicole Chiasson Ltée","AUTHORIZATION_EXPIRY_DATE":"March 31, 2028","CULTIVATION_METHOD":"Bottom culture","SPECIES_CODE_DESCRIPTION":"2: American oyster"},"id":765},{"type":"Feature","geometry":{"type":"Polygon","coordinates":[[[-65.00716180967488,47.77883129002497],[-65.00948220879135,47.77935584372331],[-65.01093980235062,47.77641536821433],[-65.01105337424681,47.77617397401861],[-65.00874618291341,47.7756586146917],[-65.00768906401335,47.77777537204049],[-65.00716180967488,47.77883129002497]]]},"properties":{"SIZE_HA":"6.80","OBJECTID":"767","SITE_NUMBER":"MS-0223","AUTHORIZATION_TYPE":"Q09","AUTHORIZATION_HOLDER":"Marc Cormier","AUTHORIZATION_EXPIRY_DATE":"March 31, 2028","CULTIVATION_METHOD":"Bottom culture","SPECIES_CODE_DESCRIPTION":"2: American oyster"},"id":767},{"type":"Feature","geometry":{"type":"Polygon","coordinates":[[[-63.89605618644524,46.15156361809886],[-63.89571996096371,46.15374289787314],[-63.89849197776008,46.15290624154242],[-63.89915987621653,46.15165251150345],[-63.89797793650113,46.15090553575382],[-63.89605618644524,46.15156361809886]]]},"properties":{"SIZE_HA":"5.10","OBJECTID":"769","SITE_NUMBER":"MS-0659","AUTHORIZATION_TYPE":"Q09","AUTHORIZATION_HOLDER":"Shawn A. Stright","AUTHORIZATION_EXPIRY_DATE":"March 31, 2028","CULTIVATION_METHOD":"Bottom culture,Off-bottom culture,Suspended culture","SPECIES_CODE_DESCRIPTION":"2: American oyster,7: Bar clam,8: Bay scallop,34: Quahog"},"id":769},{"type":"Feature","geometry":{"type":"Polygon","coordinates":[[[-64.07006627035096,46.15760889777181],[-64.06730198667942,46.15680340462815],[-64.06630151341488,46.157492911876126],[-64.06826988674162,46.15806653778704],[-64.06956280882771,46.158443303930646],[-64.07006627035096,46.15760889777181]]]},"properties":{"SIZE_HA":"2.55","OBJECTID":"771","SITE_NUMBER":"MS-0550","AUTHORIZATION_TYPE":"Q09","AUTHORIZATION_HOLDER":"3213861 NOVA SCOTIA LIMITED","AUTHORIZATION_EXPIRY_DATE":"March 31, 2028","CULTIVATION_METHOD":"Bottom culture,Off-bottom culture,Suspended culture","SPECIES_CODE_DESCRIPTION":"2: American oyster"},"id":771},{"type":"Feature","geometry":{"type":"Polygon","coordinates":[[[-64.8697747983967,46.704837935398565],[-64.86708844284261,46.70457475486912],[-64.86787200962317,46.70591754027754],[-64.87055843564374,46.70618070281675],[-64.8697747983967,46.704837935398565]]]},"properties":{"SIZE_HA":"3.24","OBJECTID":"774","SITE_NUMBER":"MS-0999","AUTHORIZATION_TYPE":"Q09","AUTHORIZATION_HOLDER":"Jean-Marc Poirier","AUTHORIZATION_EXPIRY_DATE":"March 31, 2028","CULTIVATION_METHOD":"Bottom culture","SPECIES_CODE_DESCRIPTION":"2: American oyster,34: Quahog"},"id":774},{"type":"Feature","geometry":{"type":"Polygon","coordinates":[[[-64.95170373540932,47.33076739361883],[-64.95392316952118,47.33134591023693],[-64.95445342254979,47.3303994448116],[-64.9549968831078,47.329453153699355],[-64.95415638062993,47.329234987897586],[-64.95277751559308,47.32887465780238],[-64.95170373540932,47.33076739361883]]]},"properties":{"SIZE_HA":"4.05","OBJECTID":"779","SITE_NUMBER":"MS-0461","AUTHORIZATION_TYPE":"Q09","AUTHORIZATION_HOLDER":"James MacEachern","AUTHORIZATION_EXPIRY_DATE":"March 31, 2028","CULTIVATION_METHOD":"Bottom culture","SPECIES_CODE_DESCRIPTION":"2: American oyster"},"id":779},{"type":"Feature","geometry":{"type":"Polygon","coordinates":[[[-64.77802780572722,47.71128959517466],[-64.77806843012927,47.71132303102037],[-64.77973777160354,47.71268269943324],[-64.78374721954003,47.71104767700326],[-64.78203719936336,47.70965463076843],[-64.77802780572722,47.71128959517466]]]},"properties":{"SIZE_HA":"7.00","OBJECTID":"782","SITE_NUMBER":"MS-0598","AUTHORIZATION_TYPE":"Q09","AUTHORIZATION_HOLDER":"L'ETANG RUISSEAU BAR LIMITEE","AUTHORIZATION_EXPIRY_DATE":"March 31, 2028","CULTIVATION_METHOD":"Bottom culture,Off-bottom culture,Suspended culture","SPECIES_CODE_DESCRIPTION":"2: American oyster,7: Bar clam,34: Quahog,52: Soft shell clam"},"id":782},{"type":"Feature","geometry":{"type":"Polygon","coordinates":[[[-64.77260332876781,47.74025065104354],[-64.77445998470498,47.740970925330494],[-64.77501940013805,47.74058347448496],[-64.77316304443428,47.73985421849842],[-64.77260332876781,47.74025065104354]]]},"properties":{"SIZE_HA":"0.93","OBJECTID":"784","SITE_NUMBER":"MS-0469","AUTHORIZATION_TYPE":"Q09","AUTHORIZATION_HOLDER":"L'ETANG RUISSEAU BAR LIMITEE","AUTHORIZATION_EXPIRY_DATE":"March 31, 2028","CULTIVATION_METHOD":"Bottom culture,Off-bottom culture,Suspended culture","SPECIES_CODE_DESCRIPTION":"2: American oyster"},"id":784},{"type":"Feature","geometry":{"type":"Polygon","coordinates":[[[-64.67547872499443,46.505350274040275],[-64.67527924529622,46.50313356929279],[-64.6736218811911,46.50320609174085],[-64.67187304321861,46.50328612606243],[-64.6721018109529,46.505791243939456],[-64.67547872499443,46.505350274040275]]]},"properties":{"SIZE_HA":"6.91","OBJECTID":"786","SITE_NUMBER":"MS-1209","AUTHORIZATION_TYPE":"Q09","AUTHORIZATION_HOLDER":"Bouctouche Bay Oysters Inc.","AUTHORIZATION_EXPIRY_DATE":"March 31, 2029","CULTIVATION_METHOD":"Bottom culture,Off-bottom culture,Suspended culture","SPECIES_CODE_DESCRIPTION":"2: American oyster,7: Bar clam,34: Quahog"},"id":786},{"type":"Feature","geometry":{"type":"Polygon","coordinates":[[[-64.8751486495876,47.57437994377752],[-64.87555829572952,47.57402588287813],[-64.87596358075481,47.57424746224234],[-64.87765718158865,47.57276900265691],[-64.87634944468994,47.57206700642189],[-64.87583076849401,47.57250949297755],[-64.87556916935858,47.572370889103624],[-64.87439422921358,47.573406840630106],[-64.87388431801548,47.573129812656155],[-64.87347439168659,47.57349285918965],[-64.8751486495876,47.57437994377752]]]},"properties":{"SIZE_HA":"3.81","OBJECTID":"787","SITE_NUMBER":"MS-0342","AUTHORIZATION_TYPE":"Q09","AUTHORIZATION_HOLDER":"Stéphane McLaughlin","AUTHORIZATION_EXPIRY_DATE":"March 31, 2029","CULTIVATION_METHOD":"Bottom culture,Off-bottom culture,Suspended culture","SPECIES_CODE_DESCRIPTION":"2: American oyster,7: Bar clam,8: Bay scallop,34: Quahog"},"id":787},{"type":"Feature","geometry":{"type":"Polygon","coordinates":[[[-64.78193483011222,47.717829889883156],[-64.78202384771686,47.71837091253329],[-64.78470439592859,47.71832967437621],[-64.7846153508743,47.71778865360213],[-64.78193483011222,47.717829889883156]]]},"properties":{"SIZE_HA":"1.21","OBJECTID":"789","SITE_NUMBER":"MS-0500","AUTHORIZATION_TYPE":"Q09","AUTHORIZATION_HOLDER":"Omer Mallet","AUTHORIZATION_EXPIRY_DATE":"March 31, 2029","CULTIVATION_METHOD":"Bottom culture","SPECIES_CODE_DESCRIPTION":"2: American oyster"},"id":789},{"type":"Feature","geometry":{"type":"Polygon","coordinates":[[[-64.95549212606143,47.3260593153139],[-64.95752728538724,47.32659931353561],[-64.95811266862118,47.32557260431647],[-64.95404219688051,47.32450158530921],[-64.95346997312446,47.32552845111028],[-64.95438898636435,47.32577466237753],[-64.95549212606143,47.3260593153139]]]},"properties":{"SIZE_HA":"4.04","OBJECTID":"791","SITE_NUMBER":"MS-0406","AUTHORIZATION_TYPE":"Q09","AUTHORIZATION_HOLDER":"Edward LaTulippe","AUTHORIZATION_EXPIRY_DATE":"March 31, 2029","CULTIVATION_METHOD":"Bottom culture","SPECIES_CODE_DESCRIPTION":"2: American oyster,7: Bar clam"},"id":791},{"type":"Feature","geometry":{"type":"Polygon","coordinates":[[[-65.07225590134253,47.2265749959013],[-65.07313394068257,47.22781833206717],[-65.07322299506207,47.22794537957751],[-65.07455949244995,47.22735018563561],[-65.07449588055556,47.227259438134965],[-65.0736055764167,47.22597997621407],[-65.07225590134253,47.2265749959013]]]},"properties":{"SIZE_HA":"2.02","OBJECTID":"793","SITE_NUMBER":"MS-0593","AUTHORIZATION_TYPE":"Q09","AUTHORIZATION_HOLDER":"Martin Robichaud","AUTHORIZATION_EXPIRY_DATE":"March 31, 2029","CULTIVATION_METHOD":"Bottom culture","SPECIES_CODE_DESCRIPTION":"2: American oyster"},"id":793},{"type":"Feature","geometry":{"type":"Polygon","coordinates":[[[-65.07628995977113,47.2248526773414],[-65.07713157138845,47.22597858428074],[-65.07725904062352,47.22615108332064],[-65.07862232939617,47.22553818119716],[-65.07767986754779,47.22423111907904],[-65.07628995977113,47.2248526773414]]]},"properties":{"SIZE_HA":"2.02","OBJECTID":"795","SITE_NUMBER":"MS-0872","AUTHORIZATION_TYPE":"Q09","AUTHORIZATION_HOLDER":"Martin Robichaud","AUTHORIZATION_EXPIRY_DATE":"March 31, 2029","CULTIVATION_METHOD":"Bottom culture","SPECIES_CODE_DESCRIPTION":"2: American oyster"},"id":795},{"type":"Feature","geometry":{"type":"Polygon","coordinates":[[[-64.67453057108429,47.81245241047772],[-64.67571515342803,47.813334559629034],[-64.67601500649836,47.8131593780102],[-64.67691548811501,47.81260685836323],[-64.67573121331529,47.81171573121168],[-64.67453057108429,47.81245241047772]]]},"properties":{"SIZE_HA":"1.62","OBJECTID":"797","SITE_NUMBER":"MS-0228","AUTHORIZATION_TYPE":"Q09","AUTHORIZATION_HOLDER":"Mario L.. Chiasson","AUTHORIZATION_EXPIRY_DATE":"March 31, 2029","CULTIVATION_METHOD":"Bottom culture","SPECIES_CODE_DESCRIPTION":"2: American oyster"},"id":797},{"type":"Feature","geometry":{"type":"Polygon","coordinates":[[[-64.95264629549276,47.32883691409855],[-64.95277751559308,47.32887465780238],[-64.95415638062993,47.329234987897586],[-64.95474159754865,47.328217289604524],[-64.95748611327068,47.328937709697165],[-64.95809209668981,47.32674180314755],[-64.95752728538724,47.32659931353561],[-64.95549212606143,47.3260593153139],[-64.95438898636435,47.32577466237753],[-64.95264629549276,47.32883691409855]]]},"properties":{"SIZE_HA":"9.35","OBJECTID":"802","SITE_NUMBER":"MS-1264","AUTHORIZATION_TYPE":"Q09","AUTHORIZATION_HOLDER":"Ernest Robichaud","AUTHORIZATION_EXPIRY_DATE":"March 31, 2029","CULTIVATION_METHOD":"Bottom culture,Off-bottom culture,Suspended culture","SPECIES_CODE_DESCRIPTION":"2: American oyster,7: Bar clam,34: Quahog"},"id":802},{"type":"Feature","geometry":{"type":"Polygon","coordinates":[[[-64.83904787235625,46.703694928409845],[-64.83902145093411,46.70370354297784],[-64.83724650954348,46.704433594483106],[-64.83859823028777,46.705991769988294],[-64.83949907243262,46.70561793339589],[-64.83881651960651,46.704843254837876],[-64.83971734108704,46.704469416308136],[-64.83904787235625,46.703694928409845]]]},"properties":{"SIZE_HA":"2.43","OBJECTID":"804","SITE_NUMBER":"MS-0171","AUTHORIZATION_TYPE":"Q09","AUTHORIZATION_HOLDER":"Maurice Daigle et Alexis Daigle","AUTHORIZATION_EXPIRY_DATE":"March 31, 2029","CULTIVATION_METHOD":"Bottom culture,Off-bottom culture,Suspended culture","SPECIES_CODE_DESCRIPTION":"2: American oyster"},"id":804},{"type":"Feature","geometry":{"type":"Polygon","coordinates":[[[-64.88489213054926,47.495887070157245],[-64.88641327952489,47.496960169621794],[-64.88740899927848,47.495616365035715],[-64.88840575639772,47.49426294088563],[-64.88544073661501,47.49399666831119],[-64.88489213054926,47.495887070157245]]]},"properties":{"SIZE_HA":"5.00","OBJECTID":"806","SITE_NUMBER":"MS-1130","AUTHORIZATION_TYPE":"Q09","AUTHORIZATION_HOLDER":"Stéphane McLaughlin","AUTHORIZATION_EXPIRY_DATE":"March 31, 2030","CULTIVATION_METHOD":"Bottom culture,Off-bottom culture,Suspended culture","SPECIES_CODE_DESCRIPTION":"2: American oyster,8: Bay scallop"},"id":806},{"type":"Feature","geometry":{"type":"Polygon","coordinates":[[[-64.88874550416169,47.55914308773037],[-64.89035886257851,47.56115353187785],[-64.89185057601293,47.560607573937624],[-64.89023717707964,47.55859714998811],[-64.88874550416169,47.55914308773037]]]},"properties":{"SIZE_HA":"3.24","OBJECTID":"808","SITE_NUMBER":"MS-0468","AUTHORIZATION_TYPE":"Q09","AUTHORIZATION_HOLDER":"Mathieu LeBlanc","AUTHORIZATION_EXPIRY_DATE":"March 31, 2030","CULTIVATION_METHOD":"Bottom culture,Off-bottom culture,Suspended culture","SPECIES_CODE_DESCRIPTION":"2: American oyster"},"id":808},{"type":"Feature","geometry":{"type":"Polygon","coordinates":[[[-64.65317595838535,47.783600240223564],[-64.65721174592143,47.78230620971285],[-64.65763147231246,47.78289755678607],[-64.66057382532281,47.781954824852846],[-64.65904769833637,47.77979878068762],[-64.65794079327007,47.780158989575455],[-64.65753473696772,47.77955886509137],[-64.6516500890379,47.78144410175082],[-64.65317595838535,47.783600240223564]]]},"properties":{"SIZE_HA":"16.50","OBJECTID":"810","SITE_NUMBER":"MS-1268","AUTHORIZATION_TYPE":"Q09","AUTHORIZATION_HOLDER":"L2 - Recherche & Production Aquacole Inc.","AUTHORIZATION_EXPIRY_DATE":"March 31, 2030","CULTIVATION_METHOD":"Bottom culture","SPECIES_CODE_DESCRIPTION":"2: American oyster"},"id":810},{"type":"Feature","geometry":{"type":"Polygon","coordinates":[[[-63.88867595892011,46.154140020910766],[-63.88712625629245,46.15411997151206],[-63.886164358862004,46.15485245735177],[-63.885252332423676,46.15819496285816],[-63.8874600890221,46.1585964215592],[-63.8881866543851,46.1559335487578],[-63.88867595892011,46.154140020910766]]]},"properties":{"SIZE_HA":"8.26","OBJECTID":"812","SITE_NUMBER":"MS-1266","AUTHORIZATION_TYPE":"Q09","AUTHORIZATION_HOLDER":"Shawn A. Stright","AUTHORIZATION_EXPIRY_DATE":"March 31, 2031","CULTIVATION_METHOD":"Bottom culture","SPECIES_CODE_DESCRIPTION":"2: American oyster"},"id":812},{"type":"Feature","geometry":{"type":"Polygon","coordinates":[[[-64.95128637889371,47.34589780104791],[-64.95105093397623,47.345127379634405],[-64.94803141593356,47.346939694578886],[-64.94908453831852,47.347219503144366],[-64.95128637889371,47.34589780104791]]]},"properties":{"SIZE_HA":"2.00","OBJECTID":"813","SITE_NUMBER":"MS-1232","AUTHORIZATION_TYPE":"Q11","AUTHORIZATION_HOLDER":"Daniel Doiron","AUTHORIZATION_EXPIRY_DATE":"March 31, 2025","CULTIVATION_METHOD":"Bottom culture,Off-bottom culture,Suspended culture","SPECIES_CODE_DESCRIPTION":"2: American oyster"},"id":813},{"type":"Feature","geometry":{"type":"Polygon","coordinates":[[[-64.55512389926697,47.86913179713512],[-64.55632196308723,47.86926880356862],[-64.55641769393218,47.86848785107729],[-64.55663647026753,47.866548616813276],[-64.55543846748105,47.86641161392618],[-64.55512389926697,47.86913179713512]]]},"properties":{"SIZE_HA":"2.78","OBJECTID":"814","SITE_NUMBER":"MS-0400","AUTHORIZATION_TYPE":"Q09","AUTHORIZATION_HOLDER":"Damien Savoie","AUTHORIZATION_EXPIRY_DATE":"March 31, 2030","CULTIVATION_METHOD":"Bottom culture,Off-bottom culture,Suspended culture","SPECIES_CODE_DESCRIPTION":"2: American oyster"},"id":814},{"type":"Feature","geometry":{"type":"Polygon","coordinates":[[[-64.7719707575735,47.74246298111467],[-64.7721813698512,47.742547076223424],[-64.77275444219818,47.74215084488427],[-64.7708977686291,47.741430543464155],[-64.77032498529998,47.74181777510389],[-64.7719707575735,47.74246298111467]]]},"properties":{"SIZE_HA":"0.93","OBJECTID":"816","SITE_NUMBER":"MS-0482","AUTHORIZATION_TYPE":"Q09","AUTHORIZATION_HOLDER":"Roger Bulger","AUTHORIZATION_EXPIRY_DATE":"March 31, 2031","CULTIVATION_METHOD":"Bottom culture","SPECIES_CODE_DESCRIPTION":"2: American oyster"},"id":816},{"type":"Feature","geometry":{"type":"Polygon","coordinates":[[[-64.8893734471997,46.718278265434286],[-64.88759661237329,46.71819929974698],[-64.88749865558532,46.71841385952804],[-64.88532759399703,46.71883316700503],[-64.8857585072549,46.719738977283086],[-64.88713565008318,46.71918252926536],[-64.88735879238565,46.718717803718114],[-64.8891222996869,46.71880558305905],[-64.8893734471997,46.718278265434286]]]},"properties":{"SIZE_HA":"2.02","OBJECTID":"819","SITE_NUMBER":"MS-0026","AUTHORIZATION_TYPE":"Q09","AUTHORIZATION_HOLDER":"La Maison Beausoleil (2010) Inc.","AUTHORIZATION_EXPIRY_DATE":"March 31, 2031","CULTIVATION_METHOD":"Bottom culture","SPECIES_CODE_DESCRIPTION":"2: American oyster"},"id":819},{"type":"Feature","geometry":{"type":"Polygon","coordinates":[[[-64.86310306659956,46.70271840791424],[-64.8604657839438,46.70246305979967],[-64.86030339434879,46.70317540567224],[-64.86295062230933,46.703436027840475],[-64.86310306659956,46.70271840791424]]]},"properties":{"SIZE_HA":"1.62","OBJECTID":"821","SITE_NUMBER":"MS-0918","AUTHORIZATION_TYPE":"Q09","AUTHORIZATION_HOLDER":"La Maison Beausoleil (2010) Inc.","AUTHORIZATION_EXPIRY_DATE":"March 31, 2031","CULTIVATION_METHOD":"Bottom culture,Off-bottom culture,Suspended culture","SPECIES_CODE_DESCRIPTION":"2: American oyster"},"id":821},{"type":"Feature","geometry":{"type":"Polygon","coordinates":[[[-64.88532759399703,46.71883316700503],[-64.88026890901395,46.71913068831213],[-64.88010284949658,46.71943425375138],[-64.88159542970108,46.719833229110385],[-64.88029685978506,46.72213621930841],[-64.87667273769229,46.722138936553925],[-64.88168017379445,46.723568350552355],[-64.88351823927982,46.72028323997786],[-64.88532759399703,46.71883316700503]]]},"properties":{"SIZE_HA":"10.79","OBJECTID":"823","SITE_NUMBER":"MS-1168","AUTHORIZATION_TYPE":"Q09","AUTHORIZATION_HOLDER":"La Maison Beausoleil (2010) Inc.","AUTHORIZATION_EXPIRY_DATE":"March 31, 2031","CULTIVATION_METHOD":"Bottom culture,Off-bottom culture,Suspended culture","SPECIES_CODE_DESCRIPTION":"2: American oyster"},"id":823},{"type":"Feature","geometry":{"type":"Polygon","coordinates":[[[-64.83021128064004,46.70481717205553],[-64.82908710752805,46.70352314081424],[-64.82638471464743,46.70463538980236],[-64.82750884560579,46.70592944698386],[-64.83021128064004,46.70481717205553]]]},"properties":{"SIZE_HA":"4.05","OBJECTID":"825","SITE_NUMBER":"MS-1262","AUTHORIZATION_TYPE":"Q09","AUTHORIZATION_HOLDER":"Esmond Vautour","AUTHORIZATION_EXPIRY_DATE":"March 31, 2032","CULTIVATION_METHOD":"Bottom culture","SPECIES_CODE_DESCRIPTION":"2: American oyster"},"id":825},{"type":"Feature","geometry":{"type":"Polygon","coordinates":[[[-64.61116066249438,46.376081077272644],[-64.61118425747166,46.375397593930636],[-64.60642811091971,46.37533683534246],[-64.60641713872336,46.37602952586767],[-64.61116066249438,46.376081077272644]]]},"properties":{"SIZE_HA":"2.75","OBJECTID":"826","SITE_NUMBER":"MS-1183","AUTHORIZATION_TYPE":"Q09","AUTHORIZATION_HOLDER":"Donald Hébert","AUTHORIZATION_EXPIRY_DATE":"March 31, 2031","CULTIVATION_METHOD":"Bottom culture","SPECIES_CODE_DESCRIPTION":"2: American oyster"},"id":826},{"type":"Feature","geometry":{"type":"Polygon","coordinates":[[[-64.94367182716734,47.34301075202266],[-64.94389712974196,47.34258765370506],[-64.93760470525643,47.34124193052569],[-64.93236509434351,47.34182324796503],[-64.93243929000452,47.34263515019603],[-64.93748591567987,47.342075324813926],[-64.94367182716734,47.34301075202266]]]},"properties":{"SIZE_HA":"7.00","OBJECTID":"828","SITE_NUMBER":"MS-1275","AUTHORIZATION_TYPE":"Q09","AUTHORIZATION_HOLDER":"Denis N.. Thibodeau","AUTHORIZATION_EXPIRY_DATE":"March 31, 2031","CULTIVATION_METHOD":"Bottom culture,Off-bottom culture,Suspended culture","SPECIES_CODE_DESCRIPTION":"2: American oyster,9: Blue mussel"},"id":828},{"type":"Feature","geometry":{"type":"Polygon","coordinates":[[[-64.72507466528786,47.75181965250182],[-64.72204264254526,47.751587341875705],[-64.72132884433329,47.75319864182586],[-64.72409361031218,47.75403403888294],[-64.72507466528786,47.75181965250182]]]},"properties":{"SIZE_HA":"5.00","OBJECTID":"829","SITE_NUMBER":"MS-1257","AUTHORIZATION_TYPE":"Q09","AUTHORIZATION_HOLDER":"Victor Aquaculture Inc.","AUTHORIZATION_EXPIRY_DATE":"March 31, 2031","CULTIVATION_METHOD":"Bottom culture,Off-bottom culture,Suspended culture","SPECIES_CODE_DESCRIPTION":"2: American oyster"},"id":829},{"type":"Feature","geometry":{"type":"Polygon","coordinates":[[[-64.83409411048586,46.70785185161723],[-64.83272912417345,46.70630242741763],[-64.83184102172626,46.70668539413887],[-64.83115856568497,46.70591067077346],[-64.82845609497434,46.7070229675585],[-64.82980762524964,46.708581244674285],[-64.83251042328988,46.707459923226345],[-64.83319291794139,46.70823463854897],[-64.83409411048586,46.70785185161723]]]},"properties":{"SIZE_HA":"6.47","OBJECTID":"831","SITE_NUMBER":"MS-0738","AUTHORIZATION_TYPE":"Q09","AUTHORIZATION_HOLDER":"Gérald Hébert","AUTHORIZATION_EXPIRY_DATE":"March 31, 2031","CULTIVATION_METHOD":"Bottom culture,Off-bottom culture,Suspended culture","SPECIES_CODE_DESCRIPTION":"2: American oyster"},"id":831},{"type":"Feature","geometry":{"type":"Polygon","coordinates":[[[-65.06827707751746,47.24496754327627],[-65.07050023724057,47.24581377415624],[-65.07095095436017,47.24526160932978],[-65.06872781026057,47.24441538709475],[-65.06827707751746,47.24496754327627]]]},"properties":{"SIZE_HA":"1.34","OBJECTID":"832","SITE_NUMBER":"MS-0813","AUTHORIZATION_TYPE":"Q09","AUTHORIZATION_HOLDER":"Raoul Breault","AUTHORIZATION_EXPIRY_DATE":"March 31, 2031","CULTIVATION_METHOD":"Bottom culture","SPECIES_CODE_DESCRIPTION":"2: American oyster"},"id":832},{"type":"Feature","geometry":{"type":"Polygon","coordinates":[[[-65.05021754122582,47.25911747104876],[-65.05041767117154,47.25953380432625],[-65.05183641811831,47.258868027974046],[-65.05141058891681,47.25800805654742],[-65.0499917275933,47.258673826260555],[-65.05021754122582,47.25911747104876]]]},"properties":{"SIZE_HA":"1.21","OBJECTID":"834","SITE_NUMBER":"MS-0656","AUTHORIZATION_TYPE":"Q09","AUTHORIZATION_HOLDER":"Philippe Breau","AUTHORIZATION_EXPIRY_DATE":"March 31, 2027","CULTIVATION_METHOD":"Bottom culture","SPECIES_CODE_DESCRIPTION":"2: American oyster"},"id":834}]}